StyleCode,Variant1_Option_Code,Variant2_Option_Code,Variant3_Option_Code,Variant4_Option_Code,Variant5_Option_Code,USD_Price
AAE00259H,09,MT,,,,210
AAE00259H,09,12,,,,590
AAE00259H,09,13,,,,555
AAE00259H,09,14,,,,530
AAE00259H,09,15,,,,515
AAE00259H,09,16,,,,495
AAE00259H,09,23,,,,495
AAE00259H,09,LG,,,,325
AAE00259H,14,MT,,,,375
AAE00259H,14,12,,,,755
AAE00259H,14,13,,,,720
AAE00259H,14,14,,,,695
AAE00259H,14,15,,,,680
AAE00259H,14,16,,,,660
AAE00259H,14,23,,,,655
AAE00259H,14,LG,,,,485
AAE00259H,18,MT,,,,545
AAE00259H,18,12,,,,925
AAE00259H,18,13,,,,890
AAE00259H,18,14,,,,865
AAE00259H,18,15,,,,850
AAE00259H,18,16,,,,830
AAE00259H,18,23,,,,830
AAE00259H,18,LG,,,,660
AAE00259H,PLAT,MT,,,,445
AAE00259H,PLAT,12,,,,825
AAE00259H,PLAT,13,,,,790
AAE00259H,PLAT,14,,,,765
AAE00259H,PLAT,15,,,,750
AAE00259H,PLAT,16,,,,730
AAE00259H,PLAT,23,,,,725
AAE00259H,PLAT,LG,,,,555
AAE01155B,09,MT,,,,95
AAE01155B,09,12,,,,170
AAE01155B,09,13,,,,165
AAE01155B,09,14,,,,165
AAE01155B,09,15,,,,160
AAE01155B,09,16,,,,155
AAE01155B,09,23,,,,155
AAE01155B,09,LG,,,,125
AAE01155B,14,MT,,,,160
AAE01155B,14,12,,,,230
AAE01155B,14,13,,,,230
AAE01155B,14,14,,,,225
AAE01155B,14,15,,,,225
AAE01155B,14,16,,,,220
AAE01155B,14,23,,,,220
AAE01155B,14,LG,,,,190
AAE01155B,18,MT,,,,225
AAE01155B,18,12,,,,300
AAE01155B,18,13,,,,295
AAE01155B,18,14,,,,290
AAE01155B,18,15,,,,290
AAE01155B,18,16,,,,285
AAE01155B,18,23,,,,285
AAE01155B,18,LG,,,,255
AAE01155B,PLAT,MT,,,,185
AAE01155B,PLAT,12,,,,260
AAE01155B,PLAT,13,,,,255
AAE01155B,PLAT,14,,,,255
AAE01155B,PLAT,15,,,,250
AAE01155B,PLAT,16,,,,245
AAE01155B,PLAT,23,,,,245
AAE01155B,PLAT,LG,,,,215
AAE01156B,09,MT,,,,85
AAE01156B,09,12,,,,150
AAE01156B,09,13,,,,145
AAE01156B,09,14,,,,140
AAE01156B,09,15,,,,140
AAE01156B,09,16,,,,135
AAE01156B,09,23,,,,135
AAE01156B,09,LG,,,,105
AAE01156B,14,MT,,,,135
AAE01156B,14,12,,,,200
AAE01156B,14,13,,,,195
AAE01156B,14,14,,,,195
AAE01156B,14,15,,,,190
AAE01156B,14,16,,,,190
AAE01156B,14,23,,,,190
AAE01156B,14,LG,,,,160
AAE01156B,18,MT,,,,185
AAE01156B,18,12,,,,255
AAE01156B,18,13,,,,250
AAE01156B,18,14,,,,245
AAE01156B,18,15,,,,245
AAE01156B,18,16,,,,240
AAE01156B,18,23,,,,240
AAE01156B,18,LG,,,,210
AAE01156B,PLAT,MT,,,,155
AAE01156B,PLAT,12,,,,220
AAE01156B,PLAT,13,,,,220
AAE01156B,PLAT,14,,,,215
AAE01156B,PLAT,15,,,,215
AAE01156B,PLAT,16,,,,210
AAE01156B,PLAT,23,,,,210
AAE01156B,PLAT,LG,,,,180
AAE04895D,09,MT,,,,145
AAE04895D,09,12,,,,230
AAE04895D,09,13,,,,220
AAE04895D,09,14,,,,215
AAE04895D,09,15,,,,215
AAE04895D,09,16,,,,210
AAE04895D,09,23,,,,210
AAE04895D,09,LG,,,,175
AAE04895D,14,MT,,,,255
AAE04895D,14,12,,,,335
AAE04895D,14,13,,,,330
AAE04895D,14,14,,,,325
AAE04895D,14,15,,,,320
AAE04895D,14,16,,,,315
AAE04895D,14,23,,,,315
AAE04895D,14,LG,,,,280
AAE04895D,18,MT,,,,365
AAE04895D,18,12,,,,450
AAE04895D,18,13,,,,440
AAE04895D,18,14,,,,435
AAE04895D,18,15,,,,435
AAE04895D,18,16,,,,430
AAE04895D,18,23,,,,430
AAE04895D,18,LG,,,,395
AAE04895D,PLAT,MT,,,,300
AAE04895D,PLAT,12,,,,385
AAE04895D,PLAT,13,,,,375
AAE04895D,PLAT,14,,,,370
AAE04895D,PLAT,15,,,,365
AAE04895D,PLAT,16,,,,360
AAE04895D,PLAT,23,,,,360
AAE04895D,PLAT,LG,,,,325
AAE07278D,09,MT,,,,185
AAE07278D,09,12,,,,335
AAE07278D,09,13,,,,325
AAE07278D,09,14,,,,320
AAE07278D,09,15,,,,315
AAE07278D,09,16,,,,310
AAE07278D,09,23,,,,310
AAE07278D,09,LG,,,,250
AAE07278D,14,MT,,,,330
AAE07278D,14,12,,,,475
AAE07278D,14,13,,,,470
AAE07278D,14,14,,,,460
AAE07278D,14,15,,,,460
AAE07278D,14,16,,,,450
AAE07278D,14,23,,,,450
AAE07278D,14,LG,,,,395
AAE07278D,18,MT,,,,475
AAE07278D,18,12,,,,625
AAE07278D,18,13,,,,615
AAE07278D,18,14,,,,610
AAE07278D,18,15,,,,610
AAE07278D,18,16,,,,600
AAE07278D,18,23,,,,600
AAE07278D,18,LG,,,,540
AAE07278D,PLAT,MT,,,,390
AAE07278D,PLAT,12,,,,540
AAE07278D,PLAT,13,,,,530
AAE07278D,PLAT,14,,,,525
AAE07278D,PLAT,15,,,,520
AAE07278D,PLAT,16,,,,515
AAE07278D,PLAT,23,,,,515
AAE07278D,PLAT,LG,,,,455
AAE11865F,09,MT,,,,155
AAE11865F,09,12,,,,265
AAE11865F,09,13,,,,260
AAE11865F,09,14,,,,255
AAE11865F,09,15,,,,255
AAE11865F,09,16,,,,250
AAE11865F,09,23,,,,250
AAE11865F,09,LG,,,,220
AAE11865F,14,MT,,,,270
AAE11865F,14,12,,,,385
AAE11865F,14,13,,,,375
AAE11865F,14,14,,,,370
AAE11865F,14,15,,,,370
AAE11865F,14,16,,,,365
AAE11865F,14,23,,,,365
AAE11865F,14,LG,,,,340
AAE11865F,18,MT,,,,395
AAE11865F,18,12,,,,505
AAE11865F,18,13,,,,500
AAE11865F,18,14,,,,495
AAE11865F,18,15,,,,490
AAE11865F,18,16,,,,490
AAE11865F,18,23,,,,490
AAE11865F,18,LG,,,,460
AAE11865F,PLAT,MT,,,,320
AAE11865F,PLAT,12,,,,435
AAE11865F,PLAT,13,,,,425
AAE11865F,PLAT,14,,,,420
AAE11865F,PLAT,15,,,,420
AAE11865F,PLAT,16,,,,415
AAE11865F,PLAT,23,,,,415
AAE11865F,PLAT,LG,,,,390
AAE12519C,09,MT,,,,180
AAE12519C,09,12,,,,245
AAE12519C,09,13,,,,240
AAE12519C,09,14,,,,235
AAE12519C,09,15,,,,230
AAE12519C,09,16,,,,230
AAE12519C,09,23,,,,230
AAE12519C,09,LG,,,,200
AAE12519C,14,MT,,,,315
AAE12519C,14,12,,,,380
AAE12519C,14,13,,,,375
AAE12519C,14,14,,,,370
AAE12519C,14,15,,,,370
AAE12519C,14,16,,,,365
AAE12519C,14,23,,,,365
AAE12519C,14,LG,,,,335
AAE12519C,18,MT,,,,460
AAE12519C,18,12,,,,525
AAE12519C,18,13,,,,515
AAE12519C,18,14,,,,515
AAE12519C,18,15,,,,510
AAE12519C,18,16,,,,505
AAE12519C,18,23,,,,505
AAE12519C,18,LG,,,,480
AAE12519C,PLAT,MT,,,,375
AAE12519C,PLAT,12,,,,440
AAE12519C,PLAT,13,,,,435
AAE12519C,PLAT,14,,,,430
AAE12519C,PLAT,15,,,,425
AAE12519C,PLAT,16,,,,425
AAE12519C,PLAT,23,,,,425
AAE12519C,PLAT,LG,,,,395
AAN01154C,09,MT,,,,135
AAN01154C,09,12,,,,220
AAN01154C,09,13,,,,215
AAN01154C,09,14,,,,205
AAN01154C,09,15,,,,200
AAN01154C,09,16,,,,195
AAN01154C,09,23,,,,195
AAN01154C,09,LG,,,,155
AAN01154C,14,MT,,,,230
AAN01154C,14,12,,,,320
AAN01154C,14,13,,,,310
AAN01154C,14,14,,,,300
AAN01154C,14,15,,,,300
AAN01154C,14,16,,,,290
AAN01154C,14,23,,,,290
AAN01154C,14,LG,,,,250
AAN01154C,18,MT,,,,335
AAN01154C,18,12,,,,420
AAN01154C,18,13,,,,410
AAN01154C,18,14,,,,405
AAN01154C,18,15,,,,400
AAN01154C,18,16,,,,395
AAN01154C,18,23,,,,395
AAN01154C,18,LG,,,,355
AAN01154C,PLAT,MT,,,,275
AAN01154C,PLAT,12,,,,360
AAN01154C,PLAT,13,,,,350
AAN01154C,PLAT,14,,,,345
AAN01154C,PLAT,15,,,,340
AAN01154C,PLAT,16,,,,335
AAN01154C,PLAT,23,,,,335
AAN01154C,PLAT,LG,,,,295
AAN01155D,09,MT,,,,145
AAN01155D,09,12,,,,250
AAN01155D,09,13,,,,240
AAN01155D,09,14,,,,235
AAN01155D,09,15,,,,230
AAN01155D,09,16,,,,225
AAN01155D,09,23,,,,225
AAN01155D,09,LG,,,,175
AAN01155D,14,MT,,,,255
AAN01155D,14,12,,,,360
AAN01155D,14,13,,,,350
AAN01155D,14,14,,,,340
AAN01155D,14,15,,,,340
AAN01155D,14,16,,,,330
AAN01155D,14,23,,,,330
AAN01155D,14,LG,,,,280
AAN01155D,18,MT,,,,370
AAN01155D,18,12,,,,470
AAN01155D,18,13,,,,465
AAN01155D,18,14,,,,455
AAN01155D,18,15,,,,450
AAN01155D,18,16,,,,445
AAN01155D,18,23,,,,445
AAN01155D,18,LG,,,,395
AAN01155D,PLAT,MT,,,,300
AAN01155D,PLAT,12,,,,405
AAN01155D,PLAT,13,,,,395
AAN01155D,PLAT,14,,,,390
AAN01155D,PLAT,15,,,,385
AAN01155D,PLAT,16,,,,380
AAN01155D,PLAT,23,,,,380
AAN01155D,PLAT,LG,,,,330
AAN01156D,09,MT,,,,140
AAN01156D,09,12,,,,230
AAN01156D,09,13,,,,220
AAN01156D,09,14,,,,215
AAN01156D,09,15,,,,215
AAN01156D,09,16,,,,210
AAN01156D,09,23,,,,205
AAN01156D,09,LG,,,,165
AAN01156D,14,MT,,,,245
AAN01156D,14,12,,,,335
AAN01156D,14,13,,,,325
AAN01156D,14,14,,,,320
AAN01156D,14,15,,,,320
AAN01156D,14,16,,,,310
AAN01156D,14,23,,,,310
AAN01156D,14,LG,,,,270
AAN01156D,18,MT,,,,355
AAN01156D,18,12,,,,445
AAN01156D,18,13,,,,435
AAN01156D,18,14,,,,430
AAN01156D,18,15,,,,425
AAN01156D,18,16,,,,420
AAN01156D,18,23,,,,420
AAN01156D,18,LG,,,,380
AAN01156D,PLAT,MT,,,,290
AAN01156D,PLAT,12,,,,380
AAN01156D,PLAT,13,,,,370
AAN01156D,PLAT,14,,,,365
AAN01156D,PLAT,15,,,,360
AAN01156D,PLAT,16,,,,355
AAN01156D,PLAT,23,,,,355
AAN01156D,PLAT,LG,,,,315
AAP00256E,09,MT,,,,80
AAP00256E,09,12,,,,215
AAP00256E,09,13,,,,200
AAP00256E,09,14,,,,190
AAP00256E,09,15,,,,185
AAP00256E,09,16,,,,180
AAP00256E,09,23,,,,180
AAP00256E,09,LG,,,,115
AAP00256E,14,MT,,,,135
AAP00256E,14,12,,,,265
AAP00256E,14,13,,,,250
AAP00256E,14,14,,,,240
AAP00256E,14,15,,,,240
AAP00256E,14,16,,,,230
AAP00256E,14,23,,,,230
AAP00256E,14,LG,,,,170
AAP00256E,18,MT,,,,185
AAP00256E,18,12,,,,315
AAP00256E,18,13,,,,305
AAP00256E,18,14,,,,295
AAP00256E,18,15,,,,290
AAP00256E,18,16,,,,285
AAP00256E,18,23,,,,280
AAP00256E,18,LG,,,,220
AAP00256E,PLAT,MT,,,,155
AAP00256E,PLAT,12,,,,285
AAP00256E,PLAT,13,,,,275
AAP00256E,PLAT,14,,,,265
AAP00256E,PLAT,15,,,,260
AAP00256E,PLAT,16,,,,250
AAP00256E,PLAT,23,,,,250
AAP00256E,PLAT,LG,,,,190
AAP00257C,09,MT,,,,65
AAP00257C,09,12,,,,170
AAP00257C,09,13,,,,160
AAP00257C,09,14,,,,150
AAP00257C,09,15,,,,145
AAP00257C,09,16,,,,140
AAP00257C,09,23,,,,140
AAP00257C,09,LG,,,,90
AAP00257C,14,MT,,,,100
AAP00257C,14,12,,,,205
AAP00257C,14,13,,,,195
AAP00257C,14,14,,,,185
AAP00257C,14,15,,,,180
AAP00257C,14,16,,,,175
AAP00257C,14,23,,,,175
AAP00257C,14,LG,,,,125
AAP00257C,18,MT,,,,140
AAP00257C,18,12,,,,245
AAP00257C,18,13,,,,235
AAP00257C,18,14,,,,225
AAP00257C,18,15,,,,220
AAP00257C,18,16,,,,215
AAP00257C,18,23,,,,215
AAP00257C,18,LG,,,,165
AAP00257C,PLAT,MT,,,,120
AAP00257C,PLAT,12,,,,220
AAP00257C,PLAT,13,,,,210
AAP00257C,PLAT,14,,,,200
AAP00257C,PLAT,15,,,,200
AAP00257C,PLAT,16,,,,190
AAP00257C,PLAT,23,,,,190
AAP00257C,PLAT,LG,,,,145
AAP06025F,09,MT,,,,105
AAP06025F,09,12,,,,285
AAP06025F,09,13,,,,270
AAP06025F,09,14,,,,255
AAP06025F,09,15,,,,250
AAP06025F,09,16,,,,240
AAP06025F,09,23,,,,230
AAP06025F,09,LG,,,,150
AAP06025F,14,MT,,,,175
AAP06025F,14,12,,,,355
AAP06025F,14,13,,,,340
AAP06025F,14,14,,,,325
AAP06025F,14,15,,,,320
AAP06025F,14,16,,,,310
AAP06025F,14,23,,,,300
AAP06025F,14,LG,,,,220
AAP06025F,18,MT,,,,245
AAP06025F,18,12,,,,425
AAP06025F,18,13,,,,410
AAP06025F,18,14,,,,400
AAP06025F,18,15,,,,395
AAP06025F,18,16,,,,385
AAP06025F,18,23,,,,375
AAP06025F,18,LG,,,,295
AAP06025F,PLAT,MT,,,,205
AAP06025F,PLAT,12,,,,385
AAP06025F,PLAT,13,,,,370
AAP06025F,PLAT,14,,,,355
AAP06025F,PLAT,15,,,,350
AAP06025F,PLAT,16,,,,340
AAP06025F,PLAT,23,,,,330
AAP06025F,PLAT,LG,,,,250
AAR00023H,09,MT,,,,220
AAR00023H,09,12,,,,635
AAR00023H,09,13,,,,600
AAR00023H,09,14,,,,570
AAR00023H,09,15,,,,560
AAR00023H,09,16,,,,535
AAR00023H,09,23,,,,525
AAR00023H,09,LG,,,,305
AAR00023H,14,MT,,,,395
AAR00023H,14,12,,,,810
AAR00023H,14,13,,,,775
AAR00023H,14,14,,,,745
AAR00023H,14,15,,,,735
AAR00023H,14,16,,,,710
AAR00023H,14,23,,,,700
AAR00023H,14,LG,,,,480
AAR00023H,18,MT,,,,580
AAR00023H,18,12,,,,995
AAR00023H,18,13,,,,955
AAR00023H,18,14,,,,930
AAR00023H,18,15,,,,920
AAR00023H,18,16,,,,895
AAR00023H,18,23,,,,880
AAR00023H,18,LG,,,,660
AAR00023H,PLAT,MT,,,,470
AAR00023H,PLAT,12,,,,885
AAR00023H,PLAT,13,,,,850
AAR00023H,PLAT,14,,,,820
AAR00023H,PLAT,15,,,,810
AAR00023H,PLAT,16,,,,785
AAR00023H,PLAT,23,,,,775
AAR00023H,PLAT,LG,,,,555
AAR00024H,09,MT,,,,235
AAR00024H,09,12,,,,580
AAR00024H,09,13,,,,550
AAR00024H,09,14,,,,530
AAR00024H,09,15,,,,520
AAR00024H,09,16,,,,500
AAR00024H,09,23,,,,480
AAR00024H,09,LG,,,,325
AAR00024H,14,MT,,,,420
AAR00024H,14,12,,,,770
AAR00024H,14,13,,,,740
AAR00024H,14,14,,,,715
AAR00024H,14,15,,,,705
AAR00024H,14,16,,,,685
AAR00024H,14,23,,,,670
AAR00024H,14,LG,,,,515
AAR00024H,18,MT,,,,615
AAR00024H,18,12,,,,965
AAR00024H,18,13,,,,935
AAR00024H,18,14,,,,910
AAR00024H,18,15,,,,900
AAR00024H,18,16,,,,880
AAR00024H,18,23,,,,865
AAR00024H,18,LG,,,,710
AAR00024H,PLAT,MT,,,,500
AAR00024H,PLAT,12,,,,850
AAR00024H,PLAT,13,,,,820
AAR00024H,PLAT,14,,,,795
AAR00024H,PLAT,15,,,,785
AAR00024H,PLAT,16,,,,765
AAR00024H,PLAT,23,,,,750
AAR00024H,PLAT,LG,,,,595
AAR00028H,09,MT,,,,235
AAR00028H,09,12,,,,670
AAR00028H,09,13,,,,635
AAR00028H,09,14,,,,605
AAR00028H,09,15,,,,595
AAR00028H,09,16,,,,565
AAR00028H,09,23,,,,555
AAR00028H,09,LG,,,,315
AAR00028H,14,MT,,,,420
AAR00028H,14,12,,,,860
AAR00028H,14,13,,,,820
AAR00028H,14,14,,,,790
AAR00028H,14,15,,,,780
AAR00028H,14,16,,,,755
AAR00028H,14,23,,,,740
AAR00028H,14,LG,,,,505
AAR00028H,18,MT,,,,615
AAR00028H,18,12,,,,1055
AAR00028H,18,13,,,,1015
AAR00028H,18,14,,,,985
AAR00028H,18,15,,,,975
AAR00028H,18,16,,,,950
AAR00028H,18,23,,,,935
AAR00028H,18,LG,,,,700
AAR00028H,PLAT,MT,,,,500
AAR00028H,PLAT,12,,,,940
AAR00028H,PLAT,13,,,,900
AAR00028H,PLAT,14,,,,870
AAR00028H,PLAT,15,,,,860
AAR00028H,PLAT,16,,,,835
AAR00028H,PLAT,23,,,,820
AAR00028H,PLAT,LG,,,,585
AAR00258EE,09,MT,,,,200
AAR00258EE,09,12,,,,340
AAR00258EE,09,13,,,,330
AAR00258EE,09,14,,,,320
AAR00258EE,09,15,,,,315
AAR00258EE,09,16,,,,305
AAR00258EE,09,23,,,,305
AAR00258EE,09,LG,,,,240
AAR00258EE,14,MT,,,,355
AAR00258EE,14,12,,,,495
AAR00258EE,14,13,,,,485
AAR00258EE,14,14,,,,475
AAR00258EE,14,15,,,,470
AAR00258EE,14,16,,,,465
AAR00258EE,14,23,,,,465
AAR00258EE,14,LG,,,,395
AAR00258EE,18,MT,,,,520
AAR00258EE,18,12,,,,660
AAR00258EE,18,13,,,,650
AAR00258EE,18,14,,,,640
AAR00258EE,18,15,,,,635
AAR00258EE,18,16,,,,625
AAR00258EE,18,23,,,,625
AAR00258EE,18,LG,,,,560
AAR00258EE,PLAT,MT,,,,425
AAR00258EE,PLAT,12,,,,565
AAR00258EE,PLAT,13,,,,555
AAR00258EE,PLAT,14,,,,545
AAR00258EE,PLAT,15,,,,540
AAR00258EE,PLAT,16,,,,530
AAR00258EE,PLAT,23,,,,530
AAR00258EE,PLAT,LG,,,,465
AAR00259GE,09,MT,,,,325
AAR00259GE,09,12,,,,615
AAR00259GE,09,13,,,,595
AAR00259GE,09,14,,,,575
AAR00259GE,09,15,,,,570
AAR00259GE,09,16,,,,550
AAR00259GE,09,23,,,,545
AAR00259GE,09,LG,,,,410
AAR00259GE,14,MT,,,,590
AAR00259GE,14,12,,,,885
AAR00259GE,14,13,,,,860
AAR00259GE,14,14,,,,845
AAR00259GE,14,15,,,,835
AAR00259GE,14,16,,,,820
AAR00259GE,14,23,,,,810
AAR00259GE,14,LG,,,,675
AAR00259GE,18,MT,,,,870
AAR00259GE,18,12,,,,1160
AAR00259GE,18,13,,,,1140
AAR00259GE,18,14,,,,1120
AAR00259GE,18,15,,,,1115
AAR00259GE,18,16,,,,1100
AAR00259GE,18,23,,,,1090
AAR00259GE,18,LG,,,,955
AAR00259GE,PLAT,MT,,,,705
AAR00259GE,PLAT,12,,,,1000
AAR00259GE,PLAT,13,,,,975
AAR00259GE,PLAT,14,,,,960
AAR00259GE,PLAT,15,,,,950
AAR00259GE,PLAT,16,,,,935
AAR00259GE,PLAT,23,,,,925
AAR00259GE,PLAT,LG,,,,790
AAR00260C,09,MT,,,,135
AAR00260C,09,12,,,,225
AAR00260C,09,13,,,,215
AAR00260C,09,14,,,,205
AAR00260C,09,15,,,,205
AAR00260C,09,16,,,,200
AAR00260C,09,23,,,,200
AAR00260C,09,LG,,,,155
AAR00260C,14,MT,,,,235
AAR00260C,14,12,,,,325
AAR00260C,14,13,,,,315
AAR00260C,14,14,,,,305
AAR00260C,14,15,,,,305
AAR00260C,14,16,,,,295
AAR00260C,14,23,,,,295
AAR00260C,14,LG,,,,255
AAR00260C,18,MT,,,,340
AAR00260C,18,12,,,,430
AAR00260C,18,13,,,,420
AAR00260C,18,14,,,,410
AAR00260C,18,15,,,,405
AAR00260C,18,16,,,,400
AAR00260C,18,23,,,,400
AAR00260C,18,LG,,,,360
AAR00260C,PLAT,MT,,,,280
AAR00260C,PLAT,12,,,,365
AAR00260C,PLAT,13,,,,360
AAR00260C,PLAT,14,,,,350
AAR00260C,PLAT,15,,,,345
AAR00260C,PLAT,16,,,,340
AAR00260C,PLAT,23,,,,340
AAR00260C,PLAT,LG,,,,300
AAR00269FE,09,MT,,,,165
AAR00269FE,09,12,,,,385
AAR00269FE,09,13,,,,365
AAR00269FE,09,14,,,,350
AAR00269FE,09,15,,,,340
AAR00269FE,09,16,,,,330
AAR00269FE,09,23,,,,330
AAR00269FE,09,LG,,,,230
AAR00269FE,14,MT,,,,285
AAR00269FE,14,12,,,,505
AAR00269FE,14,13,,,,485
AAR00269FE,14,14,,,,470
AAR00269FE,14,15,,,,465
AAR00269FE,14,16,,,,450
AAR00269FE,14,23,,,,450
AAR00269FE,14,LG,,,,350
AAR00269FE,18,MT,,,,415
AAR00269FE,18,12,,,,635
AAR00269FE,18,13,,,,615
AAR00269FE,18,14,,,,600
AAR00269FE,18,15,,,,590
AAR00269FE,18,16,,,,580
AAR00269FE,18,23,,,,580
AAR00269FE,18,LG,,,,480
AAR00269FE,PLAT,MT,,,,340
AAR00269FE,PLAT,12,,,,560
AAR00269FE,PLAT,13,,,,540
AAR00269FE,PLAT,14,,,,525
AAR00269FE,PLAT,15,,,,515
AAR00269FE,PLAT,16,,,,505
AAR00269FE,PLAT,23,,,,505
AAR00269FE,PLAT,LG,,,,405
AAR00330HE,09,MT,,,,260
AAR00330HE,09,12,,,,380
AAR00330HE,09,13,,,,375
AAR00330HE,09,14,,,,365
AAR00330HE,09,15,,,,365
AAR00330HE,09,16,,,,355
AAR00330HE,09,23,,,,355
AAR00330HE,09,LG,,,,290
AAR00330HE,14,MT,,,,470
AAR00330HE,14,12,,,,590
AAR00330HE,14,13,,,,585
AAR00330HE,14,14,,,,575
AAR00330HE,14,15,,,,575
AAR00330HE,14,16,,,,565
AAR00330HE,14,23,,,,565
AAR00330HE,14,LG,,,,500
AAR00330HE,18,MT,,,,690
AAR00330HE,18,12,,,,810
AAR00330HE,18,13,,,,805
AAR00330HE,18,14,,,,795
AAR00330HE,18,15,,,,790
AAR00330HE,18,16,,,,785
AAR00330HE,18,23,,,,785
AAR00330HE,18,LG,,,,720
AAR00330HE,PLAT,MT,,,,560
AAR00330HE,PLAT,12,,,,680
AAR00330HE,PLAT,13,,,,675
AAR00330HE,PLAT,14,,,,665
AAR00330HE,PLAT,15,,,,665
AAR00330HE,PLAT,16,,,,655
AAR00330HE,PLAT,23,,,,655
AAR00330HE,PLAT,LG,,,,590
AAR00341DE,09,MT,,,,200
AAR00341DE,09,12,,,,365
AAR00341DE,09,13,,,,360
AAR00341DE,09,14,,,,355
AAR00341DE,09,15,,,,355
AAR00341DE,09,16,,,,355
AAR00341DE,09,23,,,,355
AAR00341DE,09,LG,,,,255
AAR00341DE,14,MT,,,,360
AAR00341DE,14,12,,,,520
AAR00341DE,14,13,,,,515
AAR00341DE,14,14,,,,515
AAR00341DE,14,15,,,,515
AAR00341DE,14,16,,,,510
AAR00341DE,14,23,,,,510
AAR00341DE,14,LG,,,,415
AAR00341DE,18,MT,,,,525
AAR00341DE,18,12,,,,685
AAR00341DE,18,13,,,,680
AAR00341DE,18,14,,,,680
AAR00341DE,18,15,,,,680
AAR00341DE,18,16,,,,675
AAR00341DE,18,23,,,,675
AAR00341DE,18,LG,,,,580
AAR00341DE,PLAT,MT,,,,425
AAR00341DE,PLAT,12,,,,590
AAR00341DE,PLAT,13,,,,585
AAR00341DE,PLAT,14,,,,580
AAR00341DE,PLAT,15,,,,580
AAR00341DE,PLAT,16,,,,580
AAR00341DE,PLAT,23,,,,580
AAR00341DE,PLAT,LG,,,,480
AAR01095H,09,MT,,,,205
AAR01095H,09,12,,,,1125
AAR01095H,09,13,,,,1125
AAR01095H,09,14,,,,1125
AAR01095H,09,15,,,,1125
AAR01095H,09,16,,,,1125
AAR01095H,09,23,,,,1125
AAR01095H,09,LG,,,,340
AAR01095H,14,MT,,,,365
AAR01095H,14,12,,,,1285
AAR01095H,14,13,,,,1285
AAR01095H,14,14,,,,1285
AAR01095H,14,15,,,,1285
AAR01095H,14,16,,,,1285
AAR01095H,14,23,,,,1285
AAR01095H,14,LG,,,,500
AAR01095H,18,MT,,,,530
AAR01095H,18,12,,,,1450
AAR01095H,18,13,,,,1450
AAR01095H,18,14,,,,1450
AAR01095H,18,15,,,,1450
AAR01095H,18,16,,,,1450
AAR01095H,18,23,,,,1450
AAR01095H,18,LG,,,,665
AAR01095H,PLAT,MT,,,,430
AAR01095H,PLAT,12,,,,1355
AAR01095H,PLAT,13,,,,1355
AAR01095H,PLAT,14,,,,1355
AAR01095H,PLAT,15,,,,1355
AAR01095H,PLAT,16,,,,1355
AAR01095H,PLAT,23,,,,1355
AAR01095H,PLAT,LG,,,,570
AAR01154C,09,MT,,,,165
AAR01154C,09,12,,,,255
AAR01154C,09,13,,,,245
AAR01154C,09,14,,,,235
AAR01154C,09,15,,,,230
AAR01154C,09,16,,,,225
AAR01154C,09,23,,,,225
AAR01154C,09,LG,,,,185
AAR01154C,14,MT,,,,290
AAR01154C,14,12,,,,375
AAR01154C,14,13,,,,370
AAR01154C,14,14,,,,360
AAR01154C,14,15,,,,355
AAR01154C,14,16,,,,350
AAR01154C,14,23,,,,350
AAR01154C,14,LG,,,,310
AAR01154C,18,MT,,,,420
AAR01154C,18,12,,,,510
AAR01154C,18,13,,,,500
AAR01154C,18,14,,,,490
AAR01154C,18,15,,,,485
AAR01154C,18,16,,,,480
AAR01154C,18,23,,,,480
AAR01154C,18,LG,,,,440
AAR01154C,PLAT,MT,,,,345
AAR01154C,PLAT,12,,,,430
AAR01154C,PLAT,13,,,,420
AAR01154C,PLAT,14,,,,415
AAR01154C,PLAT,15,,,,410
AAR01154C,PLAT,16,,,,405
AAR01154C,PLAT,23,,,,405
AAR01154C,PLAT,LG,,,,365
AAR01155D,09,MT,,,,175
AAR01155D,09,12,,,,275
AAR01155D,09,13,,,,265
AAR01155D,09,14,,,,260
AAR01155D,09,15,,,,255
AAR01155D,09,16,,,,250
AAR01155D,09,23,,,,250
AAR01155D,09,LG,,,,200
AAR01155D,14,MT,,,,305
AAR01155D,14,12,,,,405
AAR01155D,14,13,,,,400
AAR01155D,14,14,,,,390
AAR01155D,14,15,,,,385
AAR01155D,14,16,,,,380
AAR01155D,14,23,,,,380
AAR01155D,14,LG,,,,330
AAR01155D,18,MT,,,,440
AAR01155D,18,12,,,,545
AAR01155D,18,13,,,,535
AAR01155D,18,14,,,,530
AAR01155D,18,15,,,,525
AAR01155D,18,16,,,,520
AAR01155D,18,23,,,,520
AAR01155D,18,LG,,,,470
AAR01155D,PLAT,MT,,,,360
AAR01155D,PLAT,12,,,,465
AAR01155D,PLAT,13,,,,455
AAR01155D,PLAT,14,,,,445
AAR01155D,PLAT,15,,,,445
AAR01155D,PLAT,16,,,,435
AAR01155D,PLAT,23,,,,435
AAR01155D,PLAT,LG,,,,390
AAR01156D,09,MT,,,,170
AAR01156D,09,12,,,,260
AAR01156D,09,13,,,,250
AAR01156D,09,14,,,,245
AAR01156D,09,15,,,,240
AAR01156D,09,16,,,,235
AAR01156D,09,23,,,,235
AAR01156D,09,LG,,,,195
AAR01156D,14,MT,,,,300
AAR01156D,14,12,,,,390
AAR01156D,14,13,,,,380
AAR01156D,14,14,,,,375
AAR01156D,14,15,,,,370
AAR01156D,14,16,,,,365
AAR01156D,14,23,,,,365
AAR01156D,14,LG,,,,325
AAR01156D,18,MT,,,,435
AAR01156D,18,12,,,,525
AAR01156D,18,13,,,,515
AAR01156D,18,14,,,,510
AAR01156D,18,15,,,,505
AAR01156D,18,16,,,,500
AAR01156D,18,23,,,,500
AAR01156D,18,LG,,,,460
AAR01156D,PLAT,MT,,,,355
AAR01156D,PLAT,12,,,,445
AAR01156D,PLAT,13,,,,435
AAR01156D,PLAT,14,,,,430
AAR01156D,PLAT,15,,,,425
AAR01156D,PLAT,16,,,,420
AAR01156D,PLAT,23,,,,420
AAR01156D,PLAT,LG,,,,380
AAR01591G,09,MT,,,,200
AAR01591G,09,12,,,,675
AAR01591G,09,13,,,,670
AAR01591G,09,14,,,,635
AAR01591G,09,15,,,,630
AAR01591G,09,16,,,,630
AAR01591G,09,23,,,,630
AAR01591G,09,LG,,,,310
AAR01591G,14,MT,,,,360
AAR01591G,14,12,,,,830
AAR01591G,14,13,,,,830
AAR01591G,14,14,,,,790
AAR01591G,14,15,,,,790
AAR01591G,14,16,,,,785
AAR01591G,14,23,,,,785
AAR01591G,14,LG,,,,465
AAR01591G,18,MT,,,,525
AAR01591G,18,12,,,,995
AAR01591G,18,13,,,,995
AAR01591G,18,14,,,,955
AAR01591G,18,15,,,,955
AAR01591G,18,16,,,,950
AAR01591G,18,23,,,,950
AAR01591G,18,LG,,,,630
AAR01591G,PLAT,MT,,,,425
AAR01591G,PLAT,12,,,,900
AAR01591G,PLAT,13,,,,895
AAR01591G,PLAT,14,,,,860
AAR01591G,PLAT,15,,,,855
AAR01591G,PLAT,16,,,,855
AAR01591G,PLAT,23,,,,855
AAR01591G,PLAT,LG,,,,535
AAR01800H,09,MT,,,,255
AAR01800H,09,12,,,,710
AAR01800H,09,13,,,,670
AAR01800H,09,14,,,,640
AAR01800H,09,15,,,,630
AAR01800H,09,16,,,,600
AAR01800H,09,23,,,,590
AAR01800H,09,LG,,,,330
AAR01800H,14,MT,,,,460
AAR01800H,14,12,,,,915
AAR01800H,14,13,,,,875
AAR01800H,14,14,,,,845
AAR01800H,14,15,,,,835
AAR01800H,14,16,,,,805
AAR01800H,14,23,,,,795
AAR01800H,14,LG,,,,535
AAR01800H,18,MT,,,,670
AAR01800H,18,12,,,,1125
AAR01800H,18,13,,,,1085
AAR01800H,18,14,,,,1055
AAR01800H,18,15,,,,1045
AAR01800H,18,16,,,,1015
AAR01800H,18,23,,,,1005
AAR01800H,18,LG,,,,750
AAR01800H,PLAT,MT,,,,545
AAR01800H,PLAT,12,,,,1000
AAR01800H,PLAT,13,,,,960
AAR01800H,PLAT,14,,,,930
AAR01800H,PLAT,15,,,,920
AAR01800H,PLAT,16,,,,890
AAR01800H,PLAT,23,,,,880
AAR01800H,PLAT,LG,,,,625
AAR02186F,09,MT,,,,210
AAR02186F,09,12,,,,385
AAR02186F,09,13,,,,370
AAR02186F,09,14,,,,355
AAR02186F,09,15,,,,350
AAR02186F,09,16,,,,340
AAR02186F,09,23,,,,335
AAR02186F,09,LG,,,,260
AAR02186F,14,MT,,,,380
AAR02186F,14,12,,,,550
AAR02186F,14,13,,,,535
AAR02186F,14,14,,,,525
AAR02186F,14,15,,,,520
AAR02186F,14,16,,,,505
AAR02186F,14,23,,,,505
AAR02186F,14,LG,,,,430
AAR02186F,18,MT,,,,550
AAR02186F,18,12,,,,725
AAR02186F,18,13,,,,710
AAR02186F,18,14,,,,695
AAR02186F,18,15,,,,690
AAR02186F,18,16,,,,680
AAR02186F,18,23,,,,675
AAR02186F,18,LG,,,,600
AAR02186F,PLAT,MT,,,,450
AAR02186F,PLAT,12,,,,620
AAR02186F,PLAT,13,,,,605
AAR02186F,PLAT,14,,,,595
AAR02186F,PLAT,15,,,,590
AAR02186F,PLAT,16,,,,580
AAR02186F,PLAT,23,,,,575
AAR02186F,PLAT,LG,,,,500
AAR02274G,09,MT,,,,360
AAR02274G,09,12,,,,760
AAR02274G,09,13,,,,745
AAR02274G,09,14,,,,710
AAR02274G,09,15,,,,700
AAR02274G,09,16,,,,695
AAR02274G,09,23,,,,695
AAR02274G,09,LG,,,,460
AAR02274G,14,MT,,,,655
AAR02274G,14,12,,,,1055
AAR02274G,14,13,,,,1040
AAR02274G,14,14,,,,1005
AAR02274G,14,15,,,,1000
AAR02274G,14,16,,,,990
AAR02274G,14,23,,,,990
AAR02274G,14,LG,,,,755
AAR02274G,18,MT,,,,965
AAR02274G,18,12,,,,1365
AAR02274G,18,13,,,,1350
AAR02274G,18,14,,,,1315
AAR02274G,18,15,,,,1310
AAR02274G,18,16,,,,1300
AAR02274G,18,23,,,,1300
AAR02274G,18,LG,,,,1065
AAR02274G,PLAT,MT,,,,785
AAR02274G,PLAT,12,,,,1185
AAR02274G,PLAT,13,,,,1170
AAR02274G,PLAT,14,,,,1130
AAR02274G,PLAT,15,,,,1125
AAR02274G,PLAT,16,,,,1115
AAR02274G,PLAT,23,,,,1115
AAR02274G,PLAT,LG,,,,880
AAR02275H,09,MT,,,,395
AAR02275H,09,12,,,,825
AAR02275H,09,13,,,,785
AAR02275H,09,14,,,,745
AAR02275H,09,15,,,,725
AAR02275H,09,16,,,,700
AAR02275H,09,23,,,,700
AAR02275H,09,LG,,,,500
AAR02275H,14,MT,,,,725
AAR02275H,14,12,,,,1155
AAR02275H,14,13,,,,1110
AAR02275H,14,14,,,,1075
AAR02275H,14,15,,,,1055
AAR02275H,14,16,,,,1030
AAR02275H,14,23,,,,1030
AAR02275H,14,LG,,,,825
AAR02275H,18,MT,,,,1070
AAR02275H,18,12,,,,1500
AAR02275H,18,13,,,,1455
AAR02275H,18,14,,,,1415
AAR02275H,18,15,,,,1400
AAR02275H,18,16,,,,1375
AAR02275H,18,23,,,,1375
AAR02275H,18,LG,,,,1170
AAR02275H,PLAT,MT,,,,865
AAR02275H,PLAT,12,,,,1295
AAR02275H,PLAT,13,,,,1255
AAR02275H,PLAT,14,,,,1215
AAR02275H,PLAT,15,,,,1195
AAR02275H,PLAT,16,,,,1170
AAR02275H,PLAT,23,,,,1170
AAR02275H,PLAT,LG,,,,970
AAR03132HE,09,MT,,,,275
AAR03132HE,09,12,,,,520
AAR03132HE,09,13,,,,500
AAR03132HE,09,14,,,,480
AAR03132HE,09,15,,,,475
AAR03132HE,09,16,,,,460
AAR03132HE,09,23,,,,460
AAR03132HE,09,LG,,,,345
AAR03132HE,14,MT,,,,495
AAR03132HE,14,12,,,,745
AAR03132HE,14,13,,,,720
AAR03132HE,14,14,,,,705
AAR03132HE,14,15,,,,695
AAR03132HE,14,16,,,,680
AAR03132HE,14,23,,,,680
AAR03132HE,14,LG,,,,565
AAR03132HE,18,MT,,,,725
AAR03132HE,18,12,,,,975
AAR03132HE,18,13,,,,955
AAR03132HE,18,14,,,,935
AAR03132HE,18,15,,,,925
AAR03132HE,18,16,,,,910
AAR03132HE,18,23,,,,910
AAR03132HE,18,LG,,,,795
AAR03132HE,PLAT,MT,,,,590
AAR03132HE,PLAT,12,,,,840
AAR03132HE,PLAT,13,,,,815
AAR03132HE,PLAT,14,,,,800
AAR03132HE,PLAT,15,,,,790
AAR03132HE,PLAT,16,,,,775
AAR03132HE,PLAT,23,,,,775
AAR03132HE,PLAT,LG,,,,660
AAR04481D,09,MT,,,,135
AAR04481D,09,12,,,,230
AAR04481D,09,13,,,,220
AAR04481D,09,14,,,,210
AAR04481D,09,15,,,,210
AAR04481D,09,16,,,,205
AAR04481D,09,23,,,,205
AAR04481D,09,LG,,,,165
AAR04481D,14,MT,,,,230
AAR04481D,14,12,,,,325
AAR04481D,14,13,,,,315
AAR04481D,14,14,,,,310
AAR04481D,14,15,,,,305
AAR04481D,14,16,,,,300
AAR04481D,14,23,,,,300
AAR04481D,14,LG,,,,260
AAR04481D,18,MT,,,,330
AAR04481D,18,12,,,,425
AAR04481D,18,13,,,,415
AAR04481D,18,14,,,,410
AAR04481D,18,15,,,,405
AAR04481D,18,16,,,,400
AAR04481D,18,23,,,,400
AAR04481D,18,LG,,,,360
AAR04481D,PLAT,MT,,,,270
AAR04481D,PLAT,12,,,,365
AAR04481D,PLAT,13,,,,355
AAR04481D,PLAT,14,,,,350
AAR04481D,PLAT,15,,,,345
AAR04481D,PLAT,16,,,,340
AAR04481D,PLAT,23,,,,340
AAR04481D,PLAT,LG,,,,300
AAR05229YE,09,MT,,,,265
AAR05229YE,09,12,,,,325
AAR05229YE,09,13,,,,320
AAR05229YE,09,14,,,,315
AAR05229YE,09,15,,,,315
AAR05229YE,09,16,,,,310
AAR05229YE,09,23,,,,310
AAR05229YE,09,LG,,,,290
AAR05229YE,14,MT,,,,475
AAR05229YE,14,12,,,,535
AAR05229YE,14,13,,,,530
AAR05229YE,14,14,,,,525
AAR05229YE,14,15,,,,525
AAR05229YE,14,16,,,,520
AAR05229YE,14,23,,,,520
AAR05229YE,14,LG,,,,500
AAR05229YE,18,MT,,,,700
AAR05229YE,18,12,,,,760
AAR05229YE,18,13,,,,755
AAR05229YE,18,14,,,,750
AAR05229YE,18,15,,,,745
AAR05229YE,18,16,,,,745
AAR05229YE,18,23,,,,745
AAR05229YE,18,LG,,,,725
AAR05229YE,PLAT,MT,,,,565
AAR05229YE,PLAT,12,,,,625
AAR05229YE,PLAT,13,,,,620
AAR05229YE,PLAT,14,,,,620
AAR05229YE,PLAT,15,,,,615
AAR05229YE,PLAT,16,,,,615
AAR05229YE,PLAT,23,,,,615
AAR05229YE,PLAT,LG,,,,590
AAR06032F,09,MT,,,,260
AAR06032F,09,12,,,,520
AAR06032F,09,13,,,,505
AAR06032F,09,14,,,,485
AAR06032F,09,15,,,,470
AAR06032F,09,16,,,,450
AAR06032F,09,23,,,,445
AAR06032F,09,LG,,,,305
AAR06032F,14,MT,,,,470
AAR06032F,14,12,,,,730
AAR06032F,14,13,,,,715
AAR06032F,14,14,,,,695
AAR06032F,14,15,,,,680
AAR06032F,14,16,,,,660
AAR06032F,14,23,,,,655
AAR06032F,14,LG,,,,515
AAR06032F,18,MT,,,,690
AAR06032F,18,12,,,,950
AAR06032F,18,13,,,,930
AAR06032F,18,14,,,,910
AAR06032F,18,15,,,,900
AAR06032F,18,16,,,,880
AAR06032F,18,23,,,,875
AAR06032F,18,LG,,,,735
AAR06032F,PLAT,MT,,,,560
AAR06032F,PLAT,12,,,,820
AAR06032F,PLAT,13,,,,805
AAR06032F,PLAT,14,,,,785
AAR06032F,PLAT,15,,,,770
AAR06032F,PLAT,16,,,,750
AAR06032F,PLAT,23,,,,745
AAR06032F,PLAT,LG,,,,605
AAR06820SE,09,MT,,,,135
AAR06820SE,09,12,,,,285
AAR06820SE,09,13,,,,285
AAR06820SE,09,14,,,,275
AAR06820SE,09,15,,,,275
AAR06820SE,09,16,,,,270
AAR06820SE,09,23,,,,270
AAR06820SE,09,LG,,,,170
AAR06820SE,14,MT,,,,235
AAR06820SE,14,12,,,,385
AAR06820SE,14,13,,,,385
AAR06820SE,14,14,,,,370
AAR06820SE,14,15,,,,370
AAR06820SE,14,16,,,,370
AAR06820SE,14,23,,,,370
AAR06820SE,14,LG,,,,270
AAR06820SE,18,MT,,,,340
AAR06820SE,18,12,,,,490
AAR06820SE,18,13,,,,490
AAR06820SE,18,14,,,,475
AAR06820SE,18,15,,,,475
AAR06820SE,18,16,,,,475
AAR06820SE,18,23,,,,475
AAR06820SE,18,LG,,,,375
AAR06820SE,PLAT,MT,,,,280
AAR06820SE,PLAT,12,,,,430
AAR06820SE,PLAT,13,,,,425
AAR06820SE,PLAT,14,,,,415
AAR06820SE,PLAT,15,,,,415
AAR06820SE,PLAT,16,,,,415
AAR06820SE,PLAT,23,,,,410
AAR06820SE,PLAT,LG,,,,310
AAR06822JE,09,MT,,,,240
AAR06822JE,09,12,,,,485
AAR06822JE,09,13,,,,465
AAR06822JE,09,14,,,,440
AAR06822JE,09,15,,,,430
AAR06822JE,09,16,,,,415
AAR06822JE,09,23,,,,415
AAR06822JE,09,LG,,,,275
AAR06822JE,14,MT,,,,425
AAR06822JE,14,12,,,,675
AAR06822JE,14,13,,,,655
AAR06822JE,14,14,,,,630
AAR06822JE,14,15,,,,620
AAR06822JE,14,16,,,,600
AAR06822JE,14,23,,,,600
AAR06822JE,14,LG,,,,465
AAR06822JE,18,MT,,,,625
AAR06822JE,18,12,,,,870
AAR06822JE,18,13,,,,850
AAR06822JE,18,14,,,,825
AAR06822JE,18,15,,,,820
AAR06822JE,18,16,,,,800
AAR06822JE,18,23,,,,800
AAR06822JE,18,LG,,,,660
AAR06822JE,PLAT,MT,,,,510
AAR06822JE,PLAT,12,,,,755
AAR06822JE,PLAT,13,,,,735
AAR06822JE,PLAT,14,,,,710
AAR06822JE,PLAT,15,,,,700
AAR06822JE,PLAT,16,,,,685
AAR06822JE,PLAT,23,,,,685
AAR06822JE,PLAT,LG,,,,545
CP2759G,09,MT,,,,205
CP2759G,09,12,,,,545
CP2759G,09,13,,,,515
CP2759G,09,14,,,,495
CP2759G,09,15,,,,485
CP2759G,09,16,,,,460
CP2759G,09,23,,,,460
CP2759G,09,LG,,,,275
CP2759G,14,MT,,,,370
CP2759G,14,12,,,,705
CP2759G,14,13,,,,680
CP2759G,14,14,,,,655
CP2759G,14,15,,,,645
CP2759G,14,16,,,,625
CP2759G,14,23,,,,625
CP2759G,14,LG,,,,435
CP2759G,18,MT,,,,535
CP2759G,18,12,,,,875
CP2759G,18,13,,,,845
CP2759G,18,14,,,,825
CP2759G,18,15,,,,815
CP2759G,18,16,,,,790
CP2759G,18,23,,,,790
CP2759G,18,LG,,,,605
CP2759G,PLAT,MT,,,,440
CP2759G,PLAT,12,,,,775
CP2759G,PLAT,13,,,,745
CP2759G,PLAT,14,,,,725
CP2759G,PLAT,15,,,,715
CP2759G,PLAT,16,,,,695
CP2759G,PLAT,23,,,,695
CP2759G,PLAT,LG,,,,505
CP2765A,09,MT,,,,70
CP2765A,09,12,,,,140
CP2765A,09,13,,,,135
CP2765A,09,14,,,,135
CP2765A,09,15,,,,130
CP2765A,09,16,,,,130
CP2765A,09,23,,,,130
CP2765A,09,LG,,,,100
CP2765A,14,MT,,,,110
CP2765A,14,12,,,,180
CP2765A,14,13,,,,175
CP2765A,14,14,,,,175
CP2765A,14,15,,,,170
CP2765A,14,16,,,,170
CP2765A,14,23,,,,170
CP2765A,14,LG,,,,140
CP2765A,18,MT,,,,155
CP2765A,18,12,,,,225
CP2765A,18,13,,,,220
CP2765A,18,14,,,,215
CP2765A,18,15,,,,215
CP2765A,18,16,,,,210
CP2765A,18,23,,,,210
CP2765A,18,LG,,,,185
CP2765A,PLAT,MT,,,,130
CP2765A,PLAT,12,,,,200
CP2765A,PLAT,13,,,,195
CP2765A,PLAT,14,,,,190
CP2765A,PLAT,15,,,,190
CP2765A,PLAT,16,,,,185
CP2765A,PLAT,23,,,,185
CP2765A,PLAT,LG,,,,160
CP2767F,09,MT,,,,125
CP2767F,09,12,,,,355
CP2767F,09,13,,,,330
CP2767F,09,14,,,,310
CP2767F,09,15,,,,300
CP2767F,09,16,,,,290
CP2767F,09,23,,,,290
CP2767F,09,LG,,,,185
CP2767F,14,MT,,,,220
CP2767F,14,12,,,,445
CP2767F,14,13,,,,420
CP2767F,14,14,,,,400
CP2767F,14,15,,,,390
CP2767F,14,16,,,,380
CP2767F,14,23,,,,380
CP2767F,14,LG,,,,275
CP2767F,18,MT,,,,315
CP2767F,18,12,,,,540
CP2767F,18,13,,,,515
CP2767F,18,14,,,,495
CP2767F,18,15,,,,485
CP2767F,18,16,,,,475
CP2767F,18,23,,,,475
CP2767F,18,LG,,,,370
CP2767F,PLAT,MT,,,,255
CP2767F,PLAT,12,,,,485
CP2767F,PLAT,13,,,,460
CP2767F,PLAT,14,,,,440
CP2767F,PLAT,15,,,,430
CP2767F,PLAT,16,,,,420
CP2767F,PLAT,23,,,,420
CP2767F,PLAT,LG,,,,315
DP2442B,09,MT,,,,55
DP2442B,09,12,,,,120
DP2442B,09,13,,,,115
DP2442B,09,14,,,,110
DP2442B,09,15,,,,110
DP2442B,09,16,,,,105
DP2442B,09,23,,,,105
DP2442B,09,LG,,,,70
DP2442B,14,MT,,,,85
DP2442B,14,12,,,,150
DP2442B,14,13,,,,140
DP2442B,14,14,,,,140
DP2442B,14,15,,,,135
DP2442B,14,16,,,,130
DP2442B,14,23,,,,130
DP2442B,14,LG,,,,100
DP2442B,18,MT,,,,110
DP2442B,18,12,,,,175
DP2442B,18,13,,,,170
DP2442B,18,14,,,,165
DP2442B,18,15,,,,165
DP2442B,18,16,,,,160
DP2442B,18,23,,,,160
DP2442B,18,LG,,,,125
DP2442B,PLAT,MT,,,,95
DP2442B,PLAT,12,,,,160
DP2442B,PLAT,13,,,,155
DP2442B,PLAT,14,,,,150
DP2442B,PLAT,15,,,,150
DP2442B,PLAT,16,,,,145
DP2442B,PLAT,23,,,,140
DP2442B,PLAT,LG,,,,110
DP4035E,09,MT,,,,90
DP4035E,09,12,,,,220
DP4035E,09,13,,,,210
DP4035E,09,14,,,,200
DP4035E,09,15,,,,195
DP4035E,09,16,,,,190
DP4035E,09,23,,,,185
DP4035E,09,LG,,,,120
DP4035E,14,MT,,,,145
DP4035E,14,12,,,,275
DP4035E,14,13,,,,265
DP4035E,14,14,,,,255
DP4035E,14,15,,,,255
DP4035E,14,16,,,,245
DP4035E,14,23,,,,240
DP4035E,14,LG,,,,175
DP4035E,18,MT,,,,205
DP4035E,18,12,,,,335
DP4035E,18,13,,,,325
DP4035E,18,14,,,,315
DP4035E,18,15,,,,310
DP4035E,18,16,,,,305
DP4035E,18,23,,,,300
DP4035E,18,LG,,,,235
DP4035E,PLAT,MT,,,,170
DP4035E,PLAT,12,,,,300
DP4035E,PLAT,13,,,,290
DP4035E,PLAT,14,,,,280
DP4035E,PLAT,15,,,,275
DP4035E,PLAT,16,,,,270
DP4035E,PLAT,23,,,,265
DP4035E,PLAT,LG,,,,200
DP4035F,09,MT,,,,95
DP4035F,09,12,,,,320
DP4035F,09,13,,,,300
DP4035F,09,14,,,,280
DP4035F,09,15,,,,275
DP4035F,09,16,,,,260
DP4035F,09,23,,,,255
DP4035F,09,LG,,,,140
DP4035F,14,MT,,,,160
DP4035F,14,12,,,,380
DP4035F,14,13,,,,365
DP4035F,14,14,,,,345
DP4035F,14,15,,,,335
DP4035F,14,16,,,,325
DP4035F,14,23,,,,320
DP4035F,14,LG,,,,205
DP4035F,18,MT,,,,230
DP4035F,18,12,,,,450
DP4035F,18,13,,,,430
DP4035F,18,14,,,,410
DP4035F,18,15,,,,405
DP4035F,18,16,,,,390
DP4035F,18,23,,,,385
DP4035F,18,LG,,,,270
DP4035F,PLAT,MT,,,,190
DP4035F,PLAT,12,,,,410
DP4035F,PLAT,13,,,,390
DP4035F,PLAT,14,,,,370
DP4035F,PLAT,15,,,,365
DP4035F,PLAT,16,,,,350
DP4035F,PLAT,23,,,,345
DP4035F,PLAT,LG,,,,230
EE0654R,09,MT,,,,95
EE0654R,09,12,,,,480
EE0654R,09,13,,,,445
EE0654R,09,14,,,,420
EE0654R,09,15,,,,415
EE0654R,09,16,,,,385
EE0654R,09,23,,,,380
EE0654R,09,LG,,,,160
EE0654R,14,MT,,,,150
EE0654R,14,12,,,,540
EE0654R,14,13,,,,505
EE0654R,14,14,,,,480
EE0654R,14,15,,,,475
EE0654R,14,16,,,,445
EE0654R,14,23,,,,440
EE0654R,14,LG,,,,220
EE0654R,18,MT,,,,215
EE0654R,18,12,,,,605
EE0654R,18,13,,,,570
EE0654R,18,14,,,,545
EE0654R,18,15,,,,535
EE0654R,18,16,,,,510
EE0654R,18,23,,,,500
EE0654R,18,LG,,,,280
EE0654R,PLAT,MT,,,,180
EE0654R,PLAT,12,,,,565
EE0654R,PLAT,13,,,,535
EE0654R,PLAT,14,,,,505
EE0654R,PLAT,15,,,,500
EE0654R,PLAT,16,,,,475
EE0654R,PLAT,23,,,,465
EE0654R,PLAT,LG,,,,245
FE0158FB,09,MT,,,,120
FE0158FB,09,12,,,,370
FE0158FB,09,13,,,,355
FE0158FB,09,14,,,,335
FE0158FB,09,15,,,,325
FE0158FB,09,16,,,,305
FE0158FB,09,23,,,,300
FE0158FB,09,LG,,,,175
FE0158FB,14,MT,,,,205
FE0158FB,14,12,,,,455
FE0158FB,14,13,,,,440
FE0158FB,14,14,,,,420
FE0158FB,14,15,,,,410
FE0158FB,14,16,,,,390
FE0158FB,14,23,,,,385
FE0158FB,14,LG,,,,260
FE0158FB,18,MT,,,,295
FE0158FB,18,12,,,,545
FE0158FB,18,13,,,,530
FE0158FB,18,14,,,,510
FE0158FB,18,15,,,,500
FE0158FB,18,16,,,,480
FE0158FB,18,23,,,,475
FE0158FB,18,LG,,,,350
FE0158FB,PLAT,MT,,,,245
FE0158FB,PLAT,12,,,,490
FE0158FB,PLAT,13,,,,475
FE0158FB,PLAT,14,,,,455
FE0158FB,PLAT,15,,,,445
FE0158FB,PLAT,16,,,,425
FE0158FB,PLAT,23,,,,420
FE0158FB,PLAT,LG,,,,295
GE0353K,09,MT,,,,440
GE0353K,09,12,,,,1215
GE0353K,09,13,,,,1145
GE0353K,09,14,,,,1095
GE0353K,09,15,,,,1065
GE0353K,09,16,,,,1025
GE0353K,09,23,,,,1025
GE0353K,09,LG,,,,710
GE0353K,14,MT,,,,805
GE0353K,14,12,,,,1585
GE0353K,14,13,,,,1510
GE0353K,14,14,,,,1460
GE0353K,14,15,,,,1430
GE0353K,14,16,,,,1390
GE0353K,14,23,,,,1390
GE0353K,14,LG,,,,1075
GE0353K,18,MT,,,,1190
GE0353K,18,12,,,,1965
GE0353K,18,13,,,,1895
GE0353K,18,14,,,,1845
GE0353K,18,15,,,,1815
GE0353K,18,16,,,,1775
GE0353K,18,23,,,,1775
GE0353K,18,LG,,,,1460
GE0353K,PLAT,MT,,,,960
GE0353K,PLAT,12,,,,1740
GE0353K,PLAT,13,,,,1670
GE0353K,PLAT,14,,,,1620
GE0353K,PLAT,15,,,,1590
GE0353K,PLAT,16,,,,1550
GE0353K,PLAT,23,,,,1550
GE0353K,PLAT,LG,,,,1235
GP0450A,09,MT,,,,215
GP0450A,09,12,,,,235
GP0450A,09,13,,,,235
GP0450A,09,14,,,,235
GP0450A,09,15,,,,235
GP0450A,09,16,,,,235
GP0450A,09,23,,,,235
GP0450A,09,LG,,,,225
GP0450A,14,MT,,,,385
GP0450A,14,12,,,,405
GP0450A,14,13,,,,405
GP0450A,14,14,,,,405
GP0450A,14,15,,,,405
GP0450A,14,16,,,,405
GP0450A,14,23,,,,405
GP0450A,14,LG,,,,395
GP0450A,18,MT,,,,560
GP0450A,18,12,,,,585
GP0450A,18,13,,,,580
GP0450A,18,14,,,,580
GP0450A,18,15,,,,580
GP0450A,18,16,,,,580
GP0450A,18,23,,,,580
GP0450A,18,LG,,,,570
GP0450A,PLAT,MT,,,,460
GP0450A,PLAT,12,,,,480
GP0450A,PLAT,13,,,,480
GP0450A,PLAT,14,,,,475
GP0450A,PLAT,15,,,,475
GP0450A,PLAT,16,,,,475
GP0450A,PLAT,23,,,,475
GP0450A,PLAT,LG,,,,465
GP1260G,09,MT,,,,155
GP1260G,09,12,,,,655
GP1260G,09,13,,,,615
GP1260G,09,14,,,,565
GP1260G,09,15,,,,505
GP1260G,09,16,,,,480
GP1260G,09,23,,,,475
GP1260G,09,LG,,,,205
GP1260G,14,MT,,,,270
GP1260G,14,12,,,,770
GP1260G,14,13,,,,730
GP1260G,14,14,,,,680
GP1260G,14,15,,,,620
GP1260G,14,16,,,,595
GP1260G,14,23,,,,590
GP1260G,14,LG,,,,320
GP1260G,18,MT,,,,390
GP1260G,18,12,,,,890
GP1260G,18,13,,,,850
GP1260G,18,14,,,,805
GP1260G,18,15,,,,740
GP1260G,18,16,,,,720
GP1260G,18,23,,,,710
GP1260G,18,LG,,,,440
GP1260G,PLAT,MT,,,,320
GP1260G,PLAT,12,,,,820
GP1260G,PLAT,13,,,,780
GP1260G,PLAT,14,,,,730
GP1260G,PLAT,15,,,,670
GP1260G,PLAT,16,,,,645
GP1260G,PLAT,23,,,,640
GP1260G,PLAT,LG,,,,365
GP2054D,09,MT,,,,100
GP2054D,09,12,,,,270
GP2054D,09,13,,,,260
GP2054D,09,14,,,,245
GP2054D,09,15,,,,240
GP2054D,09,16,,,,230
GP2054D,09,23,,,,215
GP2054D,09,LG,,,,120
GP2054D,14,MT,,,,170
GP2054D,14,12,,,,340
GP2054D,14,13,,,,325
GP2054D,14,14,,,,310
GP2054D,14,15,,,,305
GP2054D,14,16,,,,300
GP2054D,14,23,,,,285
GP2054D,14,LG,,,,185
GP2054D,18,MT,,,,240
GP2054D,18,12,,,,410
GP2054D,18,13,,,,395
GP2054D,18,14,,,,380
GP2054D,18,15,,,,375
GP2054D,18,16,,,,370
GP2054D,18,23,,,,355
GP2054D,18,LG,,,,255
GP2054D,PLAT,MT,,,,195
GP2054D,PLAT,12,,,,370
GP2054D,PLAT,13,,,,355
GP2054D,PLAT,14,,,,340
GP2054D,PLAT,15,,,,335
GP2054D,PLAT,16,,,,325
GP2054D,PLAT,23,,,,315
GP2054D,PLAT,LG,,,,215
GP4237DA,09,MT,,,,90
GP4237DA,09,12,,,,195
GP4237DA,09,13,,,,185
GP4237DA,09,14,,,,180
GP4237DA,09,15,,,,175
GP4237DA,09,16,,,,170
GP4237DA,09,23,,,,170
GP4237DA,09,LG,,,,125
GP4237DA,14,MT,,,,145
GP4237DA,14,12,,,,250
GP4237DA,14,13,,,,240
GP4237DA,14,14,,,,235
GP4237DA,14,15,,,,235
GP4237DA,14,16,,,,225
GP4237DA,14,23,,,,225
GP4237DA,14,LG,,,,180
GP4237DA,18,MT,,,,205
GP4237DA,18,12,,,,310
GP4237DA,18,13,,,,300
GP4237DA,18,14,,,,295
GP4237DA,18,15,,,,290
GP4237DA,18,16,,,,285
GP4237DA,18,23,,,,285
GP4237DA,18,LG,,,,240
GP4237DA,PLAT,MT,,,,170
GP4237DA,PLAT,12,,,,275
GP4237DA,PLAT,13,,,,265
GP4237DA,PLAT,14,,,,260
GP4237DA,PLAT,15,,,,255
GP4237DA,PLAT,16,,,,250
GP4237DA,PLAT,23,,,,250
GP4237DA,PLAT,LG,,,,205
KE4249F,09,MT,,,,190
KE4249F,09,12,,,,425
KE4249F,09,13,,,,410
KE4249F,09,14,,,,400
KE4249F,09,15,,,,395
KE4249F,09,16,,,,385
KE4249F,09,23,,,,385
KE4249F,09,LG,,,,280
KE4249F,14,MT,,,,340
KE4249F,14,12,,,,575
KE4249F,14,13,,,,560
KE4249F,14,14,,,,550
KE4249F,14,15,,,,545
KE4249F,14,16,,,,530
KE4249F,14,23,,,,530
KE4249F,14,LG,,,,425
KE4249F,18,MT,,,,490
KE4249F,18,12,,,,730
KE4249F,18,13,,,,710
KE4249F,18,14,,,,705
KE4249F,18,15,,,,700
KE4249F,18,16,,,,685
KE4249F,18,23,,,,685
KE4249F,18,LG,,,,580
KE4249F,PLAT,MT,,,,400
KE4249F,PLAT,12,,,,640
KE4249F,PLAT,13,,,,620
KE4249F,PLAT,14,,,,615
KE4249F,PLAT,15,,,,605
KE4249F,PLAT,16,,,,595
KE4249F,PLAT,23,,,,595
KE4249F,PLAT,LG,,,,490
KP2128AB,09,MT,,,,50
KP2128AB,09,12,,,,70
KP2128AB,09,13,,,,65
KP2128AB,09,14,,,,65
KP2128AB,09,15,,,,65
KP2128AB,09,16,,,,65
KP2128AB,09,23,,,,65
KP2128AB,09,LG,,,,60
KP2128AB,14,MT,,,,70
KP2128AB,14,12,,,,90
KP2128AB,14,13,,,,90
KP2128AB,14,14,,,,85
KP2128AB,14,15,,,,85
KP2128AB,14,16,,,,85
KP2128AB,14,23,,,,85
KP2128AB,14,LG,,,,80
KP2128AB,18,MT,,,,90
KP2128AB,18,12,,,,110
KP2128AB,18,13,,,,110
KP2128AB,18,14,,,,110
KP2128AB,18,15,,,,110
KP2128AB,18,16,,,,105
KP2128AB,18,23,,,,105
KP2128AB,18,LG,,,,100
KP2128AB,PLAT,MT,,,,75
KP2128AB,PLAT,12,,,,95
KP2128AB,PLAT,13,,,,95
KP2128AB,PLAT,14,,,,95
KP2128AB,PLAT,15,,,,95
KP2128AB,PLAT,16,,,,95
KP2128AB,PLAT,23,,,,95
KP2128AB,PLAT,LG,,,,85
KZ0556A,09,MT,,,,195
KZ0556A,09,12,,,,200
KZ0556A,09,13,,,,200
KZ0556A,09,14,,,,200
KZ0556A,09,15,,,,200
KZ0556A,09,16,,,,200
KZ0556A,09,23,,,,200
KZ0556A,09,LG,,,,200
KZ0556A,14,MT,,,,345
KZ0556A,14,12,,,,355
KZ0556A,14,13,,,,350
KZ0556A,14,14,,,,350
KZ0556A,14,15,,,,350
KZ0556A,14,16,,,,350
KZ0556A,14,23,,,,350
KZ0556A,14,LG,,,,350
KZ0556A,18,MT,,,,505
KZ0556A,18,12,,,,510
KZ0556A,18,13,,,,510
KZ0556A,18,14,,,,510
KZ0556A,18,15,,,,510
KZ0556A,18,16,,,,510
KZ0556A,18,23,,,,510
KZ0556A,18,LG,,,,510
KZ0556A,PLAT,MT,,,,415
KZ0556A,PLAT,12,,,,420
KZ0556A,PLAT,13,,,,420
KZ0556A,PLAT,14,,,,420
KZ0556A,PLAT,15,,,,420
KZ0556A,PLAT,16,,,,415
KZ0556A,PLAT,23,,,,415
KZ0556A,PLAT,LG,,,,415
KZ0766A,09,MT,,,,170
KZ0766A,09,12,,,,185
KZ0766A,09,13,,,,185
KZ0766A,09,14,,,,185
KZ0766A,09,15,,,,185
KZ0766A,09,16,,,,185
KZ0766A,09,23,,,,185
KZ0766A,09,LG,,,,175
KZ0766A,14,MT,,,,300
KZ0766A,14,12,,,,315
KZ0766A,14,13,,,,315
KZ0766A,14,14,,,,315
KZ0766A,14,15,,,,315
KZ0766A,14,16,,,,315
KZ0766A,14,23,,,,315
KZ0766A,14,LG,,,,305
KZ0766A,18,MT,,,,435
KZ0766A,18,12,,,,450
KZ0766A,18,13,,,,450
KZ0766A,18,14,,,,450
KZ0766A,18,15,,,,450
KZ0766A,18,16,,,,450
KZ0766A,18,23,,,,450
KZ0766A,18,LG,,,,440
KZ0766A,PLAT,MT,,,,355
KZ0766A,PLAT,12,,,,370
KZ0766A,PLAT,13,,,,370
KZ0766A,PLAT,14,,,,370
KZ0766A,PLAT,15,,,,370
KZ0766A,PLAT,16,,,,370
KZ0766A,PLAT,23,,,,370
KZ0766A,PLAT,LG,,,,360
LE1551F,09,MT,,,,300
LE1551F,09,12,,,,490
LE1551F,09,13,,,,475
LE1551F,09,14,,,,460
LE1551F,09,15,,,,455
LE1551F,09,16,,,,445
LE1551F,09,23,,,,445
LE1551F,09,LG,,,,365
LE1551F,14,MT,,,,540
LE1551F,14,12,,,,735
LE1551F,14,13,,,,715
LE1551F,14,14,,,,705
LE1551F,14,15,,,,695
LE1551F,14,16,,,,685
LE1551F,14,23,,,,685
LE1551F,14,LG,,,,605
LE1551F,18,MT,,,,795
LE1551F,18,12,,,,985
LE1551F,18,13,,,,970
LE1551F,18,14,,,,955
LE1551F,18,15,,,,950
LE1551F,18,16,,,,940
LE1551F,18,23,,,,940
LE1551F,18,LG,,,,860
LE1551F,PLAT,MT,,,,645
LE1551F,PLAT,12,,,,835
LE1551F,PLAT,13,,,,820
LE1551F,PLAT,14,,,,810
LE1551F,PLAT,15,,,,800
LE1551F,PLAT,16,,,,790
LE1551F,PLAT,23,,,,790
LE1551F,PLAT,LG,,,,710
LE1748F,09,MT,,,,185
LE1748F,09,12,,,,435
LE1748F,09,13,,,,420
LE1748F,09,14,,,,405
LE1748F,09,15,,,,400
LE1748F,09,16,,,,385
LE1748F,09,23,,,,380
LE1748F,09,LG,,,,270
LE1748F,14,MT,,,,325
LE1748F,14,12,,,,575
LE1748F,14,13,,,,560
LE1748F,14,14,,,,545
LE1748F,14,15,,,,540
LE1748F,14,16,,,,530
LE1748F,14,23,,,,525
LE1748F,14,LG,,,,415
LE1748F,18,MT,,,,475
LE1748F,18,12,,,,725
LE1748F,18,13,,,,710
LE1748F,18,14,,,,695
LE1748F,18,15,,,,690
LE1748F,18,16,,,,675
LE1748F,18,23,,,,670
LE1748F,18,LG,,,,560
LE1748F,PLAT,MT,,,,385
LE1748F,PLAT,12,,,,640
LE1748F,PLAT,13,,,,620
LE1748F,PLAT,14,,,,610
LE1748F,PLAT,15,,,,600
LE1748F,PLAT,16,,,,590
LE1748F,PLAT,23,,,,585
LE1748F,PLAT,LG,,,,475
LE1790A,09,MT,,,,215
LE1790A,09,12,,,,265
LE1790A,09,13,,,,260
LE1790A,09,14,,,,255
LE1790A,09,15,,,,255
LE1790A,09,16,,,,250
LE1790A,09,23,,,,250
LE1790A,09,LG,,,,230
LE1790A,14,MT,,,,385
LE1790A,14,12,,,,435
LE1790A,14,13,,,,430
LE1790A,14,14,,,,425
LE1790A,14,15,,,,425
LE1790A,14,16,,,,420
LE1790A,14,23,,,,420
LE1790A,14,LG,,,,400
LE1790A,18,MT,,,,565
LE1790A,18,12,,,,610
LE1790A,18,13,,,,605
LE1790A,18,14,,,,605
LE1790A,18,15,,,,600
LE1790A,18,16,,,,600
LE1790A,18,23,,,,600
LE1790A,18,LG,,,,580
LE1790A,PLAT,MT,,,,460
LE1790A,PLAT,12,,,,505
LE1790A,PLAT,13,,,,505
LE1790A,PLAT,14,,,,500
LE1790A,PLAT,15,,,,495
LE1790A,PLAT,16,,,,495
LE1790A,PLAT,23,,,,495
LE1790A,PLAT,LG,,,,475
LE1791A,09,MT,,,,195
LE1791A,09,12,,,,235
LE1791A,09,13,,,,230
LE1791A,09,14,,,,225
LE1791A,09,15,,,,225
LE1791A,09,16,,,,225
LE1791A,09,23,,,,225
LE1791A,09,LG,,,,210
LE1791A,14,MT,,,,345
LE1791A,14,12,,,,385
LE1791A,14,13,,,,380
LE1791A,14,14,,,,380
LE1791A,14,15,,,,375
LE1791A,14,16,,,,375
LE1791A,14,23,,,,375
LE1791A,14,LG,,,,360
LE1791A,18,MT,,,,505
LE1791A,18,12,,,,545
LE1791A,18,13,,,,540
LE1791A,18,14,,,,535
LE1791A,18,15,,,,535
LE1791A,18,16,,,,535
LE1791A,18,23,,,,535
LE1791A,18,LG,,,,515
LE1791A,PLAT,MT,,,,410
LE1791A,PLAT,12,,,,450
LE1791A,PLAT,13,,,,445
LE1791A,PLAT,14,,,,445
LE1791A,PLAT,15,,,,445
LE1791A,PLAT,16,,,,440
LE1791A,PLAT,23,,,,440
LE1791A,PLAT,LG,,,,425
LE1791C,09,MT,,,,210
LE1791C,09,12,,,,285
LE1791C,09,13,,,,280
LE1791C,09,14,,,,275
LE1791C,09,15,,,,270
LE1791C,09,16,,,,265
LE1791C,09,23,,,,265
LE1791C,09,LG,,,,230
LE1791C,14,MT,,,,380
LE1791C,14,12,,,,450
LE1791C,14,13,,,,445
LE1791C,14,14,,,,440
LE1791C,14,15,,,,435
LE1791C,14,16,,,,435
LE1791C,14,23,,,,430
LE1791C,14,LG,,,,395
LE1791C,18,MT,,,,550
LE1791C,18,12,,,,625
LE1791C,18,13,,,,620
LE1791C,18,14,,,,615
LE1791C,18,15,,,,610
LE1791C,18,16,,,,605
LE1791C,18,23,,,,605
LE1791C,18,LG,,,,570
LE1791C,PLAT,MT,,,,450
LE1791C,PLAT,12,,,,520
LE1791C,PLAT,13,,,,515
LE1791C,PLAT,14,,,,510
LE1791C,PLAT,15,,,,510
LE1791C,PLAT,16,,,,505
LE1791C,PLAT,23,,,,500
LE1791C,PLAT,LG,,,,465
LP1350A,09,MT,,,,100
LP1350A,09,12,,,,105
LP1350A,09,13,,,,105
LP1350A,09,14,,,,105
LP1350A,09,15,,,,105
LP1350A,09,16,,,,105
LP1350A,09,23,,,,105
LP1350A,09,LG,,,,100
LP1350A,14,MT,,,,170
LP1350A,14,12,,,,175
LP1350A,14,13,,,,175
LP1350A,14,14,,,,175
LP1350A,14,15,,,,170
LP1350A,14,16,,,,170
LP1350A,14,23,,,,170
LP1350A,14,LG,,,,170
LP1350A,18,MT,,,,240
LP1350A,18,12,,,,245
LP1350A,18,13,,,,245
LP1350A,18,14,,,,245
LP1350A,18,15,,,,245
LP1350A,18,16,,,,245
LP1350A,18,23,,,,245
LP1350A,18,LG,,,,240
LP1350A,PLAT,MT,,,,195
LP1350A,PLAT,12,,,,200
LP1350A,PLAT,13,,,,200
LP1350A,PLAT,14,,,,200
LP1350A,PLAT,15,,,,200
LP1350A,PLAT,16,,,,200
LP1350A,PLAT,23,,,,200
LP1350A,PLAT,LG,,,,200
LP1801D,09,MT,,,,130
LP1801D,09,12,,,,240
LP1801D,09,13,,,,235
LP1801D,09,14,,,,225
LP1801D,09,15,,,,220
LP1801D,09,16,,,,210
LP1801D,09,23,,,,210
LP1801D,09,LG,,,,145
LP1801D,14,MT,,,,220
LP1801D,14,12,,,,330
LP1801D,14,13,,,,325
LP1801D,14,14,,,,315
LP1801D,14,15,,,,315
LP1801D,14,16,,,,305
LP1801D,14,23,,,,305
LP1801D,14,LG,,,,240
LP1801D,18,MT,,,,320
LP1801D,18,12,,,,430
LP1801D,18,13,,,,425
LP1801D,18,14,,,,410
LP1801D,18,15,,,,410
LP1801D,18,16,,,,400
LP1801D,18,23,,,,400
LP1801D,18,LG,,,,335
LP1801D,PLAT,MT,,,,260
LP1801D,PLAT,12,,,,370
LP1801D,PLAT,13,,,,365
LP1801D,PLAT,14,,,,355
LP1801D,PLAT,15,,,,355
LP1801D,PLAT,16,,,,345
LP1801D,PLAT,23,,,,345
LP1801D,PLAT,LG,,,,280
ME0539C,09,MT,,,,165
ME0539C,09,12,,,,270
ME0539C,09,13,,,,260
ME0539C,09,14,,,,260
ME0539C,09,15,,,,255
ME0539C,09,16,,,,250
ME0539C,09,23,,,,250
ME0539C,09,LG,,,,210
ME0539C,14,MT,,,,295
ME0539C,14,12,,,,395
ME0539C,14,13,,,,390
ME0539C,14,14,,,,385
ME0539C,14,15,,,,380
ME0539C,14,16,,,,375
ME0539C,14,23,,,,375
ME0539C,14,LG,,,,335
ME0539C,18,MT,,,,425
ME0539C,18,12,,,,525
ME0539C,18,13,,,,520
ME0539C,18,14,,,,515
ME0539C,18,15,,,,515
ME0539C,18,16,,,,510
ME0539C,18,23,,,,510
ME0539C,18,LG,,,,465
ME0539C,PLAT,MT,,,,350
ME0539C,PLAT,12,,,,450
ME0539C,PLAT,13,,,,440
ME0539C,PLAT,14,,,,440
ME0539C,PLAT,15,,,,435
ME0539C,PLAT,16,,,,430
ME0539C,PLAT,23,,,,430
ME0539C,PLAT,LG,,,,390
MP5013AA,09,MT,,,,105
MP5013AA,09,12,,,,155
MP5013AA,09,13,,,,150
MP5013AA,09,14,,,,150
MP5013AA,09,15,,,,150
MP5013AA,09,16,,,,145
MP5013AA,09,23,,,,145
MP5013AA,09,LG,,,,120
MP5013AA,14,MT,,,,175
MP5013AA,14,12,,,,225
MP5013AA,14,13,,,,220
MP5013AA,14,14,,,,220
MP5013AA,14,15,,,,220
MP5013AA,14,16,,,,215
MP5013AA,14,23,,,,215
MP5013AA,14,LG,,,,190
MP5013AA,18,MT,,,,250
MP5013AA,18,12,,,,300
MP5013AA,18,13,,,,295
MP5013AA,18,14,,,,295
MP5013AA,18,15,,,,290
MP5013AA,18,16,,,,290
MP5013AA,18,23,,,,290
MP5013AA,18,LG,,,,265
MP5013AA,PLAT,MT,,,,205
MP5013AA,PLAT,12,,,,255
MP5013AA,PLAT,13,,,,250
MP5013AA,PLAT,14,,,,250
MP5013AA,PLAT,15,,,,250
MP5013AA,PLAT,16,,,,245
MP5013AA,PLAT,23,,,,245
MP5013AA,PLAT,LG,,,,220
NP1203B,09,MT,,,,120
NP1203B,09,12,,,,220
NP1203B,09,13,,,,210
NP1203B,09,14,,,,205
NP1203B,09,15,,,,205
NP1203B,09,16,,,,200
NP1203B,09,23,,,,200
NP1203B,09,LG,,,,165
NP1203B,14,MT,,,,205
NP1203B,14,12,,,,300
NP1203B,14,13,,,,295
NP1203B,14,14,,,,290
NP1203B,14,15,,,,290
NP1203B,14,16,,,,285
NP1203B,14,23,,,,285
NP1203B,14,LG,,,,250
NP1203B,18,MT,,,,295
NP1203B,18,12,,,,390
NP1203B,18,13,,,,385
NP1203B,18,14,,,,380
NP1203B,18,15,,,,380
NP1203B,18,16,,,,375
NP1203B,18,23,,,,375
NP1203B,18,LG,,,,335
NP1203B,PLAT,MT,,,,240
NP1203B,PLAT,12,,,,340
NP1203B,PLAT,13,,,,335
NP1203B,PLAT,14,,,,330
NP1203B,PLAT,15,,,,325
NP1203B,PLAT,16,,,,320
NP1203B,PLAT,23,,,,320
NP1203B,PLAT,LG,,,,285
PE0287F,09,MT,,,,140
PE0287F,09,12,,,,335
PE0287F,09,13,,,,320
PE0287F,09,14,,,,310
PE0287F,09,15,,,,300
PE0287F,09,16,,,,290
PE0287F,09,23,,,,290
PE0287F,09,LG,,,,205
PE0287F,14,MT,,,,240
PE0287F,14,12,,,,435
PE0287F,14,13,,,,420
PE0287F,14,14,,,,410
PE0287F,14,15,,,,400
PE0287F,14,16,,,,390
PE0287F,14,23,,,,390
PE0287F,14,LG,,,,305
PE0287F,18,MT,,,,345
PE0287F,18,12,,,,545
PE0287F,18,13,,,,525
PE0287F,18,14,,,,515
PE0287F,18,15,,,,510
PE0287F,18,16,,,,495
PE0287F,18,23,,,,495
PE0287F,18,LG,,,,410
PE0287F,PLAT,MT,,,,285
PE0287F,PLAT,12,,,,480
PE0287F,PLAT,13,,,,465
PE0287F,PLAT,14,,,,455
PE0287F,PLAT,15,,,,445
PE0287F,PLAT,16,,,,435
PE0287F,PLAT,23,,,,435
PE0287F,PLAT,LG,,,,350
PE1045F,09,MT,,,,185
PE1045F,09,12,,,,500
PE1045F,09,13,,,,480
PE1045F,09,14,,,,465
PE1045F,09,15,,,,460
PE1045F,09,16,,,,445
PE1045F,09,23,,,,445
PE1045F,09,LG,,,,325
PE1045F,14,MT,,,,330
PE1045F,14,12,,,,640
PE1045F,14,13,,,,625
PE1045F,14,14,,,,610
PE1045F,14,15,,,,605
PE1045F,14,16,,,,590
PE1045F,14,23,,,,590
PE1045F,14,LG,,,,465
PE1045F,18,MT,,,,480
PE1045F,18,12,,,,790
PE1045F,18,13,,,,775
PE1045F,18,14,,,,760
PE1045F,18,15,,,,755
PE1045F,18,16,,,,735
PE1045F,18,23,,,,735
PE1045F,18,LG,,,,615
PE1045F,PLAT,MT,,,,390
PE1045F,PLAT,12,,,,705
PE1045F,PLAT,13,,,,685
PE1045F,PLAT,14,,,,670
PE1045F,PLAT,15,,,,665
PE1045F,PLAT,16,,,,650
PE1045F,PLAT,23,,,,650
PE1045F,PLAT,LG,,,,530
PN1676D,09,MT,,,,105
PN1676D,09,12,,,,210
PN1676D,09,13,,,,200
PN1676D,09,14,,,,190
PN1676D,09,15,,,,190
PN1676D,09,16,,,,180
PN1676D,09,23,,,,180
PN1676D,09,LG,,,,140
PN1676D,14,MT,,,,180
PN1676D,14,12,,,,280
PN1676D,14,13,,,,270
PN1676D,14,14,,,,265
PN1676D,14,15,,,,260
PN1676D,14,16,,,,255
PN1676D,14,23,,,,255
PN1676D,14,LG,,,,215
PN1676D,18,MT,,,,255
PN1676D,18,12,,,,355
PN1676D,18,13,,,,345
PN1676D,18,14,,,,340
PN1676D,18,15,,,,335
PN1676D,18,16,,,,330
PN1676D,18,23,,,,330
PN1676D,18,LG,,,,290
PN1676D,PLAT,MT,,,,210
PN1676D,PLAT,12,,,,310
PN1676D,PLAT,13,,,,305
PN1676D,PLAT,14,,,,295
PN1676D,PLAT,15,,,,290
PN1676D,PLAT,16,,,,285
PN1676D,PLAT,23,,,,285
PN1676D,PLAT,LG,,,,245
PN1691D,09,MT,,,,85
PN1691D,09,12,,,,190
PN1691D,09,13,,,,180
PN1691D,09,14,,,,170
PN1691D,09,15,,,,170
PN1691D,09,16,,,,160
PN1691D,09,23,,,,160
PN1691D,09,LG,,,,120
PN1691D,14,MT,,,,145
PN1691D,14,12,,,,245
PN1691D,14,13,,,,235
PN1691D,14,14,,,,225
PN1691D,14,15,,,,225
PN1691D,14,16,,,,220
PN1691D,14,23,,,,220
PN1691D,14,LG,,,,175
PN1691D,18,MT,,,,200
PN1691D,18,12,,,,300
PN1691D,18,13,,,,290
PN1691D,18,14,,,,285
PN1691D,18,15,,,,280
PN1691D,18,16,,,,275
PN1691D,18,23,,,,275
PN1691D,18,LG,,,,235
PN1691D,PLAT,MT,,,,165
PN1691D,PLAT,12,,,,265
PN1691D,PLAT,13,,,,260
PN1691D,PLAT,14,,,,250
PN1691D,PLAT,15,,,,245
PN1691D,PLAT,16,,,,240
PN1691D,PLAT,23,,,,240
PN1691D,PLAT,LG,,,,200
PP0647A,09,MT,,,,60
PP0647A,09,12,,,,170
PP0647A,09,13,,,,170
PP0647A,09,14,,,,170
PP0647A,09,15,,,,170
PP0647A,09,16,,,,170
PP0647A,09,23,,,,170
PP0647A,09,LG,,,,75
PP0647A,14,MT,,,,95
PP0647A,14,12,,,,200
PP0647A,14,13,,,,200
PP0647A,14,14,,,,200
PP0647A,14,15,,,,200
PP0647A,14,16,,,,200
PP0647A,14,23,,,,200
PP0647A,14,LG,,,,110
PP0647A,18,MT,,,,125
PP0647A,18,12,,,,235
PP0647A,18,13,,,,235
PP0647A,18,14,,,,235
PP0647A,18,15,,,,235
PP0647A,18,16,,,,235
PP0647A,18,23,,,,235
PP0647A,18,LG,,,,140
PP0647A,PLAT,MT,,,,105
PP0647A,PLAT,12,,,,215
PP0647A,PLAT,13,,,,215
PP0647A,PLAT,14,,,,215
PP0647A,PLAT,15,,,,215
PP0647A,PLAT,16,,,,215
PP0647A,PLAT,23,,,,215
PP0647A,PLAT,LG,,,,125
PP0648D,09,MT,,,,105
PP0648D,09,12,,,,275
PP0648D,09,13,,,,270
PP0648D,09,14,,,,265
PP0648D,09,15,,,,265
PP0648D,09,16,,,,260
PP0648D,09,23,,,,260
PP0648D,09,LG,,,,140
PP0648D,14,MT,,,,175
PP0648D,14,12,,,,345
PP0648D,14,13,,,,340
PP0648D,14,14,,,,335
PP0648D,14,15,,,,335
PP0648D,14,16,,,,330
PP0648D,14,23,,,,330
PP0648D,14,LG,,,,210
PP0648D,18,MT,,,,245
PP0648D,18,12,,,,415
PP0648D,18,13,,,,415
PP0648D,18,14,,,,410
PP0648D,18,15,,,,410
PP0648D,18,16,,,,405
PP0648D,18,23,,,,405
PP0648D,18,LG,,,,285
PP0648D,PLAT,MT,,,,205
PP0648D,PLAT,12,,,,375
PP0648D,PLAT,13,,,,370
PP0648D,PLAT,14,,,,365
PP0648D,PLAT,15,,,,365
PP0648D,PLAT,16,,,,360
PP0648D,PLAT,23,,,,360
PP0648D,PLAT,LG,,,,240
PP1596A,09,MT,,,,150
PP1596A,09,12,,,,155
PP1596A,09,13,,,,155
PP1596A,09,14,,,,155
PP1596A,09,15,,,,155
PP1596A,09,16,,,,155
PP1596A,09,23,,,,155
PP1596A,09,LG,,,,150
PP1596A,14,MT,,,,255
PP1596A,14,12,,,,265
PP1596A,14,13,,,,265
PP1596A,14,14,,,,265
PP1596A,14,15,,,,265
PP1596A,14,16,,,,265
PP1596A,14,23,,,,265
PP1596A,14,LG,,,,260
PP1596A,18,MT,,,,370
PP1596A,18,12,,,,380
PP1596A,18,13,,,,380
PP1596A,18,14,,,,380
PP1596A,18,15,,,,380
PP1596A,18,16,,,,375
PP1596A,18,23,,,,375
PP1596A,18,LG,,,,375
PP1596A,PLAT,MT,,,,305
PP1596A,PLAT,12,,,,315
PP1596A,PLAT,13,,,,310
PP1596A,PLAT,14,,,,310
PP1596A,PLAT,15,,,,310
PP1596A,PLAT,16,,,,310
PP1596A,PLAT,23,,,,310
PP1596A,PLAT,LG,,,,305
QE0783F,09,MT,,,,140
QE0783F,09,12,,,,480
QE0783F,09,13,,,,450
QE0783F,09,14,,,,425
QE0783F,09,15,,,,415
QE0783F,09,16,,,,395
QE0783F,09,23,,,,370
QE0783F,09,LG,,,,170
QE0783F,14,MT,,,,240
QE0783F,14,12,,,,580
QE0783F,14,13,,,,555
QE0783F,14,14,,,,525
QE0783F,14,15,,,,515
QE0783F,14,16,,,,500
QE0783F,14,23,,,,470
QE0783F,14,LG,,,,275
QE0783F,18,MT,,,,345
QE0783F,18,12,,,,685
QE0783F,18,13,,,,660
QE0783F,18,14,,,,630
QE0783F,18,15,,,,620
QE0783F,18,16,,,,605
QE0783F,18,23,,,,575
QE0783F,18,LG,,,,380
QE0783F,PLAT,MT,,,,280
QE0783F,PLAT,12,,,,625
QE0783F,PLAT,13,,,,595
QE0783F,PLAT,14,,,,570
QE0783F,PLAT,15,,,,560
QE0783F,PLAT,16,,,,540
QE0783F,PLAT,23,,,,515
QE0783F,PLAT,LG,,,,315
QE1165C,09,MT,,,,170
QE1165C,09,12,,,,315
QE1165C,09,13,,,,305
QE1165C,09,14,,,,300
QE1165C,09,15,,,,300
QE1165C,09,16,,,,290
QE1165C,09,23,,,,290
QE1165C,09,LG,,,,240
QE1165C,14,MT,,,,300
QE1165C,14,12,,,,445
QE1165C,14,13,,,,435
QE1165C,14,14,,,,430
QE1165C,14,15,,,,425
QE1165C,14,16,,,,420
QE1165C,14,23,,,,420
QE1165C,14,LG,,,,370
QE1165C,18,MT,,,,435
QE1165C,18,12,,,,580
QE1165C,18,13,,,,570
QE1165C,18,14,,,,565
QE1165C,18,15,,,,565
QE1165C,18,16,,,,555
QE1165C,18,23,,,,555
QE1165C,18,LG,,,,505
QE1165C,PLAT,MT,,,,355
QE1165C,PLAT,12,,,,500
QE1165C,PLAT,13,,,,490
QE1165C,PLAT,14,,,,485
QE1165C,PLAT,15,,,,485
QE1165C,PLAT,16,,,,475
QE1165C,PLAT,23,,,,475
QE1165C,PLAT,LG,,,,425
QE1479D,09,MT,,,,150
QE1479D,09,12,,,,320
QE1479D,09,13,,,,310
QE1479D,09,14,,,,305
QE1479D,09,15,,,,300
QE1479D,09,16,,,,295
QE1479D,09,23,,,,295
QE1479D,09,LG,,,,235
QE1479D,14,MT,,,,260
QE1479D,14,12,,,,430
QE1479D,14,13,,,,420
QE1479D,14,14,,,,415
QE1479D,14,15,,,,410
QE1479D,14,16,,,,405
QE1479D,14,23,,,,405
QE1479D,14,LG,,,,345
QE1479D,18,MT,,,,375
QE1479D,18,12,,,,545
QE1479D,18,13,,,,535
QE1479D,18,14,,,,530
QE1479D,18,15,,,,525
QE1479D,18,16,,,,520
QE1479D,18,23,,,,520
QE1479D,18,LG,,,,460
QE1479D,PLAT,MT,,,,310
QE1479D,PLAT,12,,,,480
QE1479D,PLAT,13,,,,470
QE1479D,PLAT,14,,,,460
QE1479D,PLAT,15,,,,460
QE1479D,PLAT,16,,,,450
QE1479D,PLAT,23,,,,450
QE1479D,PLAT,LG,,,,390
QP1246A,09,MT,,,,80
QP1246A,09,12,,,,110
QP1246A,09,13,,,,110
QP1246A,09,14,,,,110
QP1246A,09,15,,,,110
QP1246A,09,16,,,,105
QP1246A,09,23,,,,105
QP1246A,09,LG,,,,95
QP1246A,14,MT,,,,125
QP1246A,14,12,,,,160
QP1246A,14,13,,,,155
QP1246A,14,14,,,,155
QP1246A,14,15,,,,155
QP1246A,14,16,,,,155
QP1246A,14,23,,,,155
QP1246A,14,LG,,,,140
QP1246A,18,MT,,,,175
QP1246A,18,12,,,,210
QP1246A,18,13,,,,205
QP1246A,18,14,,,,205
QP1246A,18,15,,,,205
QP1246A,18,16,,,,205
QP1246A,18,23,,,,205
QP1246A,18,LG,,,,190
QP1246A,PLAT,MT,,,,145
QP1246A,PLAT,12,,,,180
QP1246A,PLAT,13,,,,175
QP1246A,PLAT,14,,,,175
QP1246A,PLAT,15,,,,175
QP1246A,PLAT,16,,,,175
QP1246A,PLAT,23,,,,175
QP1246A,PLAT,LG,,,,160
SE1011K,09,MT,,,,215
SE1011K,09,12,,,,670
SE1011K,09,13,,,,630
SE1011K,09,14,,,,600
SE1011K,09,15,,,,590
SE1011K,09,16,,,,560
SE1011K,09,23,,,,550
SE1011K,09,LG,,,,295
SE1011K,14,MT,,,,380
SE1011K,14,12,,,,840
SE1011K,14,13,,,,800
SE1011K,14,14,,,,770
SE1011K,14,15,,,,760
SE1011K,14,16,,,,730
SE1011K,14,23,,,,720
SE1011K,14,LG,,,,465
SE1011K,18,MT,,,,555
SE1011K,18,12,,,,1015
SE1011K,18,13,,,,975
SE1011K,18,14,,,,945
SE1011K,18,15,,,,935
SE1011K,18,16,,,,905
SE1011K,18,23,,,,895
SE1011K,18,LG,,,,640
SE1011K,PLAT,MT,,,,455
SE1011K,PLAT,12,,,,910
SE1011K,PLAT,13,,,,870
SE1011K,PLAT,14,,,,840
SE1011K,PLAT,15,,,,830
SE1011K,PLAT,16,,,,800
SE1011K,PLAT,23,,,,790
SE1011K,PLAT,LG,,,,535
SE1355F,09,MT,,,,160
SE1355F,09,12,,,,460
SE1355F,09,13,,,,430
SE1355F,09,14,,,,400
SE1355F,09,15,,,,390
SE1355F,09,16,,,,370
SE1355F,09,23,,,,370
SE1355F,09,LG,,,,225
SE1355F,14,MT,,,,280
SE1355F,14,12,,,,575
SE1355F,14,13,,,,550
SE1355F,14,14,,,,520
SE1355F,14,15,,,,510
SE1355F,14,16,,,,490
SE1355F,14,23,,,,490
SE1355F,14,LG,,,,345
SE1355F,18,MT,,,,405
SE1355F,18,12,,,,700
SE1355F,18,13,,,,675
SE1355F,18,14,,,,645
SE1355F,18,15,,,,635
SE1355F,18,16,,,,615
SE1355F,18,23,,,,615
SE1355F,18,LG,,,,470
SE1355F,PLAT,MT,,,,330
SE1355F,PLAT,12,,,,630
SE1355F,PLAT,13,,,,600
SE1355F,PLAT,14,,,,570
SE1355F,PLAT,15,,,,560
SE1355F,PLAT,16,,,,540
SE1355F,PLAT,23,,,,540
SE1355F,PLAT,LG,,,,395
SE5836H,09,MT,,,,120
SE5836H,09,12,,,,805
SE5836H,09,13,,,,750
SE5836H,09,14,,,,695
SE5836H,09,15,,,,675
SE5836H,09,16,,,,640
SE5836H,09,23,,,,585
SE5836H,09,LG,,,,190
SE5836H,14,MT,,,,205
SE5836H,14,12,,,,885
SE5836H,14,13,,,,830
SE5836H,14,14,,,,775
SE5836H,14,15,,,,755
SE5836H,14,16,,,,720
SE5836H,14,23,,,,665
SE5836H,14,LG,,,,270
SE5836H,18,MT,,,,290
SE5836H,18,12,,,,975
SE5836H,18,13,,,,920
SE5836H,18,14,,,,865
SE5836H,18,15,,,,845
SE5836H,18,16,,,,810
SE5836H,18,23,,,,755
SE5836H,18,LG,,,,360
SE5836H,PLAT,MT,,,,240
SE5836H,PLAT,12,,,,920
SE5836H,PLAT,13,,,,865
SE5836H,PLAT,14,,,,810
SE5836H,PLAT,15,,,,790
SE5836H,PLAT,16,,,,755
SE5836H,PLAT,23,,,,700
SE5836H,PLAT,LG,,,,305
SK0735Z,09,MT,,,,70
SK0735Z,09,12,,,,220
SK0735Z,09,13,,,,210
SK0735Z,09,14,,,,200
SK0735Z,09,15,,,,195
SK0735Z,09,16,,,,190
SK0735Z,09,23,,,,180
SK0735Z,09,LG,,,,110
SK0735Z,14,MT,,,,115
SK0735Z,14,12,,,,265
SK0735Z,14,13,,,,250
SK0735Z,14,14,,,,240
SK0735Z,14,15,,,,235
SK0735Z,14,16,,,,230
SK0735Z,14,23,,,,220
SK0735Z,14,LG,,,,150
SK0735Z,18,MT,,,,155
SK0735Z,18,12,,,,305
SK0735Z,18,13,,,,295
SK0735Z,18,14,,,,285
SK0735Z,18,15,,,,280
SK0735Z,18,16,,,,270
SK0735Z,18,23,,,,265
SK0735Z,18,LG,,,,195
SK0735Z,PLAT,MT,,,,130
SK0735Z,PLAT,12,,,,280
SK0735Z,PLAT,13,,,,270
SK0735Z,PLAT,14,,,,260
SK0735Z,PLAT,15,,,,255
SK0735Z,PLAT,16,,,,245
SK0735Z,PLAT,23,,,,240
SK0735Z,PLAT,LG,,,,170
SK1740D,09,MT,,,,170
SK1740D,09,12,,,,260
SK1740D,09,13,,,,255
SK1740D,09,14,,,,250
SK1740D,09,15,,,,245
SK1740D,09,16,,,,240
SK1740D,09,23,,,,240
SK1740D,09,LG,,,,200
SK1740D,14,MT,,,,305
SK1740D,14,12,,,,395
SK1740D,14,13,,,,385
SK1740D,14,14,,,,380
SK1740D,14,15,,,,375
SK1740D,14,16,,,,370
SK1740D,14,23,,,,370
SK1740D,14,LG,,,,330
SK1740D,18,MT,,,,440
SK1740D,18,12,,,,530
SK1740D,18,13,,,,520
SK1740D,18,14,,,,515
SK1740D,18,15,,,,515
SK1740D,18,16,,,,510
SK1740D,18,23,,,,505
SK1740D,18,LG,,,,470
SK1740D,PLAT,MT,,,,360
SK1740D,PLAT,12,,,,450
SK1740D,PLAT,13,,,,440
SK1740D,PLAT,14,,,,435
SK1740D,PLAT,15,,,,435
SK1740D,PLAT,16,,,,430
SK1740D,PLAT,23,,,,425
SK1740D,PLAT,LG,,,,390
SP5834H,09,MT,,,,90
SP5834H,09,12,,,,105
SP5834H,09,13,,,,105
SP5834H,09,14,,,,105
SP5834H,09,15,,,,105
SP5834H,09,16,,,,105
SP5834H,09,23,,,,105
SP5834H,09,LG,,,,95
SP5834H,14,MT,,,,145
SP5834H,14,12,,,,160
SP5834H,14,13,,,,160
SP5834H,14,14,,,,160
SP5834H,14,15,,,,160
SP5834H,14,16,,,,160
SP5834H,14,23,,,,160
SP5834H,14,LG,,,,150
SP5834H,18,MT,,,,200
SP5834H,18,12,,,,220
SP5834H,18,13,,,,220
SP5834H,18,14,,,,220
SP5834H,18,15,,,,220
SP5834H,18,16,,,,215
SP5834H,18,23,,,,215
SP5834H,18,LG,,,,210
SP5834H,PLAT,MT,,,,170
SP5834H,PLAT,12,,,,185
SP5834H,PLAT,13,,,,185
SP5834H,PLAT,14,,,,185
SP5834H,PLAT,15,,,,185
SP5834H,PLAT,16,,,,185
SP5834H,PLAT,23,,,,185
SP5834H,PLAT,LG,,,,175
TE2394BA,09,MT,,,,565
TE2394BA,09,12,,,,620
TE2394BA,09,13,,,,615
TE2394BA,09,14,,,,615
TE2394BA,09,15,,,,610
TE2394BA,09,16,,,,610
TE2394BA,09,23,,,,610
TE2394BA,09,LG,,,,585
TE2394BA,14,MT,,,,1045
TE2394BA,14,12,,,,1100
TE2394BA,14,13,,,,1095
TE2394BA,14,14,,,,1095
TE2394BA,14,15,,,,1090
TE2394BA,14,16,,,,1090
TE2394BA,14,23,,,,1090
TE2394BA,14,LG,,,,1065
TE2394BA,18,MT,,,,1550
TE2394BA,18,12,,,,1605
TE2394BA,18,13,,,,1600
TE2394BA,18,14,,,,1595
TE2394BA,18,15,,,,1595
TE2394BA,18,16,,,,1590
TE2394BA,18,23,,,,1590
TE2394BA,18,LG,,,,1570
TE2394BA,PLAT,MT,,,,1255
TE2394BA,PLAT,12,,,,1310
TE2394BA,PLAT,13,,,,1305
TE2394BA,PLAT,14,,,,1300
TE2394BA,PLAT,15,,,,1300
TE2394BA,PLAT,16,,,,1295
TE2394BA,PLAT,23,,,,1295
TE2394BA,PLAT,LG,,,,1270
TE4431F,09,MT,,,,110
TE4431F,09,12,,,,285
TE4431F,09,13,,,,270
TE4431F,09,14,,,,260
TE4431F,09,15,,,,255
TE4431F,09,16,,,,240
TE4431F,09,23,,,,240
TE4431F,09,LG,,,,155
TE4431F,14,MT,,,,190
TE4431F,14,12,,,,360
TE4431F,14,13,,,,345
TE4431F,14,14,,,,335
TE4431F,14,15,,,,330
TE4431F,14,16,,,,320
TE4431F,14,23,,,,315
TE4431F,14,LG,,,,235
TE4431F,18,MT,,,,270
TE4431F,18,12,,,,440
TE4431F,18,13,,,,425
TE4431F,18,14,,,,415
TE4431F,18,15,,,,410
TE4431F,18,16,,,,400
TE4431F,18,23,,,,395
TE4431F,18,LG,,,,315
TE4431F,PLAT,MT,,,,220
TE4431F,PLAT,12,,,,395
TE4431F,PLAT,13,,,,380
TE4431F,PLAT,14,,,,365
TE4431F,PLAT,15,,,,360
TE4431F,PLAT,16,,,,350
TE4431F,PLAT,23,,,,350
TE4431F,PLAT,LG,,,,265
TE4478F,09,MT,,,,55
TE4478F,09,12,,,,230
TE4478F,09,13,,,,215
TE4478F,09,14,,,,200
TE4478F,09,15,,,,195
TE4478F,09,16,,,,185
TE4478F,09,23,,,,180
TE4478F,09,LG,,,,95
TE4478F,14,MT,,,,80
TE4478F,14,12,,,,255
TE4478F,14,13,,,,240
TE4478F,14,14,,,,225
TE4478F,14,15,,,,225
TE4478F,14,16,,,,215
TE4478F,14,23,,,,205
TE4478F,14,LG,,,,120
TE4478F,18,MT,,,,110
TE4478F,18,12,,,,280
TE4478F,18,13,,,,265
TE4478F,18,14,,,,255
TE4478F,18,15,,,,250
TE4478F,18,16,,,,240
TE4478F,18,23,,,,230
TE4478F,18,LG,,,,150
TE4478F,PLAT,MT,,,,90
TE4478F,PLAT,12,,,,265
TE4478F,PLAT,13,,,,250
TE4478F,PLAT,14,,,,240
TE4478F,PLAT,15,,,,235
TE4478F,PLAT,16,,,,225
TE4478F,PLAT,23,,,,215
TE4478F,PLAT,LG,,,,135
TE5109A,09,MT,,,,210
TE5109A,09,12,,,,270
TE5109A,09,13,,,,265
TE5109A,09,14,,,,265
TE5109A,09,15,,,,265
TE5109A,09,16,,,,260
TE5109A,09,23,,,,260
TE5109A,09,LG,,,,235
TE5109A,14,MT,,,,375
TE5109A,14,12,,,,435
TE5109A,14,13,,,,430
TE5109A,14,14,,,,430
TE5109A,14,15,,,,425
TE5109A,14,16,,,,425
TE5109A,14,23,,,,425
TE5109A,14,LG,,,,400
TE5109A,18,MT,,,,545
TE5109A,18,12,,,,605
TE5109A,18,13,,,,600
TE5109A,18,14,,,,600
TE5109A,18,15,,,,600
TE5109A,18,16,,,,595
TE5109A,18,23,,,,595
TE5109A,18,LG,,,,570
TE5109A,PLAT,MT,,,,445
TE5109A,PLAT,12,,,,505
TE5109A,PLAT,13,,,,500
TE5109A,PLAT,14,,,,500
TE5109A,PLAT,15,,,,500
TE5109A,PLAT,16,,,,495
TE5109A,PLAT,23,,,,495
TE5109A,PLAT,LG,,,,470
TN1548A,09,MT,,,,115
TN1548A,09,12,,,,135
TN1548A,09,13,,,,135
TN1548A,09,14,,,,135
TN1548A,09,15,,,,135
TN1548A,09,16,,,,135
TN1548A,09,23,,,,135
TN1548A,09,LG,,,,125
TN1548A,14,MT,,,,195
TN1548A,14,12,,,,215
TN1548A,14,13,,,,215
TN1548A,14,14,,,,215
TN1548A,14,15,,,,215
TN1548A,14,16,,,,215
TN1548A,14,23,,,,215
TN1548A,14,LG,,,,205
TN1548A,18,MT,,,,280
TN1548A,18,12,,,,300
TN1548A,18,13,,,,300
TN1548A,18,14,,,,300
TN1548A,18,15,,,,300
TN1548A,18,16,,,,295
TN1548A,18,23,,,,295
TN1548A,18,LG,,,,285
TN1548A,PLAT,MT,,,,230
TN1548A,PLAT,12,,,,250
TN1548A,PLAT,13,,,,250
TN1548A,PLAT,14,,,,250
TN1548A,PLAT,15,,,,250
TN1548A,PLAT,16,,,,250
TN1548A,PLAT,23,,,,250
TN1548A,PLAT,LG,,,,240
TP1893A,09,MT,,,,65
TP1893A,09,12,,,,95
TP1893A,09,13,,,,95
TP1893A,09,14,,,,90
TP1893A,09,15,,,,90
TP1893A,09,16,,,,90
TP1893A,09,23,,,,90
TP1893A,09,LG,,,,75
TP1893A,14,MT,,,,105
TP1893A,14,12,,,,130
TP1893A,14,13,,,,130
TP1893A,14,14,,,,130
TP1893A,14,15,,,,130
TP1893A,14,16,,,,125
TP1893A,14,23,,,,125
TP1893A,14,LG,,,,115
TP1893A,18,MT,,,,140
TP1893A,18,12,,,,170
TP1893A,18,13,,,,170
TP1893A,18,14,,,,165
TP1893A,18,15,,,,165
TP1893A,18,16,,,,165
TP1893A,18,23,,,,165
TP1893A,18,LG,,,,155
TP1893A,PLAT,MT,,,,120
TP1893A,PLAT,12,,,,150
TP1893A,PLAT,13,,,,145
TP1893A,PLAT,14,,,,145
TP1893A,PLAT,15,,,,145
TP1893A,PLAT,16,,,,140
TP1893A,PLAT,23,,,,140
TP1893A,PLAT,LG,,,,130
TP1894A,09,MT,,,,130
TP1894A,09,12,,,,190
TP1894A,09,13,,,,185
TP1894A,09,14,,,,180
TP1894A,09,15,,,,180
TP1894A,09,16,,,,175
TP1894A,09,23,,,,175
TP1894A,09,LG,,,,145
TP1894A,14,MT,,,,225
TP1894A,14,12,,,,280
TP1894A,14,13,,,,275
TP1894A,14,14,,,,275
TP1894A,14,15,,,,275
TP1894A,14,16,,,,270
TP1894A,14,23,,,,270
TP1894A,14,LG,,,,240
TP1894A,18,MT,,,,325
TP1894A,18,12,,,,380
TP1894A,18,13,,,,375
TP1894A,18,14,,,,375
TP1894A,18,15,,,,370
TP1894A,18,16,,,,370
TP1894A,18,23,,,,370
TP1894A,18,LG,,,,340
TP1894A,PLAT,MT,,,,265
TP1894A,PLAT,12,,,,320
TP1894A,PLAT,13,,,,320
TP1894A,PLAT,14,,,,315
TP1894A,PLAT,15,,,,315
TP1894A,PLAT,16,,,,310
TP1894A,PLAT,23,,,,310
TP1894A,PLAT,LG,,,,280
TP3257F,09,MT,,,,70
TP3257F,09,12,,,,315
TP3257F,09,13,,,,295
TP3257F,09,14,,,,275
TP3257F,09,15,,,,270
TP3257F,09,16,,,,250
TP3257F,09,23,,,,245
TP3257F,09,LG,,,,110
TP3257F,14,MT,,,,115
TP3257F,14,12,,,,355
TP3257F,14,13,,,,335
TP3257F,14,14,,,,320
TP3257F,14,15,,,,310
TP3257F,14,16,,,,295
TP3257F,14,23,,,,290
TP3257F,14,LG,,,,150
TP3257F,18,MT,,,,160
TP3257F,18,12,,,,400
TP3257F,18,13,,,,380
TP3257F,18,14,,,,365
TP3257F,18,15,,,,355
TP3257F,18,16,,,,335
TP3257F,18,23,,,,330
TP3257F,18,LG,,,,195
TP3257F,PLAT,MT,,,,130
TP3257F,PLAT,12,,,,375
TP3257F,PLAT,13,,,,355
TP3257F,PLAT,14,,,,335
TP3257F,PLAT,15,,,,330
TP3257F,PLAT,16,,,,310
TP3257F,PLAT,23,,,,305
TP3257F,PLAT,LG,,,,170
TP4431D,09,MT,,,,70
TP4431D,09,12,,,,160
TP4431D,09,13,,,,150
TP4431D,09,14,,,,145
TP4431D,09,15,,,,140
TP4431D,09,16,,,,135
TP4431D,09,23,,,,135
TP4431D,09,LG,,,,95
TP4431D,14,MT,,,,110
TP4431D,14,12,,,,200
TP4431D,14,13,,,,190
TP4431D,14,14,,,,185
TP4431D,14,15,,,,185
TP4431D,14,16,,,,175
TP4431D,14,23,,,,175
TP4431D,14,LG,,,,135
TP4431D,18,MT,,,,155
TP4431D,18,12,,,,240
TP4431D,18,13,,,,235
TP4431D,18,14,,,,230
TP4431D,18,15,,,,225
TP4431D,18,16,,,,220
TP4431D,18,23,,,,220
TP4431D,18,LG,,,,175
TP4431D,PLAT,MT,,,,130
TP4431D,PLAT,12,,,,215
TP4431D,PLAT,13,,,,210
TP4431D,PLAT,14,,,,205
TP4431D,PLAT,15,,,,200
TP4431D,PLAT,16,,,,195
TP4431D,PLAT,23,,,,195
TP4431D,PLAT,LG,,,,150
TP4431F,09,MT,,,,70
TP4431F,09,12,,,,265
TP4431F,09,13,,,,250
TP4431F,09,14,,,,230
TP4431F,09,15,,,,225
TP4431F,09,16,,,,215
TP4431F,09,23,,,,205
TP4431F,09,LG,,,,110
TP4431F,14,MT,,,,115
TP4431F,14,12,,,,305
TP4431F,14,13,,,,290
TP4431F,14,14,,,,270
TP4431F,14,15,,,,265
TP4431F,14,16,,,,255
TP4431F,14,23,,,,245
TP4431F,14,LG,,,,150
TP4431F,18,MT,,,,155
TP4431F,18,12,,,,350
TP4431F,18,13,,,,335
TP4431F,18,14,,,,315
TP4431F,18,15,,,,310
TP4431F,18,16,,,,300
TP4431F,18,23,,,,290
TP4431F,18,LG,,,,195
TP4431F,PLAT,MT,,,,130
TP4431F,PLAT,12,,,,325
TP4431F,PLAT,13,,,,305
TP4431F,PLAT,14,,,,290
TP4431F,PLAT,15,,,,285
TP4431F,PLAT,16,,,,270
TP4431F,PLAT,23,,,,265
TP4431F,PLAT,LG,,,,170
TXE01989,09,MT,,,,60
TXE01989,09,12,,,,440
TXE01989,09,13,,,,440
TXE01989,09,14,,,,515
TXE01989,09,15,,,,515
TXE01989,09,16,,,,515
TXE01989,09,23,,,,515
TXE01989,09,LG,,,,125
TXE01989,14,MT,,,,90
TXE01989,14,12,,,,470
TXE01989,14,13,,,,470
TXE01989,14,14,,,,545
TXE01989,14,15,,,,545
TXE01989,14,16,,,,545
TXE01989,14,23,,,,545
TXE01989,14,LG,,,,155
TXE01989,18,MT,,,,125
TXE01989,18,12,,,,505
TXE01989,18,13,,,,505
TXE01989,18,14,,,,580
TXE01989,18,15,,,,580
TXE01989,18,16,,,,580
TXE01989,18,23,,,,580
TXE01989,18,LG,,,,190
TXE01989,PLAT,MT,,,,105
TXE01989,PLAT,12,,,,485
TXE01989,PLAT,13,,,,485
TXE01989,PLAT,14,,,,560
TXE01989,PLAT,15,,,,560
TXE01989,PLAT,16,,,,560
TXE01989,PLAT,23,,,,560
TXE01989,PLAT,LG,,,,170
TXE01999,09,MT,,,,60
TXE01999,09,12,,,,555
TXE01999,09,13,,,,555
TXE01999,09,14,,,,515
TXE01999,09,15,,,,515
TXE01999,09,16,,,,515
TXE01999,09,23,,,,515
TXE01999,09,LG,,,,125
TXE01999,14,MT,,,,90
TXE01999,14,12,,,,585
TXE01999,14,13,,,,585
TXE01999,14,14,,,,545
TXE01999,14,15,,,,545
TXE01999,14,16,,,,545
TXE01999,14,23,,,,545
TXE01999,14,LG,,,,155
TXE01999,18,MT,,,,125
TXE01999,18,12,,,,620
TXE01999,18,13,,,,620
TXE01999,18,14,,,,580
TXE01999,18,15,,,,580
TXE01999,18,16,,,,580
TXE01999,18,23,,,,580
TXE01999,18,LG,,,,190
TXE01999,PLAT,MT,,,,105
TXE01999,PLAT,12,,,,600
TXE01999,PLAT,13,,,,600
TXE01999,PLAT,14,,,,560
TXE01999,PLAT,15,,,,560
TXE01999,PLAT,16,,,,560
TXE01999,PLAT,23,,,,560
TXE01999,PLAT,LG,,,,170
TXE03829,09,MT,,,,60
TXE03829,09,12,,,,60
TXE03829,09,13,,,,60
TXE03829,09,14,,,,60
TXE03829,09,15,,,,60
TXE03829,09,16,,,,60
TXE03829,09,23,,,,60
TXE03829,09,LG,,,,60
TXE03829,14,MT,,,,90
TXE03829,14,12,,,,90
TXE03829,14,13,,,,90
TXE03829,14,14,,,,90
TXE03829,14,15,,,,90
TXE03829,14,16,,,,90
TXE03829,14,23,,,,90
TXE03829,14,LG,,,,90
TXE03829,18,MT,,,,125
TXE03829,18,12,,,,125
TXE03829,18,13,,,,125
TXE03829,18,14,,,,125
TXE03829,18,15,,,,125
TXE03829,18,16,,,,125
TXE03829,18,23,,,,125
TXE03829,18,LG,,,,125
TXE03829,PLAT,MT,,,,105
TXE03829,PLAT,12,,,,105
TXE03829,PLAT,13,,,,105
TXE03829,PLAT,14,,,,105
TXE03829,PLAT,15,,,,105
TXE03829,PLAT,16,,,,105
TXE03829,PLAT,23,,,,105
TXE03829,PLAT,LG,,,,105
TXE03831,09,MT,,,,60
TXE03831,09,12,,,,65
TXE03831,09,13,,,,65
TXE03831,09,14,,,,65
TXE03831,09,15,,,,65
TXE03831,09,16,,,,65
TXE03831,09,23,,,,65
TXE03831,09,LG,,,,65
TXE03831,14,MT,,,,95
TXE03831,14,12,,,,95
TXE03831,14,13,,,,95
TXE03831,14,14,,,,95
TXE03831,14,15,,,,95
TXE03831,14,16,,,,95
TXE03831,14,23,,,,95
TXE03831,14,LG,,,,95
TXE03831,18,MT,,,,130
TXE03831,18,12,,,,130
TXE03831,18,13,,,,130
TXE03831,18,14,,,,130
TXE03831,18,15,,,,130
TXE03831,18,16,,,,130
TXE03831,18,23,,,,130
TXE03831,18,LG,,,,130
TXE03831,PLAT,MT,,,,110
TXE03831,PLAT,12,,,,110
TXE03831,PLAT,13,,,,110
TXE03831,PLAT,14,,,,110
TXE03831,PLAT,15,,,,110
TXE03831,PLAT,16,,,,110
TXE03831,PLAT,23,,,,110
TXE03831,PLAT,LG,,,,110
UN1110A,09,MT,,,,130
UN1110A,09,12,,,,150
UN1110A,09,13,,,,150
UN1110A,09,14,,,,150
UN1110A,09,15,,,,150
UN1110A,09,16,,,,150
UN1110A,09,23,,,,150
UN1110A,09,LG,,,,140
UN1110A,14,MT,,,,225
UN1110A,14,12,,,,245
UN1110A,14,13,,,,245
UN1110A,14,14,,,,240
UN1110A,14,15,,,,240
UN1110A,14,16,,,,240
UN1110A,14,23,,,,240
UN1110A,14,LG,,,,235
UN1110A,18,MT,,,,320
UN1110A,18,12,,,,340
UN1110A,18,13,,,,340
UN1110A,18,14,,,,340
UN1110A,18,15,,,,340
UN1110A,18,16,,,,340
UN1110A,18,23,,,,340
UN1110A,18,LG,,,,330
UN1110A,PLAT,MT,,,,265
UN1110A,PLAT,12,,,,285
UN1110A,PLAT,13,,,,285
UN1110A,PLAT,14,,,,280
UN1110A,PLAT,15,,,,280
UN1110A,PLAT,16,,,,280
UN1110A,PLAT,23,,,,280
UN1110A,PLAT,LG,,,,275
UN6685A,09,MT,,,,130
UN6685A,09,12,,,,155
UN6685A,09,13,,,,155
UN6685A,09,14,,,,155
UN6685A,09,15,,,,155
UN6685A,09,16,,,,150
UN6685A,09,23,,,,150
UN6685A,09,LG,,,,140
UN6685A,14,MT,,,,225
UN6685A,14,12,,,,250
UN6685A,14,13,,,,250
UN6685A,14,14,,,,250
UN6685A,14,15,,,,250
UN6685A,14,16,,,,245
UN6685A,14,23,,,,245
UN6685A,14,LG,,,,235
UN6685A,18,MT,,,,325
UN6685A,18,12,,,,350
UN6685A,18,13,,,,350
UN6685A,18,14,,,,350
UN6685A,18,15,,,,345
UN6685A,18,16,,,,345
UN6685A,18,23,,,,345
UN6685A,18,LG,,,,335
UN6685A,PLAT,MT,,,,270
UN6685A,PLAT,12,,,,290
UN6685A,PLAT,13,,,,290
UN6685A,PLAT,14,,,,290
UN6685A,PLAT,15,,,,290
UN6685A,PLAT,16,,,,285
UN6685A,PLAT,23,,,,285
UN6685A,PLAT,LG,,,,275
UN6720A,09,MT,,,,130
UN6720A,09,12,,,,145
UN6720A,09,13,,,,145
UN6720A,09,14,,,,145
UN6720A,09,15,,,,145
UN6720A,09,16,,,,145
UN6720A,09,23,,,,145
UN6720A,09,LG,,,,135
UN6720A,14,MT,,,,225
UN6720A,14,12,,,,240
UN6720A,14,13,,,,235
UN6720A,14,14,,,,235
UN6720A,14,15,,,,235
UN6720A,14,16,,,,235
UN6720A,14,23,,,,235
UN6720A,14,LG,,,,230
UN6720A,18,MT,,,,320
UN6720A,18,12,,,,335
UN6720A,18,13,,,,335
UN6720A,18,14,,,,335
UN6720A,18,15,,,,335
UN6720A,18,16,,,,335
UN6720A,18,23,,,,335
UN6720A,18,LG,,,,325
UN6720A,PLAT,MT,,,,265
UN6720A,PLAT,12,,,,280
UN6720A,PLAT,13,,,,275
UN6720A,PLAT,14,,,,275
UN6720A,PLAT,15,,,,275
UN6720A,PLAT,16,,,,275
UN6720A,PLAT,23,,,,275
UN6720A,PLAT,LG,,,,270
UN6946A,09,MT,,,,120
UN6946A,09,12,,,,135
UN6946A,09,13,,,,135
UN6946A,09,14,,,,135
UN6946A,09,15,,,,135
UN6946A,09,16,,,,135
UN6946A,09,23,,,,135
UN6946A,09,LG,,,,125
UN6946A,14,MT,,,,200
UN6946A,14,12,,,,220
UN6946A,14,13,,,,220
UN6946A,14,14,,,,220
UN6946A,14,15,,,,215
UN6946A,14,16,,,,215
UN6946A,14,23,,,,215
UN6946A,14,LG,,,,210
UN6946A,18,MT,,,,285
UN6946A,18,12,,,,305
UN6946A,18,13,,,,305
UN6946A,18,14,,,,305
UN6946A,18,15,,,,305
UN6946A,18,16,,,,300
UN6946A,18,23,,,,300
UN6946A,18,LG,,,,295
UN6946A,PLAT,MT,,,,235
UN6946A,PLAT,12,,,,255
UN6946A,PLAT,13,,,,255
UN6946A,PLAT,14,,,,255
UN6946A,PLAT,15,,,,255
UN6946A,PLAT,16,,,,250
UN6946A,PLAT,23,,,,250
UN6946A,PLAT,LG,,,,245
UP3787B,09,MT,,,,80
UP3787B,09,12,,,,145
UP3787B,09,13,,,,140
UP3787B,09,14,,,,135
UP3787B,09,15,,,,135
UP3787B,09,16,,,,130
UP3787B,09,23,,,,130
UP3787B,09,LG,,,,100
UP3787B,14,MT,,,,125
UP3787B,14,12,,,,195
UP3787B,14,13,,,,190
UP3787B,14,14,,,,185
UP3787B,14,15,,,,185
UP3787B,14,16,,,,180
UP3787B,14,23,,,,180
UP3787B,14,LG,,,,150
UP3787B,18,MT,,,,175
UP3787B,18,12,,,,245
UP3787B,18,13,,,,240
UP3787B,18,14,,,,235
UP3787B,18,15,,,,230
UP3787B,18,16,,,,230
UP3787B,18,23,,,,230
UP3787B,18,LG,,,,200
UP3787B,PLAT,MT,,,,145
UP3787B,PLAT,12,,,,215
UP3787B,PLAT,13,,,,210
UP3787B,PLAT,14,,,,205
UP3787B,PLAT,15,,,,205
UP3787B,PLAT,16,,,,200
UP3787B,PLAT,23,,,,200
UP3787B,PLAT,LG,,,,170
VE0314D,09,MT,,,,70
VE0314D,09,12,,,,175
VE0314D,09,13,,,,165
VE0314D,09,14,,,,160
VE0314D,09,15,,,,155
VE0314D,09,16,,,,150
VE0314D,09,23,,,,150
VE0314D,09,LG,,,,105
VE0314D,14,MT,,,,105
VE0314D,14,12,,,,210
VE0314D,14,13,,,,205
VE0314D,14,14,,,,200
VE0314D,14,15,,,,195
VE0314D,14,16,,,,190
VE0314D,14,23,,,,190
VE0314D,14,LG,,,,140
VE0314D,18,MT,,,,145
VE0314D,18,12,,,,250
VE0314D,18,13,,,,240
VE0314D,18,14,,,,235
VE0314D,18,15,,,,235
VE0314D,18,16,,,,230
VE0314D,18,23,,,,230
VE0314D,18,LG,,,,180
VE0314D,PLAT,MT,,,,120
VE0314D,PLAT,12,,,,225
VE0314D,PLAT,13,,,,220
VE0314D,PLAT,14,,,,215
VE0314D,PLAT,15,,,,210
VE0314D,PLAT,16,,,,205
VE0314D,PLAT,23,,,,205
VE0314D,PLAT,LG,,,,160
VE0794D,09,MT,,,,75
VE0794D,09,12,,,,230
VE0794D,09,13,,,,225
VE0794D,09,14,,,,210
VE0794D,09,15,,,,205
VE0794D,09,16,,,,190
VE0794D,09,23,,,,185
VE0794D,09,LG,,,,95
VE0794D,14,MT,,,,125
VE0794D,14,12,,,,280
VE0794D,14,13,,,,270
VE0794D,14,14,,,,260
VE0794D,14,15,,,,250
VE0794D,14,16,,,,235
VE0794D,14,23,,,,230
VE0794D,14,LG,,,,140
VE0794D,18,MT,,,,175
VE0794D,18,12,,,,330
VE0794D,18,13,,,,320
VE0794D,18,14,,,,305
VE0794D,18,15,,,,300
VE0794D,18,16,,,,285
VE0794D,18,23,,,,280
VE0794D,18,LG,,,,190
VE0794D,PLAT,MT,,,,145
VE0794D,PLAT,12,,,,300
VE0794D,PLAT,13,,,,290
VE0794D,PLAT,14,,,,280
VE0794D,PLAT,15,,,,270
VE0794D,PLAT,16,,,,255
VE0794D,PLAT,23,,,,250
VE0794D,PLAT,LG,,,,160
VE1225A,09,MT,,,,70
VE1225A,09,12,,,,140
VE1225A,09,13,,,,135
VE1225A,09,14,,,,135
VE1225A,09,15,,,,135
VE1225A,09,16,,,,135
VE1225A,09,23,,,,135
VE1225A,09,LG,,,,95
VE1225A,14,MT,,,,110
VE1225A,14,12,,,,180
VE1225A,14,13,,,,175
VE1225A,14,14,,,,175
VE1225A,14,15,,,,175
VE1225A,14,16,,,,175
VE1225A,14,23,,,,175
VE1225A,14,LG,,,,135
VE1225A,18,MT,,,,155
VE1225A,18,12,,,,220
VE1225A,18,13,,,,220
VE1225A,18,14,,,,220
VE1225A,18,15,,,,220
VE1225A,18,16,,,,215
VE1225A,18,23,,,,215
VE1225A,18,LG,,,,175
VE1225A,PLAT,MT,,,,130
VE1225A,PLAT,12,,,,195
VE1225A,PLAT,13,,,,195
VE1225A,PLAT,14,,,,195
VE1225A,PLAT,15,,,,195
VE1225A,PLAT,16,,,,190
VE1225A,PLAT,23,,,,190
VE1225A,PLAT,LG,,,,150
VE2384A,09,MT,,,,165
VE2384A,09,12,,,,210
VE2384A,09,13,,,,205
VE2384A,09,14,,,,200
VE2384A,09,15,,,,200
VE2384A,09,16,,,,200
VE2384A,09,23,,,,195
VE2384A,09,LG,,,,170
VE2384A,14,MT,,,,285
VE2384A,14,12,,,,330
VE2384A,14,13,,,,330
VE2384A,14,14,,,,325
VE2384A,14,15,,,,325
VE2384A,14,16,,,,320
VE2384A,14,23,,,,320
VE2384A,14,LG,,,,295
VE2384A,18,MT,,,,415
VE2384A,18,12,,,,460
VE2384A,18,13,,,,455
VE2384A,18,14,,,,455
VE2384A,18,15,,,,455
VE2384A,18,16,,,,450
VE2384A,18,23,,,,450
VE2384A,18,LG,,,,425
VE2384A,PLAT,MT,,,,340
VE2384A,PLAT,12,,,,385
VE2384A,PLAT,13,,,,380
VE2384A,PLAT,14,,,,380
VE2384A,PLAT,15,,,,375
VE2384A,PLAT,16,,,,375
VE2384A,PLAT,23,,,,375
VE2384A,PLAT,LG,,,,350
VE2989A,09,MT,,,,150
VE2989A,09,12,,,,210
VE2989A,09,13,,,,205
VE2989A,09,14,,,,200
VE2989A,09,15,,,,200
VE2989A,09,16,,,,195
VE2989A,09,23,,,,195
VE2989A,09,LG,,,,170
VE2989A,14,MT,,,,265
VE2989A,14,12,,,,320
VE2989A,14,13,,,,315
VE2989A,14,14,,,,315
VE2989A,14,15,,,,310
VE2989A,14,16,,,,310
VE2989A,14,23,,,,305
VE2989A,14,LG,,,,285
VE2989A,18,MT,,,,380
VE2989A,18,12,,,,435
VE2989A,18,13,,,,435
VE2989A,18,14,,,,430
VE2989A,18,15,,,,430
VE2989A,18,16,,,,425
VE2989A,18,23,,,,425
VE2989A,18,LG,,,,400
VE2989A,PLAT,MT,,,,310
VE2989A,PLAT,12,,,,370
VE2989A,PLAT,13,,,,365
VE2989A,PLAT,14,,,,360
VE2989A,PLAT,15,,,,360
VE2989A,PLAT,16,,,,355
VE2989A,PLAT,23,,,,355
VE2989A,PLAT,LG,,,,330
VE5478MB,09,MT,,,,470
VE5478MB,09,12,,,,2045
VE5478MB,09,13,,,,1905
VE5478MB,09,14,,,,1730
VE5478MB,09,15,,,,1675
VE5478MB,09,16,,,,1560
VE5478MB,09,23,,,,1560
VE5478MB,09,LG,,,,700
VE5478MB,14,MT,,,,865
VE5478MB,14,12,,,,2440
VE5478MB,14,13,,,,2300
VE5478MB,14,14,,,,2125
VE5478MB,14,15,,,,2070
VE5478MB,14,16,,,,1955
VE5478MB,14,23,,,,1955
VE5478MB,14,LG,,,,1095
VE5478MB,18,MT,,,,1280
VE5478MB,18,12,,,,2855
VE5478MB,18,13,,,,2715
VE5478MB,18,14,,,,2540
VE5478MB,18,15,,,,2480
VE5478MB,18,16,,,,2370
VE5478MB,18,23,,,,2370
VE5478MB,18,LG,,,,1505
VE5478MB,PLAT,MT,,,,1035
VE5478MB,PLAT,12,,,,2610
VE5478MB,PLAT,13,,,,2470
VE5478MB,PLAT,14,,,,2295
VE5478MB,PLAT,15,,,,2240
VE5478MB,PLAT,16,,,,2125
VE5478MB,PLAT,23,,,,2125
VE5478MB,PLAT,LG,,,,1265
VE5478N,09,MT,,,,475
VE5478N,09,12,,,,2645
VE5478N,09,13,,,,2410
VE5478N,09,14,,,,2150
VE5478N,09,15,,,,2050
VE5478N,09,16,,,,1915
VE5478N,09,23,,,,1915
VE5478N,09,LG,,,,765
VE5478N,14,MT,,,,875
VE5478N,14,12,,,,3045
VE5478N,14,13,,,,2805
VE5478N,14,14,,,,2550
VE5478N,14,15,,,,2450
VE5478N,14,16,,,,2310
VE5478N,14,23,,,,2310
VE5478N,14,LG,,,,1165
VE5478N,18,MT,,,,1290
VE5478N,18,12,,,,3465
VE5478N,18,13,,,,3225
VE5478N,18,14,,,,2970
VE5478N,18,15,,,,2870
VE5478N,18,16,,,,2730
VE5478N,18,23,,,,2730
VE5478N,18,LG,,,,1580
VE5478N,PLAT,MT,,,,1045
VE5478N,PLAT,12,,,,3215
VE5478N,PLAT,13,,,,2980
VE5478N,PLAT,14,,,,2720
VE5478N,PLAT,15,,,,2625
VE5478N,PLAT,16,,,,2485
VE5478N,PLAT,23,,,,2485
VE5478N,PLAT,LG,,,,1335
VE7420F,09,MT,,,,165
VE7420F,09,12,,,,165
VE7420F,09,13,,,,165
VE7420F,09,14,,,,165
VE7420F,09,15,,,,165
VE7420F,09,16,,,,165
VE7420F,09,23,,,,165
VE7420F,09,LG,,,,165
VE7420F,14,MT,,,,285
VE7420F,14,12,,,,285
VE7420F,14,13,,,,285
VE7420F,14,14,,,,285
VE7420F,14,15,,,,285
VE7420F,14,16,,,,285
VE7420F,14,23,,,,285
VE7420F,14,LG,,,,285
VE7420F,18,MT,,,,415
VE7420F,18,12,,,,415
VE7420F,18,13,,,,415
VE7420F,18,14,,,,415
VE7420F,18,15,,,,415
VE7420F,18,16,,,,415
VE7420F,18,23,,,,415
VE7420F,18,LG,,,,415
VE7420F,PLAT,MT,,,,340
VE7420F,PLAT,12,,,,340
VE7420F,PLAT,13,,,,340
VE7420F,PLAT,14,,,,340
VE7420F,PLAT,15,,,,340
VE7420F,PLAT,16,,,,340
VE7420F,PLAT,23,,,,340
VE7420F,PLAT,LG,,,,340
VE7799E,09,MT,,,,150
VE7799E,09,12,,,,290
VE7799E,09,13,,,,280
VE7799E,09,14,,,,275
VE7799E,09,15,,,,270
VE7799E,09,16,,,,265
VE7799E,09,23,,,,265
VE7799E,09,LG,,,,200
VE7799E,14,MT,,,,260
VE7799E,14,12,,,,405
VE7799E,14,13,,,,390
VE7799E,14,14,,,,385
VE7799E,14,15,,,,385
VE7799E,14,16,,,,375
VE7799E,14,23,,,,375
VE7799E,14,LG,,,,310
VE7799E,18,MT,,,,375
VE7799E,18,12,,,,520
VE7799E,18,13,,,,510
VE7799E,18,14,,,,500
VE7799E,18,15,,,,500
VE7799E,18,16,,,,490
VE7799E,18,23,,,,490
VE7799E,18,LG,,,,425
VE7799E,PLAT,MT,,,,305
VE7799E,PLAT,12,,,,450
VE7799E,PLAT,13,,,,440
VE7799E,PLAT,14,,,,435
VE7799E,PLAT,15,,,,430
VE7799E,PLAT,16,,,,420
VE7799E,PLAT,23,,,,420
VE7799E,PLAT,LG,,,,355
VN4517A,09,MT,,,,170
VN4517A,09,12,,,,220
VN4517A,09,13,,,,215
VN4517A,09,14,,,,215
VN4517A,09,15,,,,215
VN4517A,09,16,,,,210
VN4517A,09,23,,,,210
VN4517A,09,LG,,,,190
VN4517A,14,MT,,,,300
VN4517A,14,12,,,,350
VN4517A,14,13,,,,345
VN4517A,14,14,,,,345
VN4517A,14,15,,,,345
VN4517A,14,16,,,,340
VN4517A,14,23,,,,340
VN4517A,14,LG,,,,320
VN4517A,18,MT,,,,435
VN4517A,18,12,,,,485
VN4517A,18,13,,,,480
VN4517A,18,14,,,,480
VN4517A,18,15,,,,480
VN4517A,18,16,,,,475
VN4517A,18,23,,,,475
VN4517A,18,LG,,,,455
VN4517A,PLAT,MT,,,,355
VN4517A,PLAT,12,,,,405
VN4517A,PLAT,13,,,,400
VN4517A,PLAT,14,,,,400
VN4517A,PLAT,15,,,,400
VN4517A,PLAT,16,,,,395
VN4517A,PLAT,23,,,,395
VN4517A,PLAT,LG,,,,375
VN5256A,09,MT,,,,100
VN5256A,09,12,,,,160
VN5256A,09,13,,,,155
VN5256A,09,14,,,,155
VN5256A,09,15,,,,150
VN5256A,09,16,,,,150
VN5256A,09,23,,,,150
VN5256A,09,LG,,,,125
VN5256A,14,MT,,,,170
VN5256A,14,12,,,,225
VN5256A,14,13,,,,220
VN5256A,14,14,,,,220
VN5256A,14,15,,,,220
VN5256A,14,16,,,,215
VN5256A,14,23,,,,215
VN5256A,14,LG,,,,190
VN5256A,18,MT,,,,240
VN5256A,18,12,,,,295
VN5256A,18,13,,,,295
VN5256A,18,14,,,,290
VN5256A,18,15,,,,290
VN5256A,18,16,,,,285
VN5256A,18,23,,,,285
VN5256A,18,LG,,,,260
VN5256A,PLAT,MT,,,,200
VN5256A,PLAT,12,,,,255
VN5256A,PLAT,13,,,,250
VN5256A,PLAT,14,,,,250
VN5256A,PLAT,15,,,,250
VN5256A,PLAT,16,,,,245
VN5256A,PLAT,23,,,,245
VN5256A,PLAT,LG,,,,220
VR0940A,09,MT,,,,95
VR0940A,09,12,,,,170
VR0940A,09,13,,,,170
VR0940A,09,14,,,,165
VR0940A,09,15,,,,165
VR0940A,09,16,,,,160
VR0940A,09,23,,,,160
VR0940A,09,LG,,,,135
VR0940A,14,MT,,,,160
VR0940A,14,12,,,,235
VR0940A,14,13,,,,230
VR0940A,14,14,,,,230
VR0940A,14,15,,,,230
VR0940A,14,16,,,,225
VR0940A,14,23,,,,225
VR0940A,14,LG,,,,200
VR0940A,18,MT,,,,230
VR0940A,18,12,,,,305
VR0940A,18,13,,,,300
VR0940A,18,14,,,,295
VR0940A,18,15,,,,295
VR0940A,18,16,,,,290
VR0940A,18,23,,,,290
VR0940A,18,LG,,,,265
VR0940A,PLAT,MT,,,,190
VR0940A,PLAT,12,,,,265
VR0940A,PLAT,13,,,,260
VR0940A,PLAT,14,,,,255
VR0940A,PLAT,15,,,,255
VR0940A,PLAT,16,,,,250
VR0940A,PLAT,23,,,,250
VR0940A,PLAT,LG,,,,225
WE0094M,09,MT,,,,285
WE0094M,09,12,,,,2085
WE0094M,09,13,,,,1995
WE0094M,09,14,,,,1840
WE0094M,09,15,,,,1750
WE0094M,09,16,,,,1585
WE0094M,09,23,,,,1540
WE0094M,09,LG,,,,500
WE0094M,14,MT,,,,520
WE0094M,14,12,,,,2315
WE0094M,14,13,,,,2225
WE0094M,14,14,,,,2075
WE0094M,14,15,,,,1985
WE0094M,14,16,,,,1820
WE0094M,14,23,,,,1775
WE0094M,14,LG,,,,730
WE0094M,18,MT,,,,765
WE0094M,18,12,,,,2560
WE0094M,18,13,,,,2470
WE0094M,18,14,,,,2320
WE0094M,18,15,,,,2230
WE0094M,18,16,,,,2060
WE0094M,18,23,,,,2015
WE0094M,18,LG,,,,975
WE0094M,PLAT,MT,,,,620
WE0094M,PLAT,12,,,,2415
WE0094M,PLAT,13,,,,2325
WE0094M,PLAT,14,,,,2175
WE0094M,PLAT,15,,,,2085
WE0094M,PLAT,16,,,,1920
WE0094M,PLAT,23,,,,1875
WE0094M,PLAT,LG,,,,830
WE0094P,09,MT,,,,375
WE0094P,09,12,,,,4010
WE0094P,09,13,,,,3730
WE0094P,09,14,,,,3405
WE0094P,09,15,,,,3030
WE0094P,09,16,,,,2855
WE0094P,09,23,,,,2740
WE0094P,09,LG,,,,710
WE0094P,14,MT,,,,685
WE0094P,14,12,,,,4325
WE0094P,14,13,,,,4040
WE0094P,14,14,,,,3715
WE0094P,14,15,,,,3340
WE0094P,14,16,,,,3165
WE0094P,14,23,,,,3050
WE0094P,14,LG,,,,1025
WE0094P,18,MT,,,,1010
WE0094P,18,12,,,,4650
WE0094P,18,13,,,,4365
WE0094P,18,14,,,,4040
WE0094P,18,15,,,,3665
WE0094P,18,16,,,,3490
WE0094P,18,23,,,,3375
WE0094P,18,LG,,,,1350
WE0094P,PLAT,MT,,,,820
WE0094P,PLAT,12,,,,4455
WE0094P,PLAT,13,,,,4175
WE0094P,PLAT,14,,,,3850
WE0094P,PLAT,15,,,,3475
WE0094P,PLAT,16,,,,3300
WE0094P,PLAT,23,,,,3185
WE0094P,PLAT,LG,,,,1155
WE1651H,09,MT,,,,240
WE1651H,09,12,,,,560
WE1651H,09,13,,,,530
WE1651H,09,14,,,,510
WE1651H,09,15,,,,500
WE1651H,09,16,,,,480
WE1651H,09,23,,,,480
WE1651H,09,LG,,,,350
WE1651H,14,MT,,,,430
WE1651H,14,12,,,,750
WE1651H,14,13,,,,720
WE1651H,14,14,,,,700
WE1651H,14,15,,,,690
WE1651H,14,16,,,,670
WE1651H,14,23,,,,670
WE1651H,14,LG,,,,540
WE1651H,18,MT,,,,630
WE1651H,18,12,,,,950
WE1651H,18,13,,,,920
WE1651H,18,14,,,,900
WE1651H,18,15,,,,890
WE1651H,18,16,,,,870
WE1651H,18,23,,,,870
WE1651H,18,LG,,,,740
WE1651H,PLAT,MT,,,,515
WE1651H,PLAT,12,,,,835
WE1651H,PLAT,13,,,,805
WE1651H,PLAT,14,,,,785
WE1651H,PLAT,15,,,,775
WE1651H,PLAT,16,,,,755
WE1651H,PLAT,23,,,,755
WE1651H,PLAT,LG,,,,620
WE1651K,09,MT,,,,350
WE1651K,09,12,,,,1065
WE1651K,09,13,,,,1005
WE1651K,09,14,,,,955
WE1651K,09,15,,,,935
WE1651K,09,16,,,,895
WE1651K,09,23,,,,855
WE1651K,09,LG,,,,515
WE1651K,14,MT,,,,635
WE1651K,14,12,,,,1350
WE1651K,14,13,,,,1290
WE1651K,14,14,,,,1240
WE1651K,14,15,,,,1220
WE1651K,14,16,,,,1180
WE1651K,14,23,,,,1140
WE1651K,14,LG,,,,800
WE1651K,18,MT,,,,935
WE1651K,18,12,,,,1650
WE1651K,18,13,,,,1590
WE1651K,18,14,,,,1540
WE1651K,18,15,,,,1520
WE1651K,18,16,,,,1480
WE1651K,18,23,,,,1440
WE1651K,18,LG,,,,1100
WE1651K,PLAT,MT,,,,760
WE1651K,PLAT,12,,,,1475
WE1651K,PLAT,13,,,,1415
WE1651K,PLAT,14,,,,1365
WE1651K,PLAT,15,,,,1345
WE1651K,PLAT,16,,,,1305
WE1651K,PLAT,23,,,,1265
WE1651K,PLAT,LG,,,,925
WE1651M,09,MT,,,,445
WE1651M,09,12,,,,1805
WE1651M,09,13,,,,1685
WE1651M,09,14,,,,1595
WE1651M,09,15,,,,1565
WE1651M,09,16,,,,1475
WE1651M,09,23,,,,1445
WE1651M,09,LG,,,,680
WE1651M,14,MT,,,,820
WE1651M,14,12,,,,2175
WE1651M,14,13,,,,2055
WE1651M,14,14,,,,1965
WE1651M,14,15,,,,1935
WE1651M,14,16,,,,1845
WE1651M,14,23,,,,1815
WE1651M,14,LG,,,,1050
WE1651M,18,MT,,,,1210
WE1651M,18,12,,,,2570
WE1651M,18,13,,,,2450
WE1651M,18,14,,,,2360
WE1651M,18,15,,,,2330
WE1651M,18,16,,,,2240
WE1651M,18,23,,,,2210
WE1651M,18,LG,,,,1445
WE1651M,PLAT,MT,,,,980
WE1651M,PLAT,12,,,,2340
WE1651M,PLAT,13,,,,2220
WE1651M,PLAT,14,,,,2130
WE1651M,PLAT,15,,,,2100
WE1651M,PLAT,16,,,,2010
WE1651M,PLAT,23,,,,1980
WE1651M,PLAT,LG,,,,1215
WE2135U,09,MT,,,,260
WE2135U,09,12,,,,3025
WE2135U,09,13,,,,3025
WE2135U,09,14,,,,2780
WE2135U,09,15,,,,2780
WE2135U,09,16,,,,2780
WE2135U,09,23,,,,2780
WE2135U,09,LG,,,,740
WE2135U,14,MT,,,,470
WE2135U,14,12,,,,3235
WE2135U,14,13,,,,3235
WE2135U,14,14,,,,2985
WE2135U,14,15,,,,2985
WE2135U,14,16,,,,2985
WE2135U,14,23,,,,2985
WE2135U,14,LG,,,,950
WE2135U,18,MT,,,,690
WE2135U,18,12,,,,3455
WE2135U,18,13,,,,3455
WE2135U,18,14,,,,3205
WE2135U,18,15,,,,3205
WE2135U,18,16,,,,3205
WE2135U,18,23,,,,3205
WE2135U,18,LG,,,,1165
WE2135U,PLAT,MT,,,,560
WE2135U,PLAT,12,,,,3325
WE2135U,PLAT,13,,,,3325
WE2135U,PLAT,14,,,,3075
WE2135U,PLAT,15,,,,3075
WE2135U,PLAT,16,,,,3075
WE2135U,PLAT,23,,,,3075
WE2135U,PLAT,LG,,,,1040
WE2781D,09,MT,,,,135
WE2781D,09,12,,,,265
WE2781D,09,13,,,,260
WE2781D,09,14,,,,255
WE2781D,09,15,,,,255
WE2781D,09,16,,,,245
WE2781D,09,23,,,,245
WE2781D,09,LG,,,,185
WE2781D,14,MT,,,,230
WE2781D,14,12,,,,365
WE2781D,14,13,,,,355
WE2781D,14,14,,,,350
WE2781D,14,15,,,,350
WE2781D,14,16,,,,340
WE2781D,14,23,,,,340
WE2781D,14,LG,,,,285
WE2781D,18,MT,,,,330
WE2781D,18,12,,,,465
WE2781D,18,13,,,,455
WE2781D,18,14,,,,450
WE2781D,18,15,,,,450
WE2781D,18,16,,,,440
WE2781D,18,23,,,,440
WE2781D,18,LG,,,,385
WE2781D,PLAT,MT,,,,270
WE2781D,PLAT,12,,,,405
WE2781D,PLAT,13,,,,395
WE2781D,PLAT,14,,,,395
WE2781D,PLAT,15,,,,390
WE2781D,PLAT,16,,,,385
WE2781D,PLAT,23,,,,385
WE2781D,PLAT,LG,,,,325
XE2076G,09,MT,,,,220
XE2076G,09,12,,,,460
XE2076G,09,13,,,,440
XE2076G,09,14,,,,425
XE2076G,09,15,,,,415
XE2076G,09,16,,,,400
XE2076G,09,23,,,,400
XE2076G,09,LG,,,,300
XE2076G,14,MT,,,,395
XE2076G,14,12,,,,635
XE2076G,14,13,,,,610
XE2076G,14,14,,,,595
XE2076G,14,15,,,,590
XE2076G,14,16,,,,575
XE2076G,14,23,,,,575
XE2076G,14,LG,,,,470
XE2076G,18,MT,,,,575
XE2076G,18,12,,,,815
XE2076G,18,13,,,,795
XE2076G,18,14,,,,780
XE2076G,18,15,,,,770
XE2076G,18,16,,,,755
XE2076G,18,23,,,,755
XE2076G,18,LG,,,,655
XE2076G,PLAT,MT,,,,470
XE2076G,PLAT,12,,,,710
XE2076G,PLAT,13,,,,685
XE2076G,PLAT,14,,,,670
XE2076G,PLAT,15,,,,665
XE2076G,PLAT,16,,,,650
XE2076G,PLAT,23,,,,650
XE2076G,PLAT,LG,,,,545
XE2501E,09,MT,,,,170
XE2501E,09,12,,,,405
XE2501E,09,13,,,,390
XE2501E,09,14,,,,380
XE2501E,09,15,,,,380
XE2501E,09,16,,,,370
XE2501E,09,23,,,,370
XE2501E,09,LG,,,,285
XE2501E,14,MT,,,,300
XE2501E,14,12,,,,530
XE2501E,14,13,,,,520
XE2501E,14,14,,,,510
XE2501E,14,15,,,,505
XE2501E,14,16,,,,495
XE2501E,14,23,,,,495
XE2501E,14,LG,,,,415
XE2501E,18,MT,,,,435
XE2501E,18,12,,,,665
XE2501E,18,13,,,,655
XE2501E,18,14,,,,645
XE2501E,18,15,,,,640
XE2501E,18,16,,,,630
XE2501E,18,23,,,,630
XE2501E,18,LG,,,,550
XE2501E,PLAT,MT,,,,355
XE2501E,PLAT,12,,,,585
XE2501E,PLAT,13,,,,575
XE2501E,PLAT,14,,,,565
XE2501E,PLAT,15,,,,560
XE2501E,PLAT,16,,,,550
XE2501E,PLAT,23,,,,550
XE2501E,PLAT,LG,,,,470
XN7944X,09,MT,,,,105
XN7944X,09,12,,,,625
XN7944X,09,13,,,,605
XN7944X,09,14,,,,560
XN7944X,09,15,,,,505
XN7944X,09,16,,,,495
XN7944X,09,23,,,,505
XN7944X,09,LG,,,,160
XN7944X,14,MT,,,,175
XN7944X,14,12,,,,695
XN7944X,14,13,,,,675
XN7944X,14,14,,,,630
XN7944X,14,15,,,,575
XN7944X,14,16,,,,565
XN7944X,14,23,,,,575
XN7944X,14,LG,,,,230
XN7944X,18,MT,,,,245
XN7944X,18,12,,,,770
XN7944X,18,13,,,,750
XN7944X,18,14,,,,700
XN7944X,18,15,,,,650
XN7944X,18,16,,,,635
XN7944X,18,23,,,,645
XN7944X,18,LG,,,,305
XN7944X,PLAT,MT,,,,205
XN7944X,PLAT,12,,,,725
XN7944X,PLAT,13,,,,705
XN7944X,PLAT,14,,,,660
XN7944X,PLAT,15,,,,605
XN7944X,PLAT,16,,,,595
XN7944X,PLAT,23,,,,605
XN7944X,PLAT,LG,,,,260
XP2134F,09,MT,,,,55
XP2134F,09,12,,,,360
XP2134F,09,13,,,,355
XP2134F,09,14,,,,320
XP2134F,09,15,,,,315
XP2134F,09,16,,,,310
XP2134F,09,23,,,,310
XP2134F,09,LG,,,,120
XP2134F,14,MT,,,,85
XP2134F,14,12,,,,390
XP2134F,14,13,,,,385
XP2134F,14,14,,,,345
XP2134F,14,15,,,,345
XP2134F,14,16,,,,340
XP2134F,14,23,,,,340
XP2134F,14,LG,,,,145
XP2134F,18,MT,,,,110
XP2134F,18,12,,,,420
XP2134F,18,13,,,,410
XP2134F,18,14,,,,375
XP2134F,18,15,,,,370
XP2134F,18,16,,,,370
XP2134F,18,23,,,,370
XP2134F,18,LG,,,,175
XP2134F,PLAT,MT,,,,95
XP2134F,PLAT,12,,,,400
XP2134F,PLAT,13,,,,395
XP2134F,PLAT,14,,,,355
XP2134F,PLAT,15,,,,355
XP2134F,PLAT,16,,,,350
XP2134F,PLAT,23,,,,350
XP2134F,PLAT,LG,,,,155
XR0024EL,09,MT,,,,180
XR0024EL,09,12,,,,300
XR0024EL,09,13,,,,290
XR0024EL,09,14,,,,280
XR0024EL,09,15,,,,280
XR0024EL,09,16,,,,270
XR0024EL,09,23,,,,270
XR0024EL,09,LG,,,,220
XR0024EL,14,MT,,,,320
XR0024EL,14,12,,,,440
XR0024EL,14,13,,,,430
XR0024EL,14,14,,,,420
XR0024EL,14,15,,,,415
XR0024EL,14,16,,,,410
XR0024EL,14,23,,,,410
XR0024EL,14,LG,,,,360
XR0024EL,18,MT,,,,470
XR0024EL,18,12,,,,585
XR0024EL,18,13,,,,575
XR0024EL,18,14,,,,570
XR0024EL,18,15,,,,565
XR0024EL,18,16,,,,555
XR0024EL,18,23,,,,555
XR0024EL,18,LG,,,,505
XR0024EL,PLAT,MT,,,,380
XR0024EL,PLAT,12,,,,500
XR0024EL,PLAT,13,,,,490
XR0024EL,PLAT,14,,,,480
XR0024EL,PLAT,15,,,,480
XR0024EL,PLAT,16,,,,470
XR0024EL,PLAT,23,,,,470
XR0024EL,PLAT,LG,,,,420
XR0025XL,09,MT,,,,270
XR0025XL,09,12,,,,495
XR0025XL,09,13,,,,475
XR0025XL,09,14,,,,460
XR0025XL,09,15,,,,455
XR0025XL,09,16,,,,440
XR0025XL,09,23,,,,430
XR0025XL,09,LG,,,,330
XR0025XL,14,MT,,,,490
XR0025XL,14,12,,,,715
XR0025XL,14,13,,,,695
XR0025XL,14,14,,,,680
XR0025XL,14,15,,,,670
XR0025XL,14,16,,,,660
XR0025XL,14,23,,,,650
XR0025XL,14,LG,,,,550
XR0025XL,18,MT,,,,715
XR0025XL,18,12,,,,940
XR0025XL,18,13,,,,920
XR0025XL,18,14,,,,905
XR0025XL,18,15,,,,900
XR0025XL,18,16,,,,885
XR0025XL,18,23,,,,875
XR0025XL,18,LG,,,,775
XR0025XL,PLAT,MT,,,,580
XR0025XL,PLAT,12,,,,805
XR0025XL,PLAT,13,,,,785
XR0025XL,PLAT,14,,,,770
XR0025XL,PLAT,15,,,,765
XR0025XL,PLAT,16,,,,750
XR0025XL,PLAT,23,,,,745
XR0025XL,PLAT,LG,,,,640
XR0027EL,09,MT,,,,200
XR0027EL,09,12,,,,315
XR0027EL,09,13,,,,305
XR0027EL,09,14,,,,300
XR0027EL,09,15,,,,295
XR0027EL,09,16,,,,290
XR0027EL,09,23,,,,285
XR0027EL,09,LG,,,,235
XR0027EL,14,MT,,,,360
XR0027EL,14,12,,,,475
XR0027EL,14,13,,,,465
XR0027EL,14,14,,,,455
XR0027EL,14,15,,,,455
XR0027EL,14,16,,,,445
XR0027EL,14,23,,,,440
XR0027EL,14,LG,,,,390
XR0027EL,18,MT,,,,525
XR0027EL,18,12,,,,640
XR0027EL,18,13,,,,630
XR0027EL,18,14,,,,620
XR0027EL,18,15,,,,615
XR0027EL,18,16,,,,610
XR0027EL,18,23,,,,605
XR0027EL,18,LG,,,,555
XR0027EL,PLAT,MT,,,,425
XR0027EL,PLAT,12,,,,540
XR0027EL,PLAT,13,,,,530
XR0027EL,PLAT,14,,,,525
XR0027EL,PLAT,15,,,,520
XR0027EL,PLAT,16,,,,515
XR0027EL,PLAT,23,,,,510
XR0027EL,PLAT,LG,,,,460
XR0032BL,09,MT,,,,140
XR0032BL,09,12,,,,195
XR0032BL,09,13,,,,190
XR0032BL,09,14,,,,185
XR0032BL,09,15,,,,185
XR0032BL,09,16,,,,180
XR0032BL,09,23,,,,180
XR0032BL,09,LG,,,,155
XR0032BL,14,MT,,,,240
XR0032BL,14,12,,,,295
XR0032BL,14,13,,,,290
XR0032BL,14,14,,,,285
XR0032BL,14,15,,,,285
XR0032BL,14,16,,,,280
XR0032BL,14,23,,,,280
XR0032BL,14,LG,,,,255
XR0032BL,18,MT,,,,350
XR0032BL,18,12,,,,400
XR0032BL,18,13,,,,395
XR0032BL,18,14,,,,395
XR0032BL,18,15,,,,390
XR0032BL,18,16,,,,390
XR0032BL,18,23,,,,385
XR0032BL,18,LG,,,,365
XR0032BL,PLAT,MT,,,,285
XR0032BL,PLAT,12,,,,340
XR0032BL,PLAT,13,,,,335
XR0032BL,PLAT,14,,,,330
XR0032BL,PLAT,15,,,,330
XR0032BL,PLAT,16,,,,325
XR0032BL,PLAT,23,,,,325
XR0032BL,PLAT,LG,,,,300
XR0041F,09,MT,,,,275
XR0041F,09,12,,,,520
XR0041F,09,13,,,,505
XR0041F,09,14,,,,500
XR0041F,09,15,,,,495
XR0041F,09,16,,,,480
XR0041F,09,23,,,,480
XR0041F,09,LG,,,,360
XR0041F,14,MT,,,,500
XR0041F,14,12,,,,745
XR0041F,14,13,,,,730
XR0041F,14,14,,,,720
XR0041F,14,15,,,,715
XR0041F,14,16,,,,700
XR0041F,14,23,,,,700
XR0041F,14,LG,,,,585
XR0041F,18,MT,,,,735
XR0041F,18,12,,,,980
XR0041F,18,13,,,,965
XR0041F,18,14,,,,955
XR0041F,18,15,,,,950
XR0041F,18,16,,,,935
XR0041F,18,23,,,,935
XR0041F,18,LG,,,,820
XR0041F,PLAT,MT,,,,600
XR0041F,PLAT,12,,,,840
XR0041F,PLAT,13,,,,825
XR0041F,PLAT,14,,,,820
XR0041F,PLAT,15,,,,815
XR0041F,PLAT,16,,,,800
XR0041F,PLAT,23,,,,800
XR0041F,PLAT,LG,,,,680
XR0051SE,09,MT,,,,190
XR0051SE,09,12,,,,495
XR0051SE,09,13,,,,475
XR0051SE,09,14,,,,460
XR0051SE,09,15,,,,450
XR0051SE,09,16,,,,435
XR0051SE,09,23,,,,425
XR0051SE,09,LG,,,,295
XR0051SE,14,MT,,,,340
XR0051SE,14,12,,,,645
XR0051SE,14,13,,,,620
XR0051SE,14,14,,,,605
XR0051SE,14,15,,,,600
XR0051SE,14,16,,,,580
XR0051SE,14,23,,,,575
XR0051SE,14,LG,,,,440
XR0051SE,18,MT,,,,495
XR0051SE,18,12,,,,800
XR0051SE,18,13,,,,780
XR0051SE,18,14,,,,760
XR0051SE,18,15,,,,755
XR0051SE,18,16,,,,735
XR0051SE,18,23,,,,730
XR0051SE,18,LG,,,,595
XR0051SE,PLAT,MT,,,,405
XR0051SE,PLAT,12,,,,710
XR0051SE,PLAT,13,,,,685
XR0051SE,PLAT,14,,,,670
XR0051SE,PLAT,15,,,,660
XR0051SE,PLAT,16,,,,645
XR0051SE,PLAT,23,,,,640
XR0051SE,PLAT,LG,,,,505
XR0396J,09,MT,,,,315
XR0396J,09,12,,,,1050
XR0396J,09,13,,,,1025
XR0396J,09,14,,,,965
XR0396J,09,15,,,,950
XR0396J,09,16,,,,930
XR0396J,09,23,,,,930
XR0396J,09,LG,,,,490
XR0396J,14,MT,,,,575
XR0396J,14,12,,,,1310
XR0396J,14,13,,,,1280
XR0396J,14,14,,,,1220
XR0396J,14,15,,,,1210
XR0396J,14,16,,,,1190
XR0396J,14,23,,,,1185
XR0396J,14,LG,,,,745
XR0396J,18,MT,,,,845
XR0396J,18,12,,,,1580
XR0396J,18,13,,,,1550
XR0396J,18,14,,,,1490
XR0396J,18,15,,,,1480
XR0396J,18,16,,,,1455
XR0396J,18,23,,,,1455
XR0396J,18,LG,,,,1015
XR0396J,PLAT,MT,,,,685
XR0396J,PLAT,12,,,,1420
XR0396J,PLAT,13,,,,1395
XR0396J,PLAT,14,,,,1335
XR0396J,PLAT,15,,,,1320
XR0396J,PLAT,16,,,,1300
XR0396J,PLAT,23,,,,1295
XR0396J,PLAT,LG,,,,855
XR0526XE,09,MT,,,,145
XR0526XE,09,12,,,,605
XR0526XE,09,13,,,,595
XR0526XE,09,14,,,,655
XR0526XE,09,15,,,,655
XR0526XE,09,16,,,,650
XR0526XE,09,23,,,,650
XR0526XE,09,LG,,,,240
XR0526XE,14,MT,,,,255
XR0526XE,14,12,,,,710
XR0526XE,14,13,,,,705
XR0526XE,14,14,,,,765
XR0526XE,14,15,,,,760
XR0526XE,14,16,,,,755
XR0526XE,14,23,,,,755
XR0526XE,14,LG,,,,345
XR0526XE,18,MT,,,,365
XR0526XE,18,12,,,,825
XR0526XE,18,13,,,,815
XR0526XE,18,14,,,,875
XR0526XE,18,15,,,,875
XR0526XE,18,16,,,,870
XR0526XE,18,23,,,,870
XR0526XE,18,LG,,,,455
XR0526XE,PLAT,MT,,,,300
XR0526XE,PLAT,12,,,,755
XR0526XE,PLAT,13,,,,750
XR0526XE,PLAT,14,,,,810
XR0526XE,PLAT,15,,,,810
XR0526XE,PLAT,16,,,,800
XR0526XE,PLAT,23,,,,800
XR0526XE,PLAT,LG,,,,390
XR0580ZEA,09,MT,,,,195
XR0580ZEA,09,12,,,,395
XR0580ZEA,09,13,,,,385
XR0580ZEA,09,14,,,,380
XR0580ZEA,09,15,,,,375
XR0580ZEA,09,16,,,,365
XR0580ZEA,09,23,,,,365
XR0580ZEA,09,LG,,,,265
XR0580ZEA,14,MT,,,,345
XR0580ZEA,14,12,,,,545
XR0580ZEA,14,13,,,,535
XR0580ZEA,14,14,,,,530
XR0580ZEA,14,15,,,,525
XR0580ZEA,14,16,,,,515
XR0580ZEA,14,23,,,,515
XR0580ZEA,14,LG,,,,415
XR0580ZEA,18,MT,,,,500
XR0580ZEA,18,12,,,,700
XR0580ZEA,18,13,,,,690
XR0580ZEA,18,14,,,,685
XR0580ZEA,18,15,,,,680
XR0580ZEA,18,16,,,,675
XR0580ZEA,18,23,,,,675
XR0580ZEA,18,LG,,,,575
XR0580ZEA,PLAT,MT,,,,410
XR0580ZEA,PLAT,12,,,,610
XR0580ZEA,PLAT,13,,,,600
XR0580ZEA,PLAT,14,,,,590
XR0580ZEA,PLAT,15,,,,590
XR0580ZEA,PLAT,16,,,,580
XR0580ZEA,PLAT,23,,,,580
XR0580ZEA,PLAT,LG,,,,480
XR0609FE,09,MT,,,,150
XR0609FE,09,12,,,,470
XR0609FE,09,13,,,,440
XR0609FE,09,14,,,,430
XR0609FE,09,15,,,,425
XR0609FE,09,16,,,,420
XR0609FE,09,23,,,,420
XR0609FE,09,LG,,,,230
XR0609FE,14,MT,,,,260
XR0609FE,14,12,,,,580
XR0609FE,14,13,,,,550
XR0609FE,14,14,,,,540
XR0609FE,14,15,,,,535
XR0609FE,14,16,,,,530
XR0609FE,14,23,,,,530
XR0609FE,14,LG,,,,340
XR0609FE,18,MT,,,,375
XR0609FE,18,12,,,,695
XR0609FE,18,13,,,,665
XR0609FE,18,14,,,,655
XR0609FE,18,15,,,,650
XR0609FE,18,16,,,,645
XR0609FE,18,23,,,,645
XR0609FE,18,LG,,,,455
XR0609FE,PLAT,MT,,,,305
XR0609FE,PLAT,12,,,,630
XR0609FE,PLAT,13,,,,600
XR0609FE,PLAT,14,,,,585
XR0609FE,PLAT,15,,,,585
XR0609FE,PLAT,16,,,,580
XR0609FE,PLAT,23,,,,575
XR0609FE,PLAT,LG,,,,385
XR0713J,09,MT,,,,200
XR0713J,09,12,,,,1375
XR0713J,09,13,,,,1340
XR0713J,09,14,,,,1220
XR0713J,09,15,,,,1205
XR0713J,09,16,,,,1185
XR0713J,09,23,,,,1185
XR0713J,09,LG,,,,370
XR0713J,14,MT,,,,355
XR0713J,14,12,,,,1530
XR0713J,14,13,,,,1495
XR0713J,14,14,,,,1375
XR0713J,14,15,,,,1360
XR0713J,14,16,,,,1340
XR0713J,14,23,,,,1340
XR0713J,14,LG,,,,525
XR0713J,18,MT,,,,515
XR0713J,18,12,,,,1690
XR0713J,18,13,,,,1655
XR0713J,18,14,,,,1535
XR0713J,18,15,,,,1520
XR0713J,18,16,,,,1500
XR0713J,18,23,,,,1500
XR0713J,18,LG,,,,685
XR0713J,PLAT,MT,,,,420
XR0713J,PLAT,12,,,,1595
XR0713J,PLAT,13,,,,1560
XR0713J,PLAT,14,,,,1440
XR0713J,PLAT,15,,,,1425
XR0713J,PLAT,16,,,,1405
XR0713J,PLAT,23,,,,1405
XR0713J,PLAT,LG,,,,590
XR1037JL,09,MT,,,,155
XR1037JL,09,12,,,,240
XR1037JL,09,13,,,,235
XR1037JL,09,14,,,,235
XR1037JL,09,15,,,,230
XR1037JL,09,16,,,,225
XR1037JL,09,23,,,,225
XR1037JL,09,LG,,,,185
XR1037JL,14,MT,,,,265
XR1037JL,14,12,,,,355
XR1037JL,14,13,,,,350
XR1037JL,14,14,,,,350
XR1037JL,14,15,,,,345
XR1037JL,14,16,,,,340
XR1037JL,14,23,,,,340
XR1037JL,14,LG,,,,300
XR1037JL,18,MT,,,,385
XR1037JL,18,12,,,,475
XR1037JL,18,13,,,,470
XR1037JL,18,14,,,,465
XR1037JL,18,15,,,,465
XR1037JL,18,16,,,,460
XR1037JL,18,23,,,,460
XR1037JL,18,LG,,,,415
XR1037JL,PLAT,MT,,,,315
XR1037JL,PLAT,12,,,,405
XR1037JL,PLAT,13,,,,400
XR1037JL,PLAT,14,,,,395
XR1037JL,PLAT,15,,,,395
XR1037JL,PLAT,16,,,,390
XR1037JL,PLAT,23,,,,390
XR1037JL,PLAT,LG,,,,345
XR1047GEA,09,MT,,,,230
XR1047GEA,09,12,,,,350
XR1047GEA,09,13,,,,340
XR1047GEA,09,14,,,,335
XR1047GEA,09,15,,,,335
XR1047GEA,09,16,,,,325
XR1047GEA,09,23,,,,325
XR1047GEA,09,LG,,,,270
XR1047GEA,14,MT,,,,415
XR1047GEA,14,12,,,,530
XR1047GEA,14,13,,,,525
XR1047GEA,14,14,,,,520
XR1047GEA,14,15,,,,515
XR1047GEA,14,16,,,,510
XR1047GEA,14,23,,,,510
XR1047GEA,14,LG,,,,455
XR1047GEA,18,MT,,,,605
XR1047GEA,18,12,,,,720
XR1047GEA,18,13,,,,715
XR1047GEA,18,14,,,,710
XR1047GEA,18,15,,,,710
XR1047GEA,18,16,,,,700
XR1047GEA,18,23,,,,700
XR1047GEA,18,LG,,,,645
XR1047GEA,PLAT,MT,,,,490
XR1047GEA,PLAT,12,,,,610
XR1047GEA,PLAT,13,,,,600
XR1047GEA,PLAT,14,,,,600
XR1047GEA,PLAT,15,,,,595
XR1047GEA,PLAT,16,,,,590
XR1047GEA,PLAT,23,,,,590
XR1047GEA,PLAT,LG,,,,530
XR1047HE,09,MT,,,,220
XR1047HE,09,12,,,,395
XR1047HE,09,13,,,,380
XR1047HE,09,14,,,,370
XR1047HE,09,15,,,,365
XR1047HE,09,16,,,,355
XR1047HE,09,23,,,,355
XR1047HE,09,LG,,,,280
XR1047HE,14,MT,,,,395
XR1047HE,14,12,,,,570
XR1047HE,14,13,,,,555
XR1047HE,14,14,,,,540
XR1047HE,14,15,,,,535
XR1047HE,14,16,,,,525
XR1047HE,14,23,,,,525
XR1047HE,14,LG,,,,450
XR1047HE,18,MT,,,,575
XR1047HE,18,12,,,,750
XR1047HE,18,13,,,,735
XR1047HE,18,14,,,,725
XR1047HE,18,15,,,,720
XR1047HE,18,16,,,,705
XR1047HE,18,23,,,,705
XR1047HE,18,LG,,,,635
XR1047HE,PLAT,MT,,,,470
XR1047HE,PLAT,12,,,,645
XR1047HE,PLAT,13,,,,630
XR1047HE,PLAT,14,,,,615
XR1047HE,PLAT,15,,,,610
XR1047HE,PLAT,16,,,,600
XR1047HE,PLAT,23,,,,600
XR1047HE,PLAT,LG,,,,525
XR1048HE,09,MT,,,,230
XR1048HE,09,12,,,,410
XR1048HE,09,13,,,,395
XR1048HE,09,14,,,,390
XR1048HE,09,15,,,,385
XR1048HE,09,16,,,,375
XR1048HE,09,23,,,,375
XR1048HE,09,LG,,,,295
XR1048HE,14,MT,,,,410
XR1048HE,14,12,,,,590
XR1048HE,14,13,,,,575
XR1048HE,14,14,,,,570
XR1048HE,14,15,,,,565
XR1048HE,14,16,,,,555
XR1048HE,14,23,,,,555
XR1048HE,14,LG,,,,475
XR1048HE,18,MT,,,,595
XR1048HE,18,12,,,,780
XR1048HE,18,13,,,,765
XR1048HE,18,14,,,,755
XR1048HE,18,15,,,,755
XR1048HE,18,16,,,,740
XR1048HE,18,23,,,,740
XR1048HE,18,LG,,,,660
XR1048HE,PLAT,MT,,,,485
XR1048HE,PLAT,12,,,,665
XR1048HE,PLAT,13,,,,655
XR1048HE,PLAT,14,,,,645
XR1048HE,PLAT,15,,,,640
XR1048HE,PLAT,16,,,,630
XR1048HE,PLAT,23,,,,630
XR1048HE,PLAT,LG,,,,550
XR1051JE,09,MT,,,,210
XR1051JE,09,12,,,,485
XR1051JE,09,13,,,,460
XR1051JE,09,14,,,,445
XR1051JE,09,15,,,,435
XR1051JE,09,16,,,,420
XR1051JE,09,23,,,,410
XR1051JE,09,LG,,,,295
XR1051JE,14,MT,,,,380
XR1051JE,14,12,,,,650
XR1051JE,14,13,,,,630
XR1051JE,14,14,,,,610
XR1051JE,14,15,,,,605
XR1051JE,14,16,,,,590
XR1051JE,14,23,,,,575
XR1051JE,14,LG,,,,460
XR1051JE,18,MT,,,,550
XR1051JE,18,12,,,,825
XR1051JE,18,13,,,,800
XR1051JE,18,14,,,,785
XR1051JE,18,15,,,,775
XR1051JE,18,16,,,,760
XR1051JE,18,23,,,,750
XR1051JE,18,LG,,,,635
XR1051JE,PLAT,MT,,,,450
XR1051JE,PLAT,12,,,,720
XR1051JE,PLAT,13,,,,700
XR1051JE,PLAT,14,,,,680
XR1051JE,PLAT,15,,,,675
XR1051JE,PLAT,16,,,,660
XR1051JE,PLAT,23,,,,650
XR1051JE,PLAT,LG,,,,530
XR1052HE,09,MT,,,,260
XR1052HE,09,12,,,,435
XR1052HE,09,13,,,,420
XR1052HE,09,14,,,,410
XR1052HE,09,15,,,,400
XR1052HE,09,16,,,,390
XR1052HE,09,23,,,,390
XR1052HE,09,LG,,,,320
XR1052HE,14,MT,,,,470
XR1052HE,14,12,,,,645
XR1052HE,14,13,,,,630
XR1052HE,14,14,,,,615
XR1052HE,14,15,,,,610
XR1052HE,14,16,,,,600
XR1052HE,14,23,,,,600
XR1052HE,14,LG,,,,525
XR1052HE,18,MT,,,,685
XR1052HE,18,12,,,,865
XR1052HE,18,13,,,,845
XR1052HE,18,14,,,,835
XR1052HE,18,15,,,,830
XR1052HE,18,16,,,,820
XR1052HE,18,23,,,,820
XR1052HE,18,LG,,,,745
XR1052HE,PLAT,MT,,,,560
XR1052HE,PLAT,12,,,,735
XR1052HE,PLAT,13,,,,720
XR1052HE,PLAT,14,,,,705
XR1052HE,PLAT,15,,,,700
XR1052HE,PLAT,16,,,,690
XR1052HE,PLAT,23,,,,690
XR1052HE,PLAT,LG,,,,615
XR1053GE,09,MT,,,,215
XR1053GE,09,12,,,,335
XR1053GE,09,13,,,,330
XR1053GE,09,14,,,,325
XR1053GE,09,15,,,,325
XR1053GE,09,16,,,,315
XR1053GE,09,23,,,,315
XR1053GE,09,LG,,,,255
XR1053GE,14,MT,,,,380
XR1053GE,14,12,,,,505
XR1053GE,14,13,,,,495
XR1053GE,14,14,,,,495
XR1053GE,14,15,,,,490
XR1053GE,14,16,,,,485
XR1053GE,14,23,,,,485
XR1053GE,14,LG,,,,425
XR1053GE,18,MT,,,,555
XR1053GE,18,12,,,,680
XR1053GE,18,13,,,,670
XR1053GE,18,14,,,,670
XR1053GE,18,15,,,,665
XR1053GE,18,16,,,,660
XR1053GE,18,23,,,,660
XR1053GE,18,LG,,,,600
XR1053GE,PLAT,MT,,,,455
XR1053GE,PLAT,12,,,,575
XR1053GE,PLAT,13,,,,570
XR1053GE,PLAT,14,,,,565
XR1053GE,PLAT,15,,,,565
XR1053GE,PLAT,16,,,,555
XR1053GE,PLAT,23,,,,555
XR1053GE,PLAT,LG,,,,495
XR1087K,09,MT,,,,455
XR1087K,09,12,,,,1330
XR1087K,09,13,,,,1295
XR1087K,09,14,,,,1270
XR1087K,09,15,,,,1260
XR1087K,09,16,,,,1235
XR1087K,09,23,,,,1225
XR1087K,09,LG,,,,720
XR1087K,14,MT,,,,835
XR1087K,14,12,,,,1710
XR1087K,14,13,,,,1675
XR1087K,14,14,,,,1650
XR1087K,14,15,,,,1640
XR1087K,14,16,,,,1620
XR1087K,14,23,,,,1605
XR1087K,14,LG,,,,1100
XR1087K,18,MT,,,,1235
XR1087K,18,12,,,,2110
XR1087K,18,13,,,,2075
XR1087K,18,14,,,,2050
XR1087K,18,15,,,,2040
XR1087K,18,16,,,,2015
XR1087K,18,23,,,,2005
XR1087K,18,LG,,,,1500
XR1087K,PLAT,MT,,,,1000
XR1087K,PLAT,12,,,,1875
XR1087K,PLAT,13,,,,1840
XR1087K,PLAT,14,,,,1815
XR1087K,PLAT,15,,,,1805
XR1087K,PLAT,16,,,,1780
XR1087K,PLAT,23,,,,1770
XR1087K,PLAT,LG,,,,1265
XR1787G,09,MT,,,,240
XR1787G,09,12,,,,600
XR1787G,09,13,,,,575
XR1787G,09,14,,,,560
XR1787G,09,15,,,,555
XR1787G,09,16,,,,535
XR1787G,09,23,,,,530
XR1787G,09,LG,,,,335
XR1787G,14,MT,,,,425
XR1787G,14,12,,,,785
XR1787G,14,13,,,,765
XR1787G,14,14,,,,750
XR1787G,14,15,,,,745
XR1787G,14,16,,,,725
XR1787G,14,23,,,,720
XR1787G,14,LG,,,,525
XR1787G,18,MT,,,,625
XR1787G,18,12,,,,985
XR1787G,18,13,,,,960
XR1787G,18,14,,,,945
XR1787G,18,15,,,,940
XR1787G,18,16,,,,920
XR1787G,18,23,,,,920
XR1787G,18,LG,,,,725
XR1787G,PLAT,MT,,,,510
XR1787G,PLAT,12,,,,870
XR1787G,PLAT,13,,,,845
XR1787G,PLAT,14,,,,830
XR1787G,PLAT,15,,,,825
XR1787G,PLAT,16,,,,805
XR1787G,PLAT,23,,,,800
XR1787G,PLAT,LG,,,,610
XR1848H,09,MT,,,,180
XR1848H,09,12,,,,180
XR1848H,09,13,,,,180
XR1848H,09,14,,,,180
XR1848H,09,15,,,,180
XR1848H,09,16,,,,180
XR1848H,09,23,,,,180
XR1848H,09,LG,,,,180
XR1848H,14,MT,,,,315
XR1848H,14,12,,,,315
XR1848H,14,13,,,,315
XR1848H,14,14,,,,315
XR1848H,14,15,,,,315
XR1848H,14,16,,,,315
XR1848H,14,23,,,,315
XR1848H,14,LG,,,,315
XR1848H,18,MT,,,,460
XR1848H,18,12,,,,460
XR1848H,18,13,,,,460
XR1848H,18,14,,,,460
XR1848H,18,15,,,,460
XR1848H,18,16,,,,460
XR1848H,18,23,,,,460
XR1848H,18,LG,,,,460
XR1848H,PLAT,MT,,,,375
XR1848H,PLAT,12,,,,375
XR1848H,PLAT,13,,,,375
XR1848H,PLAT,14,,,,375
XR1848H,PLAT,15,,,,375
XR1848H,PLAT,16,,,,375
XR1848H,PLAT,23,,,,375
XR1848H,PLAT,LG,,,,375
XR1849GE,09,MT,,,,195
XR1849GE,09,12,,,,335
XR1849GE,09,13,,,,325
XR1849GE,09,14,,,,320
XR1849GE,09,15,,,,320
XR1849GE,09,16,,,,310
XR1849GE,09,23,,,,310
XR1849GE,09,LG,,,,250
XR1849GE,14,MT,,,,350
XR1849GE,14,12,,,,485
XR1849GE,14,13,,,,480
XR1849GE,14,14,,,,475
XR1849GE,14,15,,,,470
XR1849GE,14,16,,,,465
XR1849GE,14,23,,,,465
XR1849GE,14,LG,,,,405
XR1849GE,18,MT,,,,510
XR1849GE,18,12,,,,645
XR1849GE,18,13,,,,640
XR1849GE,18,14,,,,635
XR1849GE,18,15,,,,630
XR1849GE,18,16,,,,625
XR1849GE,18,23,,,,625
XR1849GE,18,LG,,,,565
XR1849GE,PLAT,MT,,,,415
XR1849GE,PLAT,12,,,,555
XR1849GE,PLAT,13,,,,545
XR1849GE,PLAT,14,,,,540
XR1849GE,PLAT,15,,,,540
XR1849GE,PLAT,16,,,,530
XR1849GE,PLAT,23,,,,530
XR1849GE,PLAT,LG,,,,470
XR1850D,09,MT,,,,145
XR1850D,09,12,,,,280
XR1850D,09,13,,,,270
XR1850D,09,14,,,,265
XR1850D,09,15,,,,265
XR1850D,09,16,,,,255
XR1850D,09,23,,,,255
XR1850D,09,LG,,,,190
XR1850D,14,MT,,,,245
XR1850D,14,12,,,,385
XR1850D,14,13,,,,375
XR1850D,14,14,,,,370
XR1850D,14,15,,,,370
XR1850D,14,16,,,,360
XR1850D,14,23,,,,360
XR1850D,14,LG,,,,295
XR1850D,18,MT,,,,355
XR1850D,18,12,,,,490
XR1850D,18,13,,,,485
XR1850D,18,14,,,,480
XR1850D,18,15,,,,480
XR1850D,18,16,,,,470
XR1850D,18,23,,,,470
XR1850D,18,LG,,,,405
XR1850D,PLAT,MT,,,,295
XR1850D,PLAT,12,,,,430
XR1850D,PLAT,13,,,,420
XR1850D,PLAT,14,,,,415
XR1850D,PLAT,15,,,,415
XR1850D,PLAT,16,,,,405
XR1850D,PLAT,23,,,,405
XR1850D,PLAT,LG,,,,340
XR1996GE,09,MT,,,,140
XR1996GE,09,12,,,,575
XR1996GE,09,13,,,,540
XR1996GE,09,14,,,,505
XR1996GE,09,15,,,,445
XR1996GE,09,16,,,,425
XR1996GE,09,23,,,,435
XR1996GE,09,LG,,,,225
XR1996GE,14,MT,,,,240
XR1996GE,14,12,,,,675
XR1996GE,14,13,,,,640
XR1996GE,14,14,,,,605
XR1996GE,14,15,,,,550
XR1996GE,14,16,,,,530
XR1996GE,14,23,,,,535
XR1996GE,14,LG,,,,325
XR1996GE,18,MT,,,,350
XR1996GE,18,12,,,,780
XR1996GE,18,13,,,,750
XR1996GE,18,14,,,,715
XR1996GE,18,15,,,,655
XR1996GE,18,16,,,,635
XR1996GE,18,23,,,,645
XR1996GE,18,LG,,,,430
XR1996GE,PLAT,MT,,,,285
XR1996GE,PLAT,12,,,,720
XR1996GE,PLAT,13,,,,685
XR1996GE,PLAT,14,,,,650
XR1996GE,PLAT,15,,,,595
XR1996GE,PLAT,16,,,,570
XR1996GE,PLAT,23,,,,580
XR1996GE,PLAT,LG,,,,370
XR2024H,09,MT,,,,215
XR2024H,09,12,,,,680
XR2024H,09,13,,,,660
XR2024H,09,14,,,,650
XR2024H,09,15,,,,640
XR2024H,09,16,,,,630
XR2024H,09,23,,,,630
XR2024H,09,LG,,,,340
XR2024H,14,MT,,,,385
XR2024H,14,12,,,,845
XR2024H,14,13,,,,830
XR2024H,14,14,,,,820
XR2024H,14,15,,,,810
XR2024H,14,16,,,,800
XR2024H,14,23,,,,800
XR2024H,14,LG,,,,510
XR2024H,18,MT,,,,560
XR2024H,18,12,,,,1025
XR2024H,18,13,,,,1005
XR2024H,18,14,,,,995
XR2024H,18,15,,,,990
XR2024H,18,16,,,,980
XR2024H,18,23,,,,975
XR2024H,18,LG,,,,685
XR2024H,PLAT,MT,,,,455
XR2024H,PLAT,12,,,,920
XR2024H,PLAT,13,,,,905
XR2024H,PLAT,14,,,,890
XR2024H,PLAT,15,,,,885
XR2024H,PLAT,16,,,,875
XR2024H,PLAT,23,,,,870
XR2024H,PLAT,LG,,,,585
XR2073S,09,MT,,,,210
XR2073S,09,12,,,,975
XR2073S,09,13,,,,915
XR2073S,09,14,,,,860
XR2073S,09,15,,,,825
XR2073S,09,16,,,,780
XR2073S,09,23,,,,745
XR2073S,09,LG,,,,330
XR2073S,14,MT,,,,380
XR2073S,14,12,,,,1140
XR2073S,14,13,,,,1080
XR2073S,14,14,,,,1025
XR2073S,14,15,,,,990
XR2073S,14,16,,,,945
XR2073S,14,23,,,,915
XR2073S,14,LG,,,,495
XR2073S,18,MT,,,,550
XR2073S,18,12,,,,1315
XR2073S,18,13,,,,1255
XR2073S,18,14,,,,1200
XR2073S,18,15,,,,1165
XR2073S,18,16,,,,1115
XR2073S,18,23,,,,1085
XR2073S,18,LG,,,,670
XR2073S,PLAT,MT,,,,450
XR2073S,PLAT,12,,,,1210
XR2073S,PLAT,13,,,,1155
XR2073S,PLAT,14,,,,1095
XR2073S,PLAT,15,,,,1065
XR2073S,PLAT,16,,,,1015
XR2073S,PLAT,23,,,,985
XR2073S,PLAT,LG,,,,570
XR2074H,09,MT,,,,215
XR2074H,09,12,,,,845
XR2074H,09,13,,,,810
XR2074H,09,14,,,,765
XR2074H,09,15,,,,740
XR2074H,09,16,,,,685
XR2074H,09,23,,,,675
XR2074H,09,LG,,,,340
XR2074H,14,MT,,,,385
XR2074H,14,12,,,,1015
XR2074H,14,13,,,,980
XR2074H,14,14,,,,935
XR2074H,14,15,,,,905
XR2074H,14,16,,,,855
XR2074H,14,23,,,,845
XR2074H,14,LG,,,,510
XR2074H,18,MT,,,,560
XR2074H,18,12,,,,1190
XR2074H,18,13,,,,1160
XR2074H,18,14,,,,1110
XR2074H,18,15,,,,1085
XR2074H,18,16,,,,1035
XR2074H,18,23,,,,1020
XR2074H,18,LG,,,,685
XR2074H,PLAT,MT,,,,455
XR2074H,PLAT,12,,,,1085
XR2074H,PLAT,13,,,,1055
XR2074H,PLAT,14,,,,1005
XR2074H,PLAT,15,,,,980
XR2074H,PLAT,16,,,,930
XR2074H,PLAT,23,,,,915
XR2074H,PLAT,LG,,,,585
XR2149KE,09,MT,,,,260
XR2149KE,09,12,,,,470
XR2149KE,09,13,,,,450
XR2149KE,09,14,,,,440
XR2149KE,09,15,,,,430
XR2149KE,09,16,,,,420
XR2149KE,09,23,,,,415
XR2149KE,09,LG,,,,320
XR2149KE,14,MT,,,,470
XR2149KE,14,12,,,,680
XR2149KE,14,13,,,,660
XR2149KE,14,14,,,,645
XR2149KE,14,15,,,,640
XR2149KE,14,16,,,,625
XR2149KE,14,23,,,,620
XR2149KE,14,LG,,,,530
XR2149KE,18,MT,,,,685
XR2149KE,18,12,,,,895
XR2149KE,18,13,,,,880
XR2149KE,18,14,,,,865
XR2149KE,18,15,,,,860
XR2149KE,18,16,,,,845
XR2149KE,18,23,,,,840
XR2149KE,18,LG,,,,750
XR2149KE,PLAT,MT,,,,560
XR2149KE,PLAT,12,,,,770
XR2149KE,PLAT,13,,,,750
XR2149KE,PLAT,14,,,,735
XR2149KE,PLAT,15,,,,730
XR2149KE,PLAT,16,,,,715
XR2149KE,PLAT,23,,,,710
XR2149KE,PLAT,LG,,,,620
XR2149KL,09,MT,,,,145
XR2149KL,09,12,,,,275
XR2149KL,09,13,,,,265
XR2149KL,09,14,,,,255
XR2149KL,09,15,,,,250
XR2149KL,09,16,,,,245
XR2149KL,09,23,,,,240
XR2149KL,09,LG,,,,180
XR2149KL,14,MT,,,,255
XR2149KL,14,12,,,,380
XR2149KL,14,13,,,,370
XR2149KL,14,14,,,,360
XR2149KL,14,15,,,,360
XR2149KL,14,16,,,,350
XR2149KL,14,23,,,,345
XR2149KL,14,LG,,,,290
XR2149KL,18,MT,,,,365
XR2149KL,18,12,,,,495
XR2149KL,18,13,,,,485
XR2149KL,18,14,,,,475
XR2149KL,18,15,,,,470
XR2149KL,18,16,,,,465
XR2149KL,18,23,,,,460
XR2149KL,18,LG,,,,400
XR2149KL,PLAT,MT,,,,300
XR2149KL,PLAT,12,,,,430
XR2149KL,PLAT,13,,,,415
XR2149KL,PLAT,14,,,,410
XR2149KL,PLAT,15,,,,405
XR2149KL,PLAT,16,,,,395
XR2149KL,PLAT,23,,,,390
XR2149KL,PLAT,LG,,,,335
XR2425SE,09,MT,,,,175
XR2425SE,09,12,,,,315
XR2425SE,09,13,,,,305
XR2425SE,09,14,,,,300
XR2425SE,09,15,,,,300
XR2425SE,09,16,,,,290
XR2425SE,09,23,,,,290
XR2425SE,09,LG,,,,230
XR2425SE,14,MT,,,,305
XR2425SE,14,12,,,,445
XR2425SE,14,13,,,,435
XR2425SE,14,14,,,,430
XR2425SE,14,15,,,,430
XR2425SE,14,16,,,,420
XR2425SE,14,23,,,,420
XR2425SE,14,LG,,,,365
XR2425SE,18,MT,,,,445
XR2425SE,18,12,,,,585
XR2425SE,18,13,,,,575
XR2425SE,18,14,,,,570
XR2425SE,18,15,,,,570
XR2425SE,18,16,,,,560
XR2425SE,18,23,,,,560
XR2425SE,18,LG,,,,500
XR2425SE,PLAT,MT,,,,360
XR2425SE,PLAT,12,,,,500
XR2425SE,PLAT,13,,,,495
XR2425SE,PLAT,14,,,,490
XR2425SE,PLAT,15,,,,485
XR2425SE,PLAT,16,,,,480
XR2425SE,PLAT,23,,,,480
XR2425SE,PLAT,LG,,,,420
XR2426GE,09,MT,,,,190
XR2426GE,09,12,,,,330
XR2426GE,09,13,,,,325
XR2426GE,09,14,,,,320
XR2426GE,09,15,,,,315
XR2426GE,09,16,,,,310
XR2426GE,09,23,,,,310
XR2426GE,09,LG,,,,245
XR2426GE,14,MT,,,,340
XR2426GE,14,12,,,,480
XR2426GE,14,13,,,,470
XR2426GE,14,14,,,,465
XR2426GE,14,15,,,,465
XR2426GE,14,16,,,,455
XR2426GE,14,23,,,,455
XR2426GE,14,LG,,,,395
XR2426GE,18,MT,,,,495
XR2426GE,18,12,,,,635
XR2426GE,18,13,,,,625
XR2426GE,18,14,,,,620
XR2426GE,18,15,,,,620
XR2426GE,18,16,,,,610
XR2426GE,18,23,,,,610
XR2426GE,18,LG,,,,550
XR2426GE,PLAT,MT,,,,405
XR2426GE,PLAT,12,,,,545
XR2426GE,PLAT,13,,,,535
XR2426GE,PLAT,14,,,,530
XR2426GE,PLAT,15,,,,530
XR2426GE,PLAT,16,,,,520
XR2426GE,PLAT,23,,,,520
XR2426GE,PLAT,LG,,,,460
XR2427N,09,MT,,,,405
XR2427N,09,12,,,,3320
XR2427N,09,13,,,,3320
XR2427N,09,14,,,,3640
XR2427N,09,15,,,,3640
XR2427N,09,16,,,,3640
XR2427N,09,23,,,,3640
XR2427N,09,LG,,,,940
XR2427N,14,MT,,,,740
XR2427N,14,12,,,,3655
XR2427N,14,13,,,,3655
XR2427N,14,14,,,,3975
XR2427N,14,15,,,,3975
XR2427N,14,16,,,,3975
XR2427N,14,23,,,,3975
XR2427N,14,LG,,,,1275
XR2427N,18,MT,,,,1095
XR2427N,18,12,,,,4010
XR2427N,18,13,,,,4010
XR2427N,18,14,,,,4330
XR2427N,18,15,,,,4330
XR2427N,18,16,,,,4330
XR2427N,18,23,,,,4330
XR2427N,18,LG,,,,1630
XR2427N,PLAT,MT,,,,885
XR2427N,PLAT,12,,,,3800
XR2427N,PLAT,13,,,,3800
XR2427N,PLAT,14,,,,4120
XR2427N,PLAT,15,,,,4120
XR2427N,PLAT,16,,,,4120
XR2427N,PLAT,23,,,,4120
XR2427N,PLAT,LG,,,,1420
XR2429GEA,09,MT,,,,160
XR2429GEA,09,12,,,,255
XR2429GEA,09,13,,,,250
XR2429GEA,09,14,,,,245
XR2429GEA,09,15,,,,240
XR2429GEA,09,16,,,,235
XR2429GEA,09,23,,,,235
XR2429GEA,09,LG,,,,195
XR2429GEA,14,MT,,,,280
XR2429GEA,14,12,,,,375
XR2429GEA,14,13,,,,370
XR2429GEA,14,14,,,,360
XR2429GEA,14,15,,,,360
XR2429GEA,14,16,,,,355
XR2429GEA,14,23,,,,355
XR2429GEA,14,LG,,,,315
XR2429GEA,18,MT,,,,405
XR2429GEA,18,12,,,,500
XR2429GEA,18,13,,,,495
XR2429GEA,18,14,,,,485
XR2429GEA,18,15,,,,485
XR2429GEA,18,16,,,,480
XR2429GEA,18,23,,,,480
XR2429GEA,18,LG,,,,440
XR2429GEA,PLAT,MT,,,,330
XR2429GEA,PLAT,12,,,,425
XR2429GEA,PLAT,13,,,,420
XR2429GEA,PLAT,14,,,,415
XR2429GEA,PLAT,15,,,,410
XR2429GEA,PLAT,16,,,,405
XR2429GEA,PLAT,23,,,,405
XR2429GEA,PLAT,LG,,,,365
XR2429SE,09,MT,,,,170
XR2429SE,09,12,,,,265
XR2429SE,09,13,,,,260
XR2429SE,09,14,,,,250
XR2429SE,09,15,,,,250
XR2429SE,09,16,,,,245
XR2429SE,09,23,,,,245
XR2429SE,09,LG,,,,205
XR2429SE,14,MT,,,,295
XR2429SE,14,12,,,,395
XR2429SE,14,13,,,,385
XR2429SE,14,14,,,,380
XR2429SE,14,15,,,,375
XR2429SE,14,16,,,,370
XR2429SE,14,23,,,,370
XR2429SE,14,LG,,,,335
XR2429SE,18,MT,,,,430
XR2429SE,18,12,,,,530
XR2429SE,18,13,,,,520
XR2429SE,18,14,,,,515
XR2429SE,18,15,,,,510
XR2429SE,18,16,,,,505
XR2429SE,18,23,,,,505
XR2429SE,18,LG,,,,465
XR2429SE,PLAT,MT,,,,355
XR2429SE,PLAT,12,,,,450
XR2429SE,PLAT,13,,,,440
XR2429SE,PLAT,14,,,,435
XR2429SE,PLAT,15,,,,430
XR2429SE,PLAT,16,,,,425
XR2429SE,PLAT,23,,,,425
XR2429SE,PLAT,LG,,,,390
XR2638SE,09,MT,,,,170
XR2638SE,09,12,,,,575
XR2638SE,09,13,,,,555
XR2638SE,09,14,,,,535
XR2638SE,09,15,,,,530
XR2638SE,09,16,,,,515
XR2638SE,09,23,,,,510
XR2638SE,09,LG,,,,255
XR2638SE,14,MT,,,,295
XR2638SE,14,12,,,,700
XR2638SE,14,13,,,,680
XR2638SE,14,14,,,,665
XR2638SE,14,15,,,,655
XR2638SE,14,16,,,,640
XR2638SE,14,23,,,,635
XR2638SE,14,LG,,,,385
XR2638SE,18,MT,,,,425
XR2638SE,18,12,,,,835
XR2638SE,18,13,,,,815
XR2638SE,18,14,,,,795
XR2638SE,18,15,,,,790
XR2638SE,18,16,,,,775
XR2638SE,18,23,,,,770
XR2638SE,18,LG,,,,515
XR2638SE,PLAT,MT,,,,350
XR2638SE,PLAT,12,,,,755
XR2638SE,PLAT,13,,,,735
XR2638SE,PLAT,14,,,,720
XR2638SE,PLAT,15,,,,710
XR2638SE,PLAT,16,,,,695
XR2638SE,PLAT,23,,,,690
XR2638SE,PLAT,LG,,,,440
XR2640SE,09,MT,,,,250
XR2640SE,09,12,,,,810
XR2640SE,09,13,,,,755
XR2640SE,09,14,,,,725
XR2640SE,09,15,,,,715
XR2640SE,09,16,,,,695
XR2640SE,09,23,,,,690
XR2640SE,09,LG,,,,405
XR2640SE,14,MT,,,,450
XR2640SE,14,12,,,,1010
XR2640SE,14,13,,,,955
XR2640SE,14,14,,,,925
XR2640SE,14,15,,,,915
XR2640SE,14,16,,,,895
XR2640SE,14,23,,,,890
XR2640SE,14,LG,,,,605
XR2640SE,18,MT,,,,660
XR2640SE,18,12,,,,1220
XR2640SE,18,13,,,,1165
XR2640SE,18,14,,,,1135
XR2640SE,18,15,,,,1125
XR2640SE,18,16,,,,1105
XR2640SE,18,23,,,,1100
XR2640SE,18,LG,,,,815
XR2640SE,PLAT,MT,,,,540
XR2640SE,PLAT,12,,,,1095
XR2640SE,PLAT,13,,,,1045
XR2640SE,PLAT,14,,,,1010
XR2640SE,PLAT,15,,,,1000
XR2640SE,PLAT,16,,,,980
XR2640SE,PLAT,23,,,,975
XR2640SE,PLAT,LG,,,,695
XR2643Z,09,MT,,,,145
XR2643Z,09,12,,,,490
XR2643Z,09,13,,,,490
XR2643Z,09,14,,,,390
XR2643Z,09,15,,,,390
XR2643Z,09,16,,,,390
XR2643Z,09,23,,,,390
XR2643Z,09,LG,,,,200
XR2643Z,14,MT,,,,250
XR2643Z,14,12,,,,600
XR2643Z,14,13,,,,600
XR2643Z,14,14,,,,495
XR2643Z,14,15,,,,495
XR2643Z,14,16,,,,495
XR2643Z,14,23,,,,495
XR2643Z,14,LG,,,,305
XR2643Z,18,MT,,,,360
XR2643Z,18,12,,,,710
XR2643Z,18,13,,,,710
XR2643Z,18,14,,,,605
XR2643Z,18,15,,,,605
XR2643Z,18,16,,,,605
XR2643Z,18,23,,,,605
XR2643Z,18,LG,,,,415
XR2643Z,PLAT,MT,,,,295
XR2643Z,PLAT,12,,,,645
XR2643Z,PLAT,13,,,,645
XR2643Z,PLAT,14,,,,540
XR2643Z,PLAT,15,,,,540
XR2643Z,PLAT,16,,,,540
XR2643Z,PLAT,23,,,,540
XR2643Z,PLAT,LG,,,,350
XR2644SE,09,MT,,,,235
XR2644SE,09,12,,,,820
XR2644SE,09,13,,,,765
XR2644SE,09,14,,,,735
XR2644SE,09,15,,,,720
XR2644SE,09,16,,,,700
XR2644SE,09,23,,,,690
XR2644SE,09,LG,,,,385
XR2644SE,14,MT,,,,420
XR2644SE,14,12,,,,1005
XR2644SE,14,13,,,,950
XR2644SE,14,14,,,,920
XR2644SE,14,15,,,,910
XR2644SE,14,16,,,,890
XR2644SE,14,23,,,,880
XR2644SE,14,LG,,,,570
XR2644SE,18,MT,,,,615
XR2644SE,18,12,,,,1200
XR2644SE,18,13,,,,1145
XR2644SE,18,14,,,,1115
XR2644SE,18,15,,,,1105
XR2644SE,18,16,,,,1085
XR2644SE,18,23,,,,1075
XR2644SE,18,LG,,,,765
XR2644SE,PLAT,MT,,,,500
XR2644SE,PLAT,12,,,,1085
XR2644SE,PLAT,13,,,,1030
XR2644SE,PLAT,14,,,,1000
XR2644SE,PLAT,15,,,,990
XR2644SE,PLAT,16,,,,970
XR2644SE,PLAT,23,,,,960
XR2644SE,PLAT,LG,,,,650
XR2677HE,09,MT,,,,205
XR2677HE,09,12,,,,435
XR2677HE,09,13,,,,420
XR2677HE,09,14,,,,410
XR2677HE,09,15,,,,405
XR2677HE,09,16,,,,395
XR2677HE,09,23,,,,395
XR2677HE,09,LG,,,,275
XR2677HE,14,MT,,,,360
XR2677HE,14,12,,,,590
XR2677HE,14,13,,,,575
XR2677HE,14,14,,,,565
XR2677HE,14,15,,,,560
XR2677HE,14,16,,,,555
XR2677HE,14,23,,,,555
XR2677HE,14,LG,,,,430
XR2677HE,18,MT,,,,525
XR2677HE,18,12,,,,755
XR2677HE,18,13,,,,740
XR2677HE,18,14,,,,730
XR2677HE,18,15,,,,725
XR2677HE,18,16,,,,720
XR2677HE,18,23,,,,720
XR2677HE,18,LG,,,,595
XR2677HE,PLAT,MT,,,,430
XR2677HE,PLAT,12,,,,660
XR2677HE,PLAT,13,,,,645
XR2677HE,PLAT,14,,,,635
XR2677HE,PLAT,15,,,,630
XR2677HE,PLAT,16,,,,620
XR2677HE,PLAT,23,,,,620
XR2677HE,PLAT,LG,,,,500
XR2678XE,09,MT,,,,165
XR2678XE,09,12,,,,455
XR2678XE,09,13,,,,445
XR2678XE,09,14,,,,425
XR2678XE,09,15,,,,425
XR2678XE,09,16,,,,410
XR2678XE,09,23,,,,410
XR2678XE,09,LG,,,,265
XR2678XE,14,MT,,,,290
XR2678XE,14,12,,,,580
XR2678XE,14,13,,,,565
XR2678XE,14,14,,,,550
XR2678XE,14,15,,,,550
XR2678XE,14,16,,,,535
XR2678XE,14,23,,,,535
XR2678XE,14,LG,,,,390
XR2678XE,18,MT,,,,420
XR2678XE,18,12,,,,710
XR2678XE,18,13,,,,700
XR2678XE,18,14,,,,685
XR2678XE,18,15,,,,680
XR2678XE,18,16,,,,665
XR2678XE,18,23,,,,665
XR2678XE,18,LG,,,,520
XR2678XE,PLAT,MT,,,,345
XR2678XE,PLAT,12,,,,635
XR2678XE,PLAT,13,,,,620
XR2678XE,PLAT,14,,,,605
XR2678XE,PLAT,15,,,,600
XR2678XE,PLAT,16,,,,590
XR2678XE,PLAT,23,,,,590
XR2678XE,PLAT,LG,,,,445
XR2679SE,09,MT,,,,185
XR2679SE,09,12,,,,770
XR2679SE,09,13,,,,760
XR2679SE,09,14,,,,625
XR2679SE,09,15,,,,620
XR2679SE,09,16,,,,620
XR2679SE,09,23,,,,620
XR2679SE,09,LG,,,,280
XR2679SE,14,MT,,,,330
XR2679SE,14,12,,,,910
XR2679SE,14,13,,,,905
XR2679SE,14,14,,,,770
XR2679SE,14,15,,,,765
XR2679SE,14,16,,,,760
XR2679SE,14,23,,,,760
XR2679SE,14,LG,,,,425
XR2679SE,18,MT,,,,480
XR2679SE,18,12,,,,1060
XR2679SE,18,13,,,,1055
XR2679SE,18,14,,,,920
XR2679SE,18,15,,,,915
XR2679SE,18,16,,,,910
XR2679SE,18,23,,,,910
XR2679SE,18,LG,,,,575
XR2679SE,PLAT,MT,,,,390
XR2679SE,PLAT,12,,,,975
XR2679SE,PLAT,13,,,,965
XR2679SE,PLAT,14,,,,830
XR2679SE,PLAT,15,,,,830
XR2679SE,PLAT,16,,,,825
XR2679SE,PLAT,23,,,,825
XR2679SE,PLAT,LG,,,,485
XR2681HE,09,MT,,,,180
XR2681HE,09,12,,,,355
XR2681HE,09,13,,,,340
XR2681HE,09,14,,,,330
XR2681HE,09,15,,,,325
XR2681HE,09,16,,,,315
XR2681HE,09,23,,,,305
XR2681HE,09,LG,,,,230
XR2681HE,14,MT,,,,320
XR2681HE,14,12,,,,495
XR2681HE,14,13,,,,480
XR2681HE,14,14,,,,470
XR2681HE,14,15,,,,465
XR2681HE,14,16,,,,455
XR2681HE,14,23,,,,445
XR2681HE,14,LG,,,,365
XR2681HE,18,MT,,,,465
XR2681HE,18,12,,,,640
XR2681HE,18,13,,,,625
XR2681HE,18,14,,,,615
XR2681HE,18,15,,,,610
XR2681HE,18,16,,,,600
XR2681HE,18,23,,,,590
XR2681HE,18,LG,,,,510
XR2681HE,PLAT,MT,,,,380
XR2681HE,PLAT,12,,,,555
XR2681HE,PLAT,13,,,,540
XR2681HE,PLAT,14,,,,530
XR2681HE,PLAT,15,,,,525
XR2681HE,PLAT,16,,,,515
XR2681HE,PLAT,23,,,,505
XR2681HE,PLAT,LG,,,,425
XR2704DEA,09,MT,,,,145
XR2704DEA,09,12,,,,335
XR2704DEA,09,13,,,,320
XR2704DEA,09,14,,,,305
XR2704DEA,09,15,,,,300
XR2704DEA,09,16,,,,290
XR2704DEA,09,23,,,,275
XR2704DEA,09,LG,,,,170
XR2704DEA,14,MT,,,,255
XR2704DEA,14,12,,,,440
XR2704DEA,14,13,,,,425
XR2704DEA,14,14,,,,410
XR2704DEA,14,15,,,,405
XR2704DEA,14,16,,,,395
XR2704DEA,14,23,,,,380
XR2704DEA,14,LG,,,,275
XR2704DEA,18,MT,,,,365
XR2704DEA,18,12,,,,555
XR2704DEA,18,13,,,,540
XR2704DEA,18,14,,,,525
XR2704DEA,18,15,,,,520
XR2704DEA,18,16,,,,510
XR2704DEA,18,23,,,,495
XR2704DEA,18,LG,,,,390
XR2704DEA,PLAT,MT,,,,300
XR2704DEA,PLAT,12,,,,485
XR2704DEA,PLAT,13,,,,470
XR2704DEA,PLAT,14,,,,455
XR2704DEA,PLAT,15,,,,450
XR2704DEA,PLAT,16,,,,440
XR2704DEA,PLAT,23,,,,430
XR2704DEA,PLAT,LG,,,,320
XR2705GE,09,MT,,,,235
XR2705GE,09,12,,,,555
XR2705GE,09,13,,,,535
XR2705GE,09,14,,,,520
XR2705GE,09,15,,,,510
XR2705GE,09,16,,,,495
XR2705GE,09,23,,,,495
XR2705GE,09,LG,,,,335
XR2705GE,14,MT,,,,425
XR2705GE,14,12,,,,745
XR2705GE,14,13,,,,720
XR2705GE,14,14,,,,705
XR2705GE,14,15,,,,695
XR2705GE,14,16,,,,685
XR2705GE,14,23,,,,685
XR2705GE,14,LG,,,,525
XR2705GE,18,MT,,,,625
XR2705GE,18,12,,,,940
XR2705GE,18,13,,,,920
XR2705GE,18,14,,,,905
XR2705GE,18,15,,,,895
XR2705GE,18,16,,,,880
XR2705GE,18,23,,,,880
XR2705GE,18,LG,,,,720
XR2705GE,PLAT,MT,,,,505
XR2705GE,PLAT,12,,,,825
XR2705GE,PLAT,13,,,,805
XR2705GE,PLAT,14,,,,785
XR2705GE,PLAT,15,,,,780
XR2705GE,PLAT,16,,,,765
XR2705GE,PLAT,23,,,,765
XR2705GE,PLAT,LG,,,,605
XR2712ZL,09,MT,,,,110
XR2712ZL,09,12,,,,175
XR2712ZL,09,13,,,,170
XR2712ZL,09,14,,,,165
XR2712ZL,09,15,,,,165
XR2712ZL,09,16,,,,160
XR2712ZL,09,23,,,,160
XR2712ZL,09,LG,,,,135
XR2712ZL,14,MT,,,,185
XR2712ZL,14,12,,,,250
XR2712ZL,14,13,,,,245
XR2712ZL,14,14,,,,240
XR2712ZL,14,15,,,,240
XR2712ZL,14,16,,,,235
XR2712ZL,14,23,,,,235
XR2712ZL,14,LG,,,,210
XR2712ZL,18,MT,,,,265
XR2712ZL,18,12,,,,330
XR2712ZL,18,13,,,,325
XR2712ZL,18,14,,,,320
XR2712ZL,18,15,,,,320
XR2712ZL,18,16,,,,315
XR2712ZL,18,23,,,,315
XR2712ZL,18,LG,,,,290
XR2712ZL,PLAT,MT,,,,220
XR2712ZL,PLAT,12,,,,285
XR2712ZL,PLAT,13,,,,280
XR2712ZL,PLAT,14,,,,275
XR2712ZL,PLAT,15,,,,270
XR2712ZL,PLAT,16,,,,270
XR2712ZL,PLAT,23,,,,270
XR2712ZL,PLAT,LG,,,,240
XR2714CE,09,MT,,,,150
XR2714CE,09,12,,,,265
XR2714CE,09,13,,,,260
XR2714CE,09,14,,,,255
XR2714CE,09,15,,,,250
XR2714CE,09,16,,,,245
XR2714CE,09,23,,,,245
XR2714CE,09,LG,,,,195
XR2714CE,14,MT,,,,260
XR2714CE,14,12,,,,375
XR2714CE,14,13,,,,370
XR2714CE,14,14,,,,365
XR2714CE,14,15,,,,365
XR2714CE,14,16,,,,355
XR2714CE,14,23,,,,355
XR2714CE,14,LG,,,,310
XR2714CE,18,MT,,,,380
XR2714CE,18,12,,,,495
XR2714CE,18,13,,,,485
XR2714CE,18,14,,,,480
XR2714CE,18,15,,,,480
XR2714CE,18,16,,,,475
XR2714CE,18,23,,,,475
XR2714CE,18,LG,,,,425
XR2714CE,PLAT,MT,,,,310
XR2714CE,PLAT,12,,,,425
XR2714CE,PLAT,13,,,,415
XR2714CE,PLAT,14,,,,415
XR2714CE,PLAT,15,,,,410
XR2714CE,PLAT,16,,,,405
XR2714CE,PLAT,23,,,,405
XR2714CE,PLAT,LG,,,,355
XR2717CE,09,MT,,,,125
XR2717CE,09,12,,,,205
XR2717CE,09,13,,,,200
XR2717CE,09,14,,,,200
XR2717CE,09,15,,,,200
XR2717CE,09,16,,,,195
XR2717CE,09,23,,,,195
XR2717CE,09,LG,,,,160
XR2717CE,14,MT,,,,220
XR2717CE,14,12,,,,300
XR2717CE,14,13,,,,295
XR2717CE,14,14,,,,290
XR2717CE,14,15,,,,290
XR2717CE,14,16,,,,285
XR2717CE,14,23,,,,285
XR2717CE,14,LG,,,,250
XR2717CE,18,MT,,,,315
XR2717CE,18,12,,,,395
XR2717CE,18,13,,,,390
XR2717CE,18,14,,,,385
XR2717CE,18,15,,,,385
XR2717CE,18,16,,,,380
XR2717CE,18,23,,,,380
XR2717CE,18,LG,,,,345
XR2717CE,PLAT,MT,,,,255
XR2717CE,PLAT,12,,,,335
XR2717CE,PLAT,13,,,,330
XR2717CE,PLAT,14,,,,330
XR2717CE,PLAT,15,,,,330
XR2717CE,PLAT,16,,,,325
XR2717CE,PLAT,23,,,,325
XR2717CE,PLAT,LG,,,,290
XR2717CL,09,MT,,,,100
XR2717CL,09,12,,,,125
XR2717CL,09,13,,,,125
XR2717CL,09,14,,,,120
XR2717CL,09,15,,,,120
XR2717CL,09,16,,,,120
XR2717CL,09,23,,,,120
XR2717CL,09,LG,,,,110
XR2717CL,14,MT,,,,165
XR2717CL,14,12,,,,190
XR2717CL,14,13,,,,190
XR2717CL,14,14,,,,185
XR2717CL,14,15,,,,185
XR2717CL,14,16,,,,185
XR2717CL,14,23,,,,185
XR2717CL,14,LG,,,,175
XR2717CL,18,MT,,,,230
XR2717CL,18,12,,,,255
XR2717CL,18,13,,,,255
XR2717CL,18,14,,,,255
XR2717CL,18,15,,,,255
XR2717CL,18,16,,,,255
XR2717CL,18,23,,,,255
XR2717CL,18,LG,,,,240
XR2717CL,PLAT,MT,,,,190
XR2717CL,PLAT,12,,,,215
XR2717CL,PLAT,13,,,,215
XR2717CL,PLAT,14,,,,215
XR2717CL,PLAT,15,,,,215
XR2717CL,PLAT,16,,,,215
XR2717CL,PLAT,23,,,,215
XR2717CL,PLAT,LG,,,,200
XR2749D,09,MT,,,,115
XR2749D,09,12,,,,215
XR2749D,09,13,,,,205
XR2749D,09,14,,,,200
XR2749D,09,15,,,,195
XR2749D,09,16,,,,190
XR2749D,09,23,,,,185
XR2749D,09,LG,,,,140
XR2749D,14,MT,,,,200
XR2749D,14,12,,,,295
XR2749D,14,13,,,,285
XR2749D,14,14,,,,280
XR2749D,14,15,,,,275
XR2749D,14,16,,,,270
XR2749D,14,23,,,,270
XR2749D,14,LG,,,,225
XR2749D,18,MT,,,,285
XR2749D,18,12,,,,380
XR2749D,18,13,,,,370
XR2749D,18,14,,,,365
XR2749D,18,15,,,,360
XR2749D,18,16,,,,355
XR2749D,18,23,,,,355
XR2749D,18,LG,,,,310
XR2749D,PLAT,MT,,,,235
XR2749D,PLAT,12,,,,330
XR2749D,PLAT,13,,,,320
XR2749D,PLAT,14,,,,315
XR2749D,PLAT,15,,,,310
XR2749D,PLAT,16,,,,305
XR2749D,PLAT,23,,,,305
XR2749D,PLAT,LG,,,,260
XR2772FE,09,MT,,,,185
XR2772FE,09,12,,,,470
XR2772FE,09,13,,,,455
XR2772FE,09,14,,,,445
XR2772FE,09,15,,,,445
XR2772FE,09,16,,,,430
XR2772FE,09,23,,,,430
XR2772FE,09,LG,,,,285
XR2772FE,14,MT,,,,330
XR2772FE,14,12,,,,610
XR2772FE,14,13,,,,595
XR2772FE,14,14,,,,590
XR2772FE,14,15,,,,585
XR2772FE,14,16,,,,570
XR2772FE,14,23,,,,570
XR2772FE,14,LG,,,,430
XR2772FE,18,MT,,,,475
XR2772FE,18,12,,,,760
XR2772FE,18,13,,,,745
XR2772FE,18,14,,,,740
XR2772FE,18,15,,,,735
XR2772FE,18,16,,,,720
XR2772FE,18,23,,,,720
XR2772FE,18,LG,,,,580
XR2772FE,PLAT,MT,,,,390
XR2772FE,PLAT,12,,,,670
XR2772FE,PLAT,13,,,,660
XR2772FE,PLAT,14,,,,650
XR2772FE,PLAT,15,,,,645
XR2772FE,PLAT,16,,,,635
XR2772FE,PLAT,23,,,,635
XR2772FE,PLAT,LG,,,,490
XR2802EE,09,MT,,,,165
XR2802EE,09,12,,,,285
XR2802EE,09,13,,,,275
XR2802EE,09,14,,,,270
XR2802EE,09,15,,,,265
XR2802EE,09,16,,,,260
XR2802EE,09,23,,,,255
XR2802EE,09,LG,,,,200
XR2802EE,14,MT,,,,290
XR2802EE,14,12,,,,415
XR2802EE,14,13,,,,400
XR2802EE,14,14,,,,395
XR2802EE,14,15,,,,390
XR2802EE,14,16,,,,385
XR2802EE,14,23,,,,380
XR2802EE,14,LG,,,,325
XR2802EE,18,MT,,,,425
XR2802EE,18,12,,,,545
XR2802EE,18,13,,,,535
XR2802EE,18,14,,,,525
XR2802EE,18,15,,,,520
XR2802EE,18,16,,,,515
XR2802EE,18,23,,,,510
XR2802EE,18,LG,,,,460
XR2802EE,PLAT,MT,,,,345
XR2802EE,PLAT,12,,,,465
XR2802EE,PLAT,13,,,,455
XR2802EE,PLAT,14,,,,450
XR2802EE,PLAT,15,,,,445
XR2802EE,PLAT,16,,,,435
XR2802EE,PLAT,23,,,,435
XR2802EE,PLAT,LG,,,,380
XR2804FE,09,MT,,,,185
XR2804FE,09,12,,,,330
XR2804FE,09,13,,,,315
XR2804FE,09,14,,,,305
XR2804FE,09,15,,,,300
XR2804FE,09,16,,,,295
XR2804FE,09,23,,,,295
XR2804FE,09,LG,,,,235
XR2804FE,14,MT,,,,330
XR2804FE,14,12,,,,470
XR2804FE,14,13,,,,460
XR2804FE,14,14,,,,450
XR2804FE,14,15,,,,445
XR2804FE,14,16,,,,435
XR2804FE,14,23,,,,435
XR2804FE,14,LG,,,,380
XR2804FE,18,MT,,,,480
XR2804FE,18,12,,,,620
XR2804FE,18,13,,,,605
XR2804FE,18,14,,,,600
XR2804FE,18,15,,,,595
XR2804FE,18,16,,,,585
XR2804FE,18,23,,,,585
XR2804FE,18,LG,,,,530
XR2804FE,PLAT,MT,,,,390
XR2804FE,PLAT,12,,,,530
XR2804FE,PLAT,13,,,,520
XR2804FE,PLAT,14,,,,510
XR2804FE,PLAT,15,,,,505
XR2804FE,PLAT,16,,,,495
XR2804FE,PLAT,23,,,,495
XR2804FE,PLAT,LG,,,,440
XR2804FL,09,MT,,,,115
XR2804FL,09,12,,,,160
XR2804FL,09,13,,,,155
XR2804FL,09,14,,,,150
XR2804FL,09,15,,,,150
XR2804FL,09,16,,,,150
XR2804FL,09,23,,,,150
XR2804FL,09,LG,,,,130
XR2804FL,14,MT,,,,195
XR2804FL,14,12,,,,240
XR2804FL,14,13,,,,235
XR2804FL,14,14,,,,235
XR2804FL,14,15,,,,230
XR2804FL,14,16,,,,230
XR2804FL,14,23,,,,230
XR2804FL,14,LG,,,,210
XR2804FL,18,MT,,,,280
XR2804FL,18,12,,,,325
XR2804FL,18,13,,,,320
XR2804FL,18,14,,,,315
XR2804FL,18,15,,,,315
XR2804FL,18,16,,,,315
XR2804FL,18,23,,,,315
XR2804FL,18,LG,,,,295
XR2804FL,PLAT,MT,,,,230
XR2804FL,PLAT,12,,,,275
XR2804FL,PLAT,13,,,,270
XR2804FL,PLAT,14,,,,270
XR2804FL,PLAT,15,,,,265
XR2804FL,PLAT,16,,,,265
XR2804FL,PLAT,23,,,,265
XR2804FL,PLAT,LG,,,,245
XR2993XE,09,MT,,,,170
XR2993XE,09,12,,,,460
XR2993XE,09,13,,,,450
XR2993XE,09,14,,,,440
XR2993XE,09,15,,,,440
XR2993XE,09,16,,,,425
XR2993XE,09,23,,,,425
XR2993XE,09,LG,,,,265
XR2993XE,14,MT,,,,305
XR2993XE,14,12,,,,590
XR2993XE,14,13,,,,580
XR2993XE,14,14,,,,575
XR2993XE,14,15,,,,570
XR2993XE,14,16,,,,560
XR2993XE,14,23,,,,560
XR2993XE,14,LG,,,,400
XR2993XE,18,MT,,,,440
XR2993XE,18,12,,,,730
XR2993XE,18,13,,,,715
XR2993XE,18,14,,,,710
XR2993XE,18,15,,,,705
XR2993XE,18,16,,,,695
XR2993XE,18,23,,,,695
XR2993XE,18,LG,,,,535
XR2993XE,PLAT,MT,,,,360
XR2993XE,PLAT,12,,,,650
XR2993XE,PLAT,13,,,,635
XR2993XE,PLAT,14,,,,630
XR2993XE,PLAT,15,,,,625
XR2993XE,PLAT,16,,,,615
XR2993XE,PLAT,23,,,,615
XR2993XE,PLAT,LG,,,,455
XR2993XL,09,MT,,,,80
XR2993XL,09,12,,,,145
XR2993XL,09,13,,,,140
XR2993XL,09,14,,,,140
XR2993XL,09,15,,,,135
XR2993XL,09,16,,,,135
XR2993XL,09,23,,,,135
XR2993XL,09,LG,,,,105
XR2993XL,14,MT,,,,130
XR2993XL,14,12,,,,195
XR2993XL,14,13,,,,190
XR2993XL,14,14,,,,190
XR2993XL,14,15,,,,185
XR2993XL,14,16,,,,185
XR2993XL,14,23,,,,185
XR2993XL,14,LG,,,,155
XR2993XL,18,MT,,,,180
XR2993XL,18,12,,,,245
XR2993XL,18,13,,,,240
XR2993XL,18,14,,,,240
XR2993XL,18,15,,,,240
XR2993XL,18,16,,,,235
XR2993XL,18,23,,,,235
XR2993XL,18,LG,,,,205
XR2993XL,PLAT,MT,,,,150
XR2993XL,PLAT,12,,,,215
XR2993XL,PLAT,13,,,,210
XR2993XL,PLAT,14,,,,210
XR2993XL,PLAT,15,,,,210
XR2993XL,PLAT,16,,,,205
XR2993XL,PLAT,23,,,,205
XR2993XL,PLAT,LG,,,,175
XR3001F,09,MT,,,,170
XR3001F,09,12,,,,420
XR3001F,09,13,,,,405
XR3001F,09,14,,,,390
XR3001F,09,15,,,,385
XR3001F,09,16,,,,380
XR3001F,09,23,,,,380
XR3001F,09,LG,,,,245
XR3001F,14,MT,,,,295
XR3001F,14,12,,,,545
XR3001F,14,13,,,,535
XR3001F,14,14,,,,520
XR3001F,14,15,,,,515
XR3001F,14,16,,,,505
XR3001F,14,23,,,,505
XR3001F,14,LG,,,,370
XR3001F,18,MT,,,,425
XR3001F,18,12,,,,680
XR3001F,18,13,,,,665
XR3001F,18,14,,,,650
XR3001F,18,15,,,,645
XR3001F,18,16,,,,635
XR3001F,18,23,,,,635
XR3001F,18,LG,,,,505
XR3001F,PLAT,MT,,,,350
XR3001F,PLAT,12,,,,600
XR3001F,PLAT,13,,,,590
XR3001F,PLAT,14,,,,575
XR3001F,PLAT,15,,,,570
XR3001F,PLAT,16,,,,560
XR3001F,PLAT,23,,,,560
XR3001F,PLAT,LG,,,,425
XR3082JE,09,MT,,,,220
XR3082JE,09,12,,,,395
XR3082JE,09,13,,,,375
XR3082JE,09,14,,,,365
XR3082JE,09,15,,,,360
XR3082JE,09,16,,,,350
XR3082JE,09,23,,,,350
XR3082JE,09,LG,,,,275
XR3082JE,14,MT,,,,390
XR3082JE,14,12,,,,565
XR3082JE,14,13,,,,550
XR3082JE,14,14,,,,535
XR3082JE,14,15,,,,530
XR3082JE,14,16,,,,520
XR3082JE,14,23,,,,520
XR3082JE,14,LG,,,,445
XR3082JE,18,MT,,,,570
XR3082JE,18,12,,,,745
XR3082JE,18,13,,,,725
XR3082JE,18,14,,,,715
XR3082JE,18,15,,,,710
XR3082JE,18,16,,,,700
XR3082JE,18,23,,,,700
XR3082JE,18,LG,,,,625
XR3082JE,PLAT,MT,,,,460
XR3082JE,PLAT,12,,,,640
XR3082JE,PLAT,13,,,,620
XR3082JE,PLAT,14,,,,610
XR3082JE,PLAT,15,,,,600
XR3082JE,PLAT,16,,,,595
XR3082JE,PLAT,23,,,,595
XR3082JE,PLAT,LG,,,,520
XR3082JL,09,MT,,,,130
XR3082JL,09,12,,,,230
XR3082JL,09,13,,,,220
XR3082JL,09,14,,,,215
XR3082JL,09,15,,,,210
XR3082JL,09,16,,,,205
XR3082JL,09,23,,,,205
XR3082JL,09,LG,,,,165
XR3082JL,14,MT,,,,225
XR3082JL,14,12,,,,325
XR3082JL,14,13,,,,315
XR3082JL,14,14,,,,310
XR3082JL,14,15,,,,305
XR3082JL,14,16,,,,300
XR3082JL,14,23,,,,300
XR3082JL,14,LG,,,,260
XR3082JL,18,MT,,,,325
XR3082JL,18,12,,,,420
XR3082JL,18,13,,,,415
XR3082JL,18,14,,,,405
XR3082JL,18,15,,,,405
XR3082JL,18,16,,,,400
XR3082JL,18,23,,,,400
XR3082JL,18,LG,,,,360
XR3082JL,PLAT,MT,,,,265
XR3082JL,PLAT,12,,,,365
XR3082JL,PLAT,13,,,,355
XR3082JL,PLAT,14,,,,350
XR3082JL,PLAT,15,,,,345
XR3082JL,PLAT,16,,,,340
XR3082JL,PLAT,23,,,,340
XR3082JL,PLAT,LG,,,,300
XR3358GE,09,MT,,,,175
XR3358GE,09,12,,,,265
XR3358GE,09,13,,,,255
XR3358GE,09,14,,,,250
XR3358GE,09,15,,,,245
XR3358GE,09,16,,,,240
XR3358GE,09,23,,,,240
XR3358GE,09,LG,,,,205
XR3358GE,14,MT,,,,310
XR3358GE,14,12,,,,400
XR3358GE,14,13,,,,390
XR3358GE,14,14,,,,385
XR3358GE,14,15,,,,380
XR3358GE,14,16,,,,375
XR3358GE,14,23,,,,375
XR3358GE,14,LG,,,,340
XR3358GE,18,MT,,,,450
XR3358GE,18,12,,,,535
XR3358GE,18,13,,,,530
XR3358GE,18,14,,,,525
XR3358GE,18,15,,,,520
XR3358GE,18,16,,,,515
XR3358GE,18,23,,,,515
XR3358GE,18,LG,,,,475
XR3358GE,PLAT,MT,,,,365
XR3358GE,PLAT,12,,,,455
XR3358GE,PLAT,13,,,,445
XR3358GE,PLAT,14,,,,440
XR3358GE,PLAT,15,,,,435
XR3358GE,PLAT,16,,,,430
XR3358GE,PLAT,23,,,,430
XR3358GE,PLAT,LG,,,,395
XR3358GE1,09,MT,,,,175
XR3358GE1,09,12,,,,265
XR3358GE1,09,13,,,,255
XR3358GE1,09,14,,,,250
XR3358GE1,09,15,,,,245
XR3358GE1,09,16,,,,240
XR3358GE1,09,23,,,,240
XR3358GE1,09,LG,,,,205
XR3358GE1,14,MT,,,,310
XR3358GE1,14,12,,,,400
XR3358GE1,14,13,,,,390
XR3358GE1,14,14,,,,385
XR3358GE1,14,15,,,,380
XR3358GE1,14,16,,,,375
XR3358GE1,14,23,,,,375
XR3358GE1,14,LG,,,,340
XR3358GE1,18,MT,,,,450
XR3358GE1,18,12,,,,535
XR3358GE1,18,13,,,,530
XR3358GE1,18,14,,,,525
XR3358GE1,18,15,,,,520
XR3358GE1,18,16,,,,515
XR3358GE1,18,23,,,,515
XR3358GE1,18,LG,,,,475
XR3358GE1,PLAT,MT,,,,365
XR3358GE1,PLAT,12,,,,455
XR3358GE1,PLAT,13,,,,445
XR3358GE1,PLAT,14,,,,440
XR3358GE1,PLAT,15,,,,435
XR3358GE1,PLAT,16,,,,430
XR3358GE1,PLAT,23,,,,430
XR3358GE1,PLAT,LG,,,,395
XR3442SE,09,MT,,,,170
XR3442SE,09,12,,,,430
XR3442SE,09,13,,,,415
XR3442SE,09,14,,,,405
XR3442SE,09,15,,,,400
XR3442SE,09,16,,,,390
XR3442SE,09,23,,,,390
XR3442SE,09,LG,,,,230
XR3442SE,14,MT,,,,305
XR3442SE,14,12,,,,560
XR3442SE,14,13,,,,545
XR3442SE,14,14,,,,535
XR3442SE,14,15,,,,530
XR3442SE,14,16,,,,520
XR3442SE,14,23,,,,520
XR3442SE,14,LG,,,,360
XR3442SE,18,MT,,,,440
XR3442SE,18,12,,,,695
XR3442SE,18,13,,,,685
XR3442SE,18,14,,,,675
XR3442SE,18,15,,,,670
XR3442SE,18,16,,,,660
XR3442SE,18,23,,,,655
XR3442SE,18,LG,,,,500
XR3442SE,PLAT,MT,,,,360
XR3442SE,PLAT,12,,,,615
XR3442SE,PLAT,13,,,,600
XR3442SE,PLAT,14,,,,590
XR3442SE,PLAT,15,,,,585
XR3442SE,PLAT,16,,,,580
XR3442SE,PLAT,23,,,,575
XR3442SE,PLAT,LG,,,,420
XR3464F,09,MT,,,,200
XR3464F,09,12,,,,465
XR3464F,09,13,,,,460
XR3464F,09,14,,,,445
XR3464F,09,15,,,,445
XR3464F,09,16,,,,435
XR3464F,09,23,,,,435
XR3464F,09,LG,,,,280
XR3464F,14,MT,,,,360
XR3464F,14,12,,,,625
XR3464F,14,13,,,,615
XR3464F,14,14,,,,605
XR3464F,14,15,,,,600
XR3464F,14,16,,,,595
XR3464F,14,23,,,,595
XR3464F,14,LG,,,,435
XR3464F,18,MT,,,,525
XR3464F,18,12,,,,790
XR3464F,18,13,,,,780
XR3464F,18,14,,,,765
XR3464F,18,15,,,,765
XR3464F,18,16,,,,755
XR3464F,18,23,,,,755
XR3464F,18,LG,,,,600
XR3464F,PLAT,MT,,,,425
XR3464F,PLAT,12,,,,690
XR3464F,PLAT,13,,,,685
XR3464F,PLAT,14,,,,670
XR3464F,PLAT,15,,,,670
XR3464F,PLAT,16,,,,660
XR3464F,PLAT,23,,,,660
XR3464F,PLAT,LG,,,,505
XR3469J,09,MT,,,,295
XR3469J,09,12,,,,1155
XR3469J,09,13,,,,1130
XR3469J,09,14,,,,1080
XR3469J,09,15,,,,1075
XR3469J,09,16,,,,1060
XR3469J,09,23,,,,1050
XR3469J,09,LG,,,,465
XR3469J,14,MT,,,,530
XR3469J,14,12,,,,1390
XR3469J,14,13,,,,1370
XR3469J,14,14,,,,1320
XR3469J,14,15,,,,1315
XR3469J,14,16,,,,1295
XR3469J,14,23,,,,1285
XR3469J,14,LG,,,,705
XR3469J,18,MT,,,,780
XR3469J,18,12,,,,1640
XR3469J,18,13,,,,1620
XR3469J,18,14,,,,1570
XR3469J,18,15,,,,1560
XR3469J,18,16,,,,1545
XR3469J,18,23,,,,1535
XR3469J,18,LG,,,,950
XR3469J,PLAT,MT,,,,635
XR3469J,PLAT,12,,,,1495
XR3469J,PLAT,13,,,,1470
XR3469J,PLAT,14,,,,1420
XR3469J,PLAT,15,,,,1415
XR3469J,PLAT,16,,,,1400
XR3469J,PLAT,23,,,,1390
XR3469J,PLAT,LG,,,,805
XR3511F,09,MT,,,,280
XR3511F,09,12,,,,505
XR3511F,09,13,,,,490
XR3511F,09,14,,,,480
XR3511F,09,15,,,,475
XR3511F,09,16,,,,460
XR3511F,09,23,,,,460
XR3511F,09,LG,,,,355
XR3511F,14,MT,,,,505
XR3511F,14,12,,,,735
XR3511F,14,13,,,,715
XR3511F,14,14,,,,705
XR3511F,14,15,,,,700
XR3511F,14,16,,,,690
XR3511F,14,23,,,,690
XR3511F,14,LG,,,,580
XR3511F,18,MT,,,,745
XR3511F,18,12,,,,970
XR3511F,18,13,,,,955
XR3511F,18,14,,,,945
XR3511F,18,15,,,,940
XR3511F,18,16,,,,925
XR3511F,18,23,,,,925
XR3511F,18,LG,,,,820
XR3511F,PLAT,MT,,,,605
XR3511F,PLAT,12,,,,830
XR3511F,PLAT,13,,,,815
XR3511F,PLAT,14,,,,805
XR3511F,PLAT,15,,,,800
XR3511F,PLAT,16,,,,785
XR3511F,PLAT,23,,,,785
XR3511F,PLAT,LG,,,,680
XR3550F,09,MT,,,,155
XR3550F,09,12,,,,450
XR3550F,09,13,,,,445
XR3550F,09,14,,,,415
XR3550F,09,15,,,,415
XR3550F,09,16,,,,415
XR3550F,09,23,,,,415
XR3550F,09,LG,,,,225
XR3550F,14,MT,,,,265
XR3550F,14,12,,,,560
XR3550F,14,13,,,,560
XR3550F,14,14,,,,530
XR3550F,14,15,,,,530
XR3550F,14,16,,,,525
XR3550F,14,23,,,,525
XR3550F,14,LG,,,,335
XR3550F,18,MT,,,,385
XR3550F,18,12,,,,680
XR3550F,18,13,,,,675
XR3550F,18,14,,,,650
XR3550F,18,15,,,,645
XR3550F,18,16,,,,645
XR3550F,18,23,,,,645
XR3550F,18,LG,,,,455
XR3550F,PLAT,MT,,,,315
XR3550F,PLAT,12,,,,610
XR3550F,PLAT,13,,,,605
XR3550F,PLAT,14,,,,580
XR3550F,PLAT,15,,,,575
XR3550F,PLAT,16,,,,575
XR3550F,PLAT,23,,,,575
XR3550F,PLAT,LG,,,,385
XR3659DG,09,MT,,,,275
XR3659DG,09,12,,,,450
XR3659DG,09,13,,,,435
XR3659DG,09,14,,,,420
XR3659DG,09,15,,,,415
XR3659DG,09,16,,,,405
XR3659DG,09,23,,,,395
XR3659DG,09,LG,,,,295
XR3659DG,14,MT,,,,500
XR3659DG,14,12,,,,670
XR3659DG,14,13,,,,660
XR3659DG,14,14,,,,645
XR3659DG,14,15,,,,640
XR3659DG,14,16,,,,630
XR3659DG,14,23,,,,615
XR3659DG,14,LG,,,,520
XR3659DG,18,MT,,,,735
XR3659DG,18,12,,,,905
XR3659DG,18,13,,,,895
XR3659DG,18,14,,,,880
XR3659DG,18,15,,,,875
XR3659DG,18,16,,,,865
XR3659DG,18,23,,,,850
XR3659DG,18,LG,,,,755
XR3659DG,PLAT,MT,,,,600
XR3659DG,PLAT,12,,,,770
XR3659DG,PLAT,13,,,,755
XR3659DG,PLAT,14,,,,740
XR3659DG,PLAT,15,,,,735
XR3659DG,PLAT,16,,,,725
XR3659DG,PLAT,23,,,,715
XR3659DG,PLAT,LG,,,,615
XR4369JEC,09,MT,,,,155
XR4369JEC,09,12,,,,250
XR4369JEC,09,13,,,,240
XR4369JEC,09,14,,,,235
XR4369JEC,09,15,,,,230
XR4369JEC,09,16,,,,225
XR4369JEC,09,23,,,,225
XR4369JEC,09,LG,,,,190
XR4369JEC,14,MT,,,,270
XR4369JEC,14,12,,,,365
XR4369JEC,14,13,,,,360
XR4369JEC,14,14,,,,350
XR4369JEC,14,15,,,,350
XR4369JEC,14,16,,,,345
XR4369JEC,14,23,,,,345
XR4369JEC,14,LG,,,,305
XR4369JEC,18,MT,,,,395
XR4369JEC,18,12,,,,490
XR4369JEC,18,13,,,,480
XR4369JEC,18,14,,,,475
XR4369JEC,18,15,,,,470
XR4369JEC,18,16,,,,465
XR4369JEC,18,23,,,,465
XR4369JEC,18,LG,,,,425
XR4369JEC,PLAT,MT,,,,320
XR4369JEC,PLAT,12,,,,415
XR4369JEC,PLAT,13,,,,410
XR4369JEC,PLAT,14,,,,400
XR4369JEC,PLAT,15,,,,400
XR4369JEC,PLAT,16,,,,395
XR4369JEC,PLAT,23,,,,395
XR4369JEC,PLAT,LG,,,,355
XR4369JLC,09,MT,,,,125
XR4369JLC,09,12,,,,210
XR4369JLC,09,13,,,,200
XR4369JLC,09,14,,,,195
XR4369JLC,09,15,,,,195
XR4369JLC,09,16,,,,190
XR4369JLC,09,23,,,,190
XR4369JLC,09,LG,,,,155
XR4369JLC,14,MT,,,,215
XR4369JLC,14,12,,,,300
XR4369JLC,14,13,,,,290
XR4369JLC,14,14,,,,285
XR4369JLC,14,15,,,,285
XR4369JLC,14,16,,,,280
XR4369JLC,14,23,,,,280
XR4369JLC,14,LG,,,,245
XR4369JLC,18,MT,,,,310
XR4369JLC,18,12,,,,395
XR4369JLC,18,13,,,,385
XR4369JLC,18,14,,,,380
XR4369JLC,18,15,,,,380
XR4369JLC,18,16,,,,375
XR4369JLC,18,23,,,,375
XR4369JLC,18,LG,,,,340
XR4369JLC,PLAT,MT,,,,255
XR4369JLC,PLAT,12,,,,340
XR4369JLC,PLAT,13,,,,330
XR4369JLC,PLAT,14,,,,325
XR4369JLC,PLAT,15,,,,320
XR4369JLC,PLAT,16,,,,320
XR4369JLC,PLAT,23,,,,320
XR4369JLC,PLAT,LG,,,,285
XR4369SE,09,MT,,,,140
XR4369SE,09,12,,,,235
XR4369SE,09,13,,,,225
XR4369SE,09,14,,,,220
XR4369SE,09,15,,,,215
XR4369SE,09,16,,,,210
XR4369SE,09,23,,,,210
XR4369SE,09,LG,,,,170
XR4369SE,14,MT,,,,240
XR4369SE,14,12,,,,335
XR4369SE,14,13,,,,325
XR4369SE,14,14,,,,320
XR4369SE,14,15,,,,315
XR4369SE,14,16,,,,310
XR4369SE,14,23,,,,310
XR4369SE,14,LG,,,,275
XR4369SE,18,MT,,,,350
XR4369SE,18,12,,,,445
XR4369SE,18,13,,,,435
XR4369SE,18,14,,,,430
XR4369SE,18,15,,,,425
XR4369SE,18,16,,,,420
XR4369SE,18,23,,,,420
XR4369SE,18,LG,,,,380
XR4369SE,PLAT,MT,,,,285
XR4369SE,PLAT,12,,,,380
XR4369SE,PLAT,13,,,,370
XR4369SE,PLAT,14,,,,365
XR4369SE,PLAT,15,,,,360
XR4369SE,PLAT,16,,,,355
XR4369SE,PLAT,23,,,,355
XR4369SE,PLAT,LG,,,,320
XR4370KL,09,MT,,,,115
XR4370KL,09,12,,,,255
XR4370KL,09,13,,,,240
XR4370KL,09,14,,,,230
XR4370KL,09,15,,,,225
XR4370KL,09,16,,,,220
XR4370KL,09,23,,,,220
XR4370KL,09,LG,,,,160
XR4370KL,14,MT,,,,200
XR4370KL,14,12,,,,335
XR4370KL,14,13,,,,325
XR4370KL,14,14,,,,315
XR4370KL,14,15,,,,310
XR4370KL,14,16,,,,300
XR4370KL,14,23,,,,300
XR4370KL,14,LG,,,,245
XR4370KL,18,MT,,,,285
XR4370KL,18,12,,,,420
XR4370KL,18,13,,,,410
XR4370KL,18,14,,,,400
XR4370KL,18,15,,,,395
XR4370KL,18,16,,,,385
XR4370KL,18,23,,,,385
XR4370KL,18,LG,,,,330
XR4370KL,PLAT,MT,,,,235
XR4370KL,PLAT,12,,,,370
XR4370KL,PLAT,13,,,,360
XR4370KL,PLAT,14,,,,350
XR4370KL,PLAT,15,,,,345
XR4370KL,PLAT,16,,,,335
XR4370KL,PLAT,23,,,,335
XR4370KL,PLAT,LG,,,,280
XR4585S,09,MT,,,,295
XR4585S,09,12,,,,1225
XR4585S,09,13,,,,1225
XR4585S,09,14,,,,1225
XR4585S,09,15,,,,1225
XR4585S,09,16,,,,1225
XR4585S,09,23,,,,1225
XR4585S,09,LG,,,,475
XR4585S,14,MT,,,,530
XR4585S,14,12,,,,1465
XR4585S,14,13,,,,1465
XR4585S,14,14,,,,1465
XR4585S,14,15,,,,1465
XR4585S,14,16,,,,1465
XR4585S,14,23,,,,1465
XR4585S,14,LG,,,,715
XR4585S,18,MT,,,,780
XR4585S,18,12,,,,1715
XR4585S,18,13,,,,1715
XR4585S,18,14,,,,1715
XR4585S,18,15,,,,1715
XR4585S,18,16,,,,1715
XR4585S,18,23,,,,1715
XR4585S,18,LG,,,,965
XR4585S,PLAT,MT,,,,635
XR4585S,PLAT,12,,,,1565
XR4585S,PLAT,13,,,,1565
XR4585S,PLAT,14,,,,1565
XR4585S,PLAT,15,,,,1565
XR4585S,PLAT,16,,,,1565
XR4585S,PLAT,23,,,,1565
XR4585S,PLAT,LG,,,,815
XR4603JG,09,MT,,,,455
XR4603JG,09,12,,,,1425
XR4603JG,09,13,,,,1425
XR4603JG,09,14,,,,1115
XR4603JG,09,15,,,,1115
XR4603JG,09,16,,,,1115
XR4603JG,09,23,,,,1115
XR4603JG,09,LG,,,,660
XR4603JG,14,MT,,,,835
XR4603JG,14,12,,,,1805
XR4603JG,14,13,,,,1805
XR4603JG,14,14,,,,1495
XR4603JG,14,15,,,,1495
XR4603JG,14,16,,,,1495
XR4603JG,14,23,,,,1495
XR4603JG,14,LG,,,,1040
XR4603JG,18,MT,,,,1235
XR4603JG,18,12,,,,2205
XR4603JG,18,13,,,,2205
XR4603JG,18,14,,,,1895
XR4603JG,18,15,,,,1895
XR4603JG,18,16,,,,1895
XR4603JG,18,23,,,,1895
XR4603JG,18,LG,,,,1440
XR4603JG,PLAT,MT,,,,1000
XR4603JG,PLAT,12,,,,1970
XR4603JG,PLAT,13,,,,1970
XR4603JG,PLAT,14,,,,1660
XR4603JG,PLAT,15,,,,1660
XR4603JG,PLAT,16,,,,1660
XR4603JG,PLAT,23,,,,1660
XR4603JG,PLAT,LG,,,,1205
XR4604EG,09,MT,,,,380
XR4604EG,09,12,,,,555
XR4604EG,09,13,,,,555
XR4604EG,09,14,,,,515
XR4604EG,09,15,,,,515
XR4604EG,09,16,,,,515
XR4604EG,09,23,,,,515
XR4604EG,09,LG,,,,425
XR4604EG,14,MT,,,,690
XR4604EG,14,12,,,,865
XR4604EG,14,13,,,,865
XR4604EG,14,14,,,,830
XR4604EG,14,15,,,,830
XR4604EG,14,16,,,,830
XR4604EG,14,23,,,,830
XR4604EG,14,LG,,,,740
XR4604EG,18,MT,,,,1020
XR4604EG,18,12,,,,1195
XR4604EG,18,13,,,,1195
XR4604EG,18,14,,,,1160
XR4604EG,18,15,,,,1160
XR4604EG,18,16,,,,1160
XR4604EG,18,23,,,,1160
XR4604EG,18,LG,,,,1070
XR4604EG,PLAT,MT,,,,830
XR4604EG,PLAT,12,,,,1000
XR4604EG,PLAT,13,,,,1000
XR4604EG,PLAT,14,,,,965
XR4604EG,PLAT,15,,,,965
XR4604EG,PLAT,16,,,,965
XR4604EG,PLAT,23,,,,965
XR4604EG,PLAT,LG,,,,875
XR4610SG,09,MT,,,,475
XR4610SG,09,12,,,,1070
XR4610SG,09,13,,,,1050
XR4610SG,09,14,,,,955
XR4610SG,09,15,,,,950
XR4610SG,09,16,,,,940
XR4610SG,09,23,,,,925
XR4610SG,09,LG,,,,630
XR4610SG,14,MT,,,,880
XR4610SG,14,12,,,,1470
XR4610SG,14,13,,,,1450
XR4610SG,14,14,,,,1355
XR4610SG,14,15,,,,1350
XR4610SG,14,16,,,,1340
XR4610SG,14,23,,,,1325
XR4610SG,14,LG,,,,1030
XR4610SG,18,MT,,,,1295
XR4610SG,18,12,,,,1890
XR4610SG,18,13,,,,1870
XR4610SG,18,14,,,,1775
XR4610SG,18,15,,,,1770
XR4610SG,18,16,,,,1760
XR4610SG,18,23,,,,1745
XR4610SG,18,LG,,,,1450
XR4610SG,PLAT,MT,,,,1050
XR4610SG,PLAT,12,,,,1640
XR4610SG,PLAT,13,,,,1625
XR4610SG,PLAT,14,,,,1530
XR4610SG,PLAT,15,,,,1525
XR4610SG,PLAT,16,,,,1510
XR4610SG,PLAT,23,,,,1500
XR4610SG,PLAT,LG,,,,1200
XR4665GE,09,MT,,,,150
XR4665GE,09,12,,,,540
XR4665GE,09,13,,,,510
XR4665GE,09,14,,,,500
XR4665GE,09,15,,,,495
XR4665GE,09,16,,,,490
XR4665GE,09,23,,,,490
XR4665GE,09,LG,,,,240
XR4665GE,14,MT,,,,260
XR4665GE,14,12,,,,650
XR4665GE,14,13,,,,620
XR4665GE,14,14,,,,610
XR4665GE,14,15,,,,605
XR4665GE,14,16,,,,600
XR4665GE,14,23,,,,600
XR4665GE,14,LG,,,,350
XR4665GE,18,MT,,,,375
XR4665GE,18,12,,,,765
XR4665GE,18,13,,,,735
XR4665GE,18,14,,,,725
XR4665GE,18,15,,,,720
XR4665GE,18,16,,,,720
XR4665GE,18,23,,,,715
XR4665GE,18,LG,,,,465
XR4665GE,PLAT,MT,,,,310
XR4665GE,PLAT,12,,,,695
XR4665GE,PLAT,13,,,,670
XR4665GE,PLAT,14,,,,655
XR4665GE,PLAT,15,,,,655
XR4665GE,PLAT,16,,,,650
XR4665GE,PLAT,23,,,,645
XR4665GE,PLAT,LG,,,,395
XR4665GL,09,MT,,,,105
XR4665GL,09,12,,,,180
XR4665GL,09,13,,,,180
XR4665GL,09,14,,,,180
XR4665GL,09,15,,,,175
XR4665GL,09,16,,,,175
XR4665GL,09,23,,,,175
XR4665GL,09,LG,,,,130
XR4665GL,14,MT,,,,180
XR4665GL,14,12,,,,255
XR4665GL,14,13,,,,250
XR4665GL,14,14,,,,250
XR4665GL,14,15,,,,250
XR4665GL,14,16,,,,250
XR4665GL,14,23,,,,250
XR4665GL,14,LG,,,,205
XR4665GL,18,MT,,,,255
XR4665GL,18,12,,,,330
XR4665GL,18,13,,,,330
XR4665GL,18,14,,,,325
XR4665GL,18,15,,,,325
XR4665GL,18,16,,,,325
XR4665GL,18,23,,,,325
XR4665GL,18,LG,,,,280
XR4665GL,PLAT,MT,,,,210
XR4665GL,PLAT,12,,,,285
XR4665GL,PLAT,13,,,,285
XR4665GL,PLAT,14,,,,280
XR4665GL,PLAT,15,,,,280
XR4665GL,PLAT,16,,,,280
XR4665GL,PLAT,23,,,,280
XR4665GL,PLAT,LG,,,,235
XR4670HE,09,MT,,,,225
XR4670HE,09,12,,,,660
XR4670HE,09,13,,,,640
XR4670HE,09,14,,,,630
XR4670HE,09,15,,,,625
XR4670HE,09,16,,,,620
XR4670HE,09,23,,,,620
XR4670HE,09,LG,,,,355
XR4670HE,14,MT,,,,400
XR4670HE,14,12,,,,840
XR4670HE,14,13,,,,820
XR4670HE,14,14,,,,810
XR4670HE,14,15,,,,805
XR4670HE,14,16,,,,800
XR4670HE,14,23,,,,800
XR4670HE,14,LG,,,,535
XR4670HE,18,MT,,,,590
XR4670HE,18,12,,,,1025
XR4670HE,18,13,,,,1005
XR4670HE,18,14,,,,995
XR4670HE,18,15,,,,990
XR4670HE,18,16,,,,985
XR4670HE,18,23,,,,985
XR4670HE,18,LG,,,,720
XR4670HE,PLAT,MT,,,,480
XR4670HE,PLAT,12,,,,915
XR4670HE,PLAT,13,,,,895
XR4670HE,PLAT,14,,,,885
XR4670HE,PLAT,15,,,,880
XR4670HE,PLAT,16,,,,875
XR4670HE,PLAT,23,,,,875
XR4670HE,PLAT,LG,,,,610
XR4670HL,09,MT,,,,145
XR4670HL,09,12,,,,270
XR4670HL,09,13,,,,270
XR4670HL,09,14,,,,270
XR4670HL,09,15,,,,270
XR4670HL,09,16,,,,270
XR4670HL,09,23,,,,270
XR4670HL,09,LG,,,,195
XR4670HL,14,MT,,,,245
XR4670HL,14,12,,,,375
XR4670HL,14,13,,,,375
XR4670HL,14,14,,,,375
XR4670HL,14,15,,,,375
XR4670HL,14,16,,,,375
XR4670HL,14,23,,,,375
XR4670HL,14,LG,,,,300
XR4670HL,18,MT,,,,355
XR4670HL,18,12,,,,485
XR4670HL,18,13,,,,485
XR4670HL,18,14,,,,485
XR4670HL,18,15,,,,485
XR4670HL,18,16,,,,485
XR4670HL,18,23,,,,485
XR4670HL,18,LG,,,,410
XR4670HL,PLAT,MT,,,,295
XR4670HL,PLAT,12,,,,420
XR4670HL,PLAT,13,,,,420
XR4670HL,PLAT,14,,,,420
XR4670HL,PLAT,15,,,,420
XR4670HL,PLAT,16,,,,420
XR4670HL,PLAT,23,,,,420
XR4670HL,PLAT,LG,,,,345
XR4672RE,09,MT,,,,220
XR4672RE,09,12,,,,630
XR4672RE,09,13,,,,625
XR4672RE,09,14,,,,570
XR4672RE,09,15,,,,570
XR4672RE,09,16,,,,565
XR4672RE,09,23,,,,565
XR4672RE,09,LG,,,,340
XR4672RE,14,MT,,,,395
XR4672RE,14,12,,,,805
XR4672RE,14,13,,,,800
XR4672RE,14,14,,,,745
XR4672RE,14,15,,,,745
XR4672RE,14,16,,,,740
XR4672RE,14,23,,,,740
XR4672RE,14,LG,,,,515
XR4672RE,18,MT,,,,580
XR4672RE,18,12,,,,990
XR4672RE,18,13,,,,985
XR4672RE,18,14,,,,930
XR4672RE,18,15,,,,925
XR4672RE,18,16,,,,925
XR4672RE,18,23,,,,925
XR4672RE,18,LG,,,,700
XR4672RE,PLAT,MT,,,,470
XR4672RE,PLAT,12,,,,880
XR4672RE,PLAT,13,,,,875
XR4672RE,PLAT,14,,,,820
XR4672RE,PLAT,15,,,,820
XR4672RE,PLAT,16,,,,815
XR4672RE,PLAT,23,,,,815
XR4672RE,PLAT,LG,,,,590
XR4672RL,09,MT,,,,135
XR4672RL,09,12,,,,270
XR4672RL,09,13,,,,270
XR4672RL,09,14,,,,270
XR4672RL,09,15,,,,270
XR4672RL,09,16,,,,270
XR4672RL,09,23,,,,270
XR4672RL,09,LG,,,,190
XR4672RL,14,MT,,,,235
XR4672RL,14,12,,,,370
XR4672RL,14,13,,,,370
XR4672RL,14,14,,,,370
XR4672RL,14,15,,,,370
XR4672RL,14,16,,,,370
XR4672RL,14,23,,,,370
XR4672RL,14,LG,,,,290
XR4672RL,18,MT,,,,340
XR4672RL,18,12,,,,470
XR4672RL,18,13,,,,470
XR4672RL,18,14,,,,470
XR4672RL,18,15,,,,470
XR4672RL,18,16,,,,470
XR4672RL,18,23,,,,470
XR4672RL,18,LG,,,,395
XR4672RL,PLAT,MT,,,,275
XR4672RL,PLAT,12,,,,410
XR4672RL,PLAT,13,,,,410
XR4672RL,PLAT,14,,,,410
XR4672RL,PLAT,15,,,,410
XR4672RL,PLAT,16,,,,410
XR4672RL,PLAT,23,,,,410
XR4672RL,PLAT,LG,,,,330
XR4940F,09,MT,,,,345
XR4940F,09,12,,,,615
XR4940F,09,13,,,,595
XR4940F,09,14,,,,590
XR4940F,09,15,,,,585
XR4940F,09,16,,,,570
XR4940F,09,23,,,,570
XR4940F,09,LG,,,,450
XR4940F,14,MT,,,,625
XR4940F,14,12,,,,895
XR4940F,14,13,,,,880
XR4940F,14,14,,,,870
XR4940F,14,15,,,,865
XR4940F,14,16,,,,850
XR4940F,14,23,,,,850
XR4940F,14,LG,,,,730
XR4940F,18,MT,,,,920
XR4940F,18,12,,,,1190
XR4940F,18,13,,,,1175
XR4940F,18,14,,,,1165
XR4940F,18,15,,,,1160
XR4940F,18,16,,,,1145
XR4940F,18,23,,,,1145
XR4940F,18,LG,,,,1025
XR4940F,PLAT,MT,,,,745
XR4940F,PLAT,12,,,,1015
XR4940F,PLAT,13,,,,1000
XR4940F,PLAT,14,,,,990
XR4940F,PLAT,15,,,,985
XR4940F,PLAT,16,,,,970
XR4940F,PLAT,23,,,,970
XR4940F,PLAT,LG,,,,850
XR4943G,09,MT,,,,325
XR4943G,09,12,,,,650
XR4943G,09,13,,,,625
XR4943G,09,14,,,,610
XR4943G,09,15,,,,605
XR4943G,09,16,,,,585
XR4943G,09,23,,,,585
XR4943G,09,LG,,,,440
XR4943G,14,MT,,,,595
XR4943G,14,12,,,,915
XR4943G,14,13,,,,895
XR4943G,14,14,,,,880
XR4943G,14,15,,,,870
XR4943G,14,16,,,,850
XR4943G,14,23,,,,850
XR4943G,14,LG,,,,710
XR4943G,18,MT,,,,875
XR4943G,18,12,,,,1195
XR4943G,18,13,,,,1175
XR4943G,18,14,,,,1160
XR4943G,18,15,,,,1150
XR4943G,18,16,,,,1130
XR4943G,18,23,,,,1130
XR4943G,18,LG,,,,990
XR4943G,PLAT,MT,,,,710
XR4943G,PLAT,12,,,,1030
XR4943G,PLAT,13,,,,1010
XR4943G,PLAT,14,,,,995
XR4943G,PLAT,15,,,,985
XR4943G,PLAT,16,,,,965
XR4943G,PLAT,23,,,,965
XR4943G,PLAT,LG,,,,825
XR4944H,09,MT,,,,405
XR4944H,09,12,,,,840
XR4944H,09,13,,,,815
XR4944H,09,14,,,,800
XR4944H,09,15,,,,790
XR4944H,09,16,,,,780
XR4944H,09,23,,,,770
XR4944H,09,LG,,,,520
XR4944H,14,MT,,,,740
XR4944H,14,12,,,,1175
XR4944H,14,13,,,,1155
XR4944H,14,14,,,,1135
XR4944H,14,15,,,,1130
XR4944H,14,16,,,,1115
XR4944H,14,23,,,,1110
XR4944H,14,LG,,,,860
XR4944H,18,MT,,,,1095
XR4944H,18,12,,,,1530
XR4944H,18,13,,,,1505
XR4944H,18,14,,,,1490
XR4944H,18,15,,,,1485
XR4944H,18,16,,,,1470
XR4944H,18,23,,,,1460
XR4944H,18,LG,,,,1210
XR4944H,PLAT,MT,,,,890
XR4944H,PLAT,12,,,,1320
XR4944H,PLAT,13,,,,1300
XR4944H,PLAT,14,,,,1285
XR4944H,PLAT,15,,,,1275
XR4944H,PLAT,16,,,,1260
XR4944H,PLAT,23,,,,1255
XR4944H,PLAT,LG,,,,1005
XR4945F,09,MT,,,,375
XR4945F,09,12,,,,610
XR4945F,09,13,,,,590
XR4945F,09,14,,,,580
XR4945F,09,15,,,,575
XR4945F,09,16,,,,565
XR4945F,09,23,,,,565
XR4945F,09,LG,,,,455
XR4945F,14,MT,,,,685
XR4945F,14,12,,,,920
XR4945F,14,13,,,,905
XR4945F,14,14,,,,895
XR4945F,14,15,,,,885
XR4945F,14,16,,,,875
XR4945F,14,23,,,,875
XR4945F,14,LG,,,,770
XR4945F,18,MT,,,,1010
XR4945F,18,12,,,,1245
XR4945F,18,13,,,,1230
XR4945F,18,14,,,,1220
XR4945F,18,15,,,,1215
XR4945F,18,16,,,,1200
XR4945F,18,23,,,,1200
XR4945F,18,LG,,,,1095
XR4945F,PLAT,MT,,,,820
XR4945F,PLAT,12,,,,1055
XR4945F,PLAT,13,,,,1035
XR4945F,PLAT,14,,,,1030
XR4945F,PLAT,15,,,,1020
XR4945F,PLAT,16,,,,1010
XR4945F,PLAT,23,,,,1010
XR4945F,PLAT,LG,,,,900
XR4999XEA,09,MT,,,,260
XR4999XEA,09,12,,,,605
XR4999XEA,09,13,,,,595
XR4999XEA,09,14,,,,585
XR4999XEA,09,15,,,,585
XR4999XEA,09,16,,,,575
XR4999XEA,09,23,,,,570
XR4999XEA,09,LG,,,,355
XR4999XEA,14,MT,,,,465
XR4999XEA,14,12,,,,815
XR4999XEA,14,13,,,,800
XR4999XEA,14,14,,,,795
XR4999XEA,14,15,,,,790
XR4999XEA,14,16,,,,780
XR4999XEA,14,23,,,,780
XR4999XEA,14,LG,,,,560
XR4999XEA,18,MT,,,,680
XR4999XEA,18,12,,,,1030
XR4999XEA,18,13,,,,1020
XR4999XEA,18,14,,,,1010
XR4999XEA,18,15,,,,1005
XR4999XEA,18,16,,,,995
XR4999XEA,18,23,,,,995
XR4999XEA,18,LG,,,,775
XR4999XEA,PLAT,MT,,,,555
XR4999XEA,PLAT,12,,,,900
XR4999XEA,PLAT,13,,,,890
XR4999XEA,PLAT,14,,,,880
XR4999XEA,PLAT,15,,,,880
XR4999XEA,PLAT,16,,,,870
XR4999XEA,PLAT,23,,,,865
XR4999XEA,PLAT,LG,,,,650
XR5069G,09,MT,,,,360
XR5069G,09,12,,,,660
XR5069G,09,13,,,,635
XR5069G,09,14,,,,615
XR5069G,09,15,,,,605
XR5069G,09,16,,,,590
XR5069G,09,23,,,,590
XR5069G,09,LG,,,,465
XR5069G,14,MT,,,,655
XR5069G,14,12,,,,955
XR5069G,14,13,,,,930
XR5069G,14,14,,,,915
XR5069G,14,15,,,,905
XR5069G,14,16,,,,885
XR5069G,14,23,,,,885
XR5069G,14,LG,,,,760
XR5069G,18,MT,,,,965
XR5069G,18,12,,,,1265
XR5069G,18,13,,,,1240
XR5069G,18,14,,,,1225
XR5069G,18,15,,,,1215
XR5069G,18,16,,,,1195
XR5069G,18,23,,,,1195
XR5069G,18,LG,,,,1070
XR5069G,PLAT,MT,,,,785
XR5069G,PLAT,12,,,,1085
XR5069G,PLAT,13,,,,1060
XR5069G,PLAT,14,,,,1040
XR5069G,PLAT,15,,,,1030
XR5069G,PLAT,16,,,,1015
XR5069G,PLAT,23,,,,1015
XR5069G,PLAT,LG,,,,890
XR5161LE,09,MT,,,,280
XR5161LE,09,12,,,,595
XR5161LE,09,13,,,,575
XR5161LE,09,14,,,,545
XR5161LE,09,15,,,,535
XR5161LE,09,16,,,,515
XR5161LE,09,23,,,,515
XR5161LE,09,LG,,,,360
XR5161LE,14,MT,,,,505
XR5161LE,14,12,,,,825
XR5161LE,14,13,,,,800
XR5161LE,14,14,,,,775
XR5161LE,14,15,,,,765
XR5161LE,14,16,,,,740
XR5161LE,14,23,,,,740
XR5161LE,14,LG,,,,585
XR5161LE,18,MT,,,,745
XR5161LE,18,12,,,,1060
XR5161LE,18,13,,,,1035
XR5161LE,18,14,,,,1010
XR5161LE,18,15,,,,1000
XR5161LE,18,16,,,,980
XR5161LE,18,23,,,,980
XR5161LE,18,LG,,,,825
XR5161LE,PLAT,MT,,,,605
XR5161LE,PLAT,12,,,,920
XR5161LE,PLAT,13,,,,895
XR5161LE,PLAT,14,,,,870
XR5161LE,PLAT,15,,,,860
XR5161LE,PLAT,16,,,,840
XR5161LE,PLAT,23,,,,840
XR5161LE,PLAT,LG,,,,685
XR5168KE,09,MT,,,,240
XR5168KE,09,12,,,,615
XR5168KE,09,13,,,,585
XR5168KE,09,14,,,,555
XR5168KE,09,15,,,,545
XR5168KE,09,16,,,,520
XR5168KE,09,23,,,,505
XR5168KE,09,LG,,,,320
XR5168KE,14,MT,,,,430
XR5168KE,14,12,,,,805
XR5168KE,14,13,,,,775
XR5168KE,14,14,,,,745
XR5168KE,14,15,,,,735
XR5168KE,14,16,,,,715
XR5168KE,14,23,,,,695
XR5168KE,14,LG,,,,510
XR5168KE,18,MT,,,,630
XR5168KE,18,12,,,,1000
XR5168KE,18,13,,,,975
XR5168KE,18,14,,,,945
XR5168KE,18,15,,,,935
XR5168KE,18,16,,,,910
XR5168KE,18,23,,,,895
XR5168KE,18,LG,,,,710
XR5168KE,PLAT,MT,,,,510
XR5168KE,PLAT,12,,,,885
XR5168KE,PLAT,13,,,,855
XR5168KE,PLAT,14,,,,830
XR5168KE,PLAT,15,,,,820
XR5168KE,PLAT,16,,,,795
XR5168KE,PLAT,23,,,,780
XR5168KE,PLAT,LG,,,,595
XR5286AG,09,MT,,,,425
XR5286AG,09,12,,,,530
XR5286AG,09,13,,,,530
XR5286AG,09,14,,,,530
XR5286AG,09,15,,,,530
XR5286AG,09,16,,,,530
XR5286AG,09,23,,,,530
XR5286AG,09,LG,,,,445
XR5286AG,14,MT,,,,780
XR5286AG,14,12,,,,885
XR5286AG,14,13,,,,885
XR5286AG,14,14,,,,885
XR5286AG,14,15,,,,885
XR5286AG,14,16,,,,885
XR5286AG,14,23,,,,885
XR5286AG,14,LG,,,,800
XR5286AG,18,MT,,,,1150
XR5286AG,18,12,,,,1255
XR5286AG,18,13,,,,1255
XR5286AG,18,14,,,,1255
XR5286AG,18,15,,,,1255
XR5286AG,18,16,,,,1255
XR5286AG,18,23,,,,1255
XR5286AG,18,LG,,,,1170
XR5286AG,PLAT,MT,,,,935
XR5286AG,PLAT,12,,,,1040
XR5286AG,PLAT,13,,,,1040
XR5286AG,PLAT,14,,,,1040
XR5286AG,PLAT,15,,,,1040
XR5286AG,PLAT,16,,,,1040
XR5286AG,PLAT,23,,,,1040
XR5286AG,PLAT,LG,,,,950
XR5323SE,09,MT,,,,120
XR5323SE,09,12,,,,240
XR5323SE,09,13,,,,230
XR5323SE,09,14,,,,220
XR5323SE,09,15,,,,215
XR5323SE,09,16,,,,210
XR5323SE,09,23,,,,210
XR5323SE,09,LG,,,,160
XR5323SE,14,MT,,,,205
XR5323SE,14,12,,,,325
XR5323SE,14,13,,,,315
XR5323SE,14,14,,,,305
XR5323SE,14,15,,,,300
XR5323SE,14,16,,,,295
XR5323SE,14,23,,,,295
XR5323SE,14,LG,,,,245
XR5323SE,18,MT,,,,295
XR5323SE,18,12,,,,415
XR5323SE,18,13,,,,400
XR5323SE,18,14,,,,395
XR5323SE,18,15,,,,390
XR5323SE,18,16,,,,380
XR5323SE,18,23,,,,380
XR5323SE,18,LG,,,,330
XR5323SE,PLAT,MT,,,,240
XR5323SE,PLAT,12,,,,360
XR5323SE,PLAT,13,,,,350
XR5323SE,PLAT,14,,,,340
XR5323SE,PLAT,15,,,,335
XR5323SE,PLAT,16,,,,330
XR5323SE,PLAT,23,,,,330
XR5323SE,PLAT,LG,,,,280
XR5415SE,09,MT,,,,205
XR5415SE,09,12,,,,355
XR5415SE,09,13,,,,340
XR5415SE,09,14,,,,330
XR5415SE,09,15,,,,325
XR5415SE,09,16,,,,320
XR5415SE,09,23,,,,320
XR5415SE,09,LG,,,,260
XR5415SE,14,MT,,,,365
XR5415SE,14,12,,,,515
XR5415SE,14,13,,,,500
XR5415SE,14,14,,,,490
XR5415SE,14,15,,,,485
XR5415SE,14,16,,,,480
XR5415SE,14,23,,,,480
XR5415SE,14,LG,,,,420
XR5415SE,18,MT,,,,535
XR5415SE,18,12,,,,685
XR5415SE,18,13,,,,670
XR5415SE,18,14,,,,660
XR5415SE,18,15,,,,655
XR5415SE,18,16,,,,645
XR5415SE,18,23,,,,645
XR5415SE,18,LG,,,,585
XR5415SE,PLAT,MT,,,,435
XR5415SE,PLAT,12,,,,585
XR5415SE,PLAT,13,,,,570
XR5415SE,PLAT,14,,,,560
XR5415SE,PLAT,15,,,,555
XR5415SE,PLAT,16,,,,550
XR5415SE,PLAT,23,,,,550
XR5415SE,PLAT,LG,,,,485
XR5468F,09,MT,,,,420
XR5468F,09,12,,,,615
XR5468F,09,13,,,,600
XR5468F,09,14,,,,585
XR5468F,09,15,,,,575
XR5468F,09,16,,,,565
XR5468F,09,23,,,,565
XR5468F,09,LG,,,,485
XR5468F,14,MT,,,,765
XR5468F,14,12,,,,965
XR5468F,14,13,,,,945
XR5468F,14,14,,,,935
XR5468F,14,15,,,,925
XR5468F,14,16,,,,915
XR5468F,14,23,,,,915
XR5468F,14,LG,,,,835
XR5468F,18,MT,,,,1130
XR5468F,18,12,,,,1330
XR5468F,18,13,,,,1310
XR5468F,18,14,,,,1300
XR5468F,18,15,,,,1290
XR5468F,18,16,,,,1280
XR5468F,18,23,,,,1280
XR5468F,18,LG,,,,1200
XR5468F,PLAT,MT,,,,915
XR5468F,PLAT,12,,,,1115
XR5468F,PLAT,13,,,,1095
XR5468F,PLAT,14,,,,1085
XR5468F,PLAT,15,,,,1075
XR5468F,PLAT,16,,,,1065
XR5468F,PLAT,23,,,,1065
XR5468F,PLAT,LG,,,,985
XR5564S,09,MT,,,,410
XR5564S,09,12,,,,990
XR5564S,09,13,,,,965
XR5564S,09,14,,,,945
XR5564S,09,15,,,,935
XR5564S,09,16,,,,920
XR5564S,09,23,,,,920
XR5564S,09,LG,,,,620
XR5564S,14,MT,,,,750
XR5564S,14,12,,,,1330
XR5564S,14,13,,,,1305
XR5564S,14,14,,,,1285
XR5564S,14,15,,,,1275
XR5564S,14,16,,,,1260
XR5564S,14,23,,,,1260
XR5564S,14,LG,,,,960
XR5564S,18,MT,,,,1105
XR5564S,18,12,,,,1685
XR5564S,18,13,,,,1660
XR5564S,18,14,,,,1640
XR5564S,18,15,,,,1630
XR5564S,18,16,,,,1615
XR5564S,18,23,,,,1615
XR5564S,18,LG,,,,1320
XR5564S,PLAT,MT,,,,895
XR5564S,PLAT,12,,,,1475
XR5564S,PLAT,13,,,,1450
XR5564S,PLAT,14,,,,1435
XR5564S,PLAT,15,,,,1420
XR5564S,PLAT,16,,,,1405
XR5564S,PLAT,23,,,,1405
XR5564S,PLAT,LG,,,,1110
XR5643JE,09,MT,,,,215
XR5643JE,09,12,,,,425
XR5643JE,09,13,,,,410
XR5643JE,09,14,,,,400
XR5643JE,09,15,,,,395
XR5643JE,09,16,,,,380
XR5643JE,09,23,,,,375
XR5643JE,09,LG,,,,275
XR5643JE,14,MT,,,,385
XR5643JE,14,12,,,,595
XR5643JE,14,13,,,,580
XR5643JE,14,14,,,,565
XR5643JE,14,15,,,,560
XR5643JE,14,16,,,,550
XR5643JE,14,23,,,,545
XR5643JE,14,LG,,,,445
XR5643JE,18,MT,,,,560
XR5643JE,18,12,,,,770
XR5643JE,18,13,,,,755
XR5643JE,18,14,,,,745
XR5643JE,18,15,,,,740
XR5643JE,18,16,,,,725
XR5643JE,18,23,,,,720
XR5643JE,18,LG,,,,620
XR5643JE,PLAT,MT,,,,455
XR5643JE,PLAT,12,,,,670
XR5643JE,PLAT,13,,,,650
XR5643JE,PLAT,14,,,,640
XR5643JE,PLAT,15,,,,635
XR5643JE,PLAT,16,,,,620
XR5643JE,PLAT,23,,,,615
XR5643JE,PLAT,LG,,,,520
XR5929BG,09,MT,,,,315
XR5929BG,09,12,,,,370
XR5929BG,09,13,,,,360
XR5929BG,09,14,,,,360
XR5929BG,09,15,,,,355
XR5929BG,09,16,,,,355
XR5929BG,09,23,,,,355
XR5929BG,09,LG,,,,330
XR5929BG,14,MT,,,,570
XR5929BG,14,12,,,,625
XR5929BG,14,13,,,,620
XR5929BG,14,14,,,,615
XR5929BG,14,15,,,,615
XR5929BG,14,16,,,,610
XR5929BG,14,23,,,,610
XR5929BG,14,LG,,,,585
XR5929BG,18,MT,,,,835
XR5929BG,18,12,,,,890
XR5929BG,18,13,,,,885
XR5929BG,18,14,,,,885
XR5929BG,18,15,,,,880
XR5929BG,18,16,,,,875
XR5929BG,18,23,,,,875
XR5929BG,18,LG,,,,855
XR5929BG,PLAT,MT,,,,680
XR5929BG,PLAT,12,,,,735
XR5929BG,PLAT,13,,,,730
XR5929BG,PLAT,14,,,,725
XR5929BG,PLAT,15,,,,725
XR5929BG,PLAT,16,,,,720
XR5929BG,PLAT,23,,,,720
XR5929BG,PLAT,LG,,,,695
XR6230C,09,MT,,,,75
XR6230C,09,12,,,,165
XR6230C,09,13,,,,155
XR6230C,09,14,,,,150
XR6230C,09,15,,,,150
XR6230C,09,16,,,,145
XR6230C,09,23,,,,145
XR6230C,09,LG,,,,105
XR6230C,14,MT,,,,120
XR6230C,14,12,,,,205
XR6230C,14,13,,,,200
XR6230C,14,14,,,,195
XR6230C,14,15,,,,195
XR6230C,14,16,,,,190
XR6230C,14,23,,,,190
XR6230C,14,LG,,,,150
XR6230C,18,MT,,,,165
XR6230C,18,12,,,,255
XR6230C,18,13,,,,245
XR6230C,18,14,,,,240
XR6230C,18,15,,,,240
XR6230C,18,16,,,,235
XR6230C,18,23,,,,235
XR6230C,18,LG,,,,195
XR6230C,PLAT,MT,,,,135
XR6230C,PLAT,12,,,,225
XR6230C,PLAT,13,,,,220
XR6230C,PLAT,14,,,,215
XR6230C,PLAT,15,,,,210
XR6230C,PLAT,16,,,,210
XR6230C,PLAT,23,,,,210
XR6230C,PLAT,LG,,,,165
XR6230CA,09,MT,,,,95
XR6230CA,09,12,,,,185
XR6230CA,09,13,,,,180
XR6230CA,09,14,,,,175
XR6230CA,09,15,,,,170
XR6230CA,09,16,,,,170
XR6230CA,09,23,,,,170
XR6230CA,09,LG,,,,125
XR6230CA,14,MT,,,,160
XR6230CA,14,12,,,,250
XR6230CA,14,13,,,,245
XR6230CA,14,14,,,,240
XR6230CA,14,15,,,,235
XR6230CA,14,16,,,,235
XR6230CA,14,23,,,,235
XR6230CA,14,LG,,,,190
XR6230CA,18,MT,,,,230
XR6230CA,18,12,,,,315
XR6230CA,18,13,,,,310
XR6230CA,18,14,,,,305
XR6230CA,18,15,,,,305
XR6230CA,18,16,,,,300
XR6230CA,18,23,,,,300
XR6230CA,18,LG,,,,260
XR6230CA,PLAT,MT,,,,190
XR6230CA,PLAT,12,,,,275
XR6230CA,PLAT,13,,,,270
XR6230CA,PLAT,14,,,,265
XR6230CA,PLAT,15,,,,265
XR6230CA,PLAT,16,,,,260
XR6230CA,PLAT,23,,,,260
XR6230CA,PLAT,LG,,,,220
XR6241A,09,MT,,,,90
XR6241A,09,12,,,,140
XR6241A,09,13,,,,140
XR6241A,09,14,,,,140
XR6241A,09,15,,,,140
XR6241A,09,16,,,,140
XR6241A,09,23,,,,140
XR6241A,09,LG,,,,105
XR6241A,14,MT,,,,150
XR6241A,14,12,,,,200
XR6241A,14,13,,,,200
XR6241A,14,14,,,,200
XR6241A,14,15,,,,200
XR6241A,14,16,,,,200
XR6241A,14,23,,,,200
XR6241A,14,LG,,,,160
XR6241A,18,MT,,,,210
XR6241A,18,12,,,,260
XR6241A,18,13,,,,260
XR6241A,18,14,,,,260
XR6241A,18,15,,,,260
XR6241A,18,16,,,,260
XR6241A,18,23,,,,260
XR6241A,18,LG,,,,220
XR6241A,PLAT,MT,,,,175
XR6241A,PLAT,12,,,,225
XR6241A,PLAT,13,,,,225
XR6241A,PLAT,14,,,,225
XR6241A,PLAT,15,,,,225
XR6241A,PLAT,16,,,,225
XR6241A,PLAT,23,,,,225
XR6241A,PLAT,LG,,,,185
XR6241AA,09,MT,,,,110
XR6241AA,09,12,,,,190
XR6241AA,09,13,,,,190
XR6241AA,09,14,,,,190
XR6241AA,09,15,,,,190
XR6241AA,09,16,,,,190
XR6241AA,09,23,,,,190
XR6241AA,09,LG,,,,125
XR6241AA,14,MT,,,,185
XR6241AA,14,12,,,,265
XR6241AA,14,13,,,,265
XR6241AA,14,14,,,,265
XR6241AA,14,15,,,,265
XR6241AA,14,16,,,,265
XR6241AA,14,23,,,,265
XR6241AA,14,LG,,,,200
XR6241AA,18,MT,,,,265
XR6241AA,18,12,,,,345
XR6241AA,18,13,,,,345
XR6241AA,18,14,,,,345
XR6241AA,18,15,,,,345
XR6241AA,18,16,,,,345
XR6241AA,18,23,,,,345
XR6241AA,18,LG,,,,280
XR6241AA,PLAT,MT,,,,220
XR6241AA,PLAT,12,,,,300
XR6241AA,PLAT,13,,,,300
XR6241AA,PLAT,14,,,,300
XR6241AA,PLAT,15,,,,300
XR6241AA,PLAT,16,,,,300
XR6241AA,PLAT,23,,,,300
XR6241AA,PLAT,LG,,,,235
XR6782J,09,MT,,,,195
XR6782J,09,12,,,,1100
XR6782J,09,13,,,,1075
XR6782J,09,14,,,,1040
XR6782J,09,15,,,,1030
XR6782J,09,16,,,,1010
XR6782J,09,23,,,,1010
XR6782J,09,LG,,,,370
XR6782J,14,MT,,,,345
XR6782J,14,12,,,,1250
XR6782J,14,13,,,,1225
XR6782J,14,14,,,,1190
XR6782J,14,15,,,,1180
XR6782J,14,16,,,,1160
XR6782J,14,23,,,,1160
XR6782J,14,LG,,,,520
XR6782J,18,MT,,,,500
XR6782J,18,12,,,,1405
XR6782J,18,13,,,,1380
XR6782J,18,14,,,,1350
XR6782J,18,15,,,,1340
XR6782J,18,16,,,,1320
XR6782J,18,23,,,,1320
XR6782J,18,LG,,,,675
XR6782J,PLAT,MT,,,,410
XR6782J,PLAT,12,,,,1315
XR6782J,PLAT,13,,,,1290
XR6782J,PLAT,14,,,,1255
XR6782J,PLAT,15,,,,1245
XR6782J,PLAT,16,,,,1225
XR6782J,PLAT,23,,,,1225
XR6782J,PLAT,LG,,,,585
XR6855LE,09,MT,,,,280
XR6855LE,09,12,,,,980
XR6855LE,09,13,,,,960
XR6855LE,09,14,,,,905
XR6855LE,09,15,,,,900
XR6855LE,09,16,,,,885
XR6855LE,09,23,,,,880
XR6855LE,09,LG,,,,420
XR6855LE,14,MT,,,,505
XR6855LE,14,12,,,,1210
XR6855LE,14,13,,,,1190
XR6855LE,14,14,,,,1135
XR6855LE,14,15,,,,1130
XR6855LE,14,16,,,,1110
XR6855LE,14,23,,,,1105
XR6855LE,14,LG,,,,645
XR6855LE,18,MT,,,,745
XR6855LE,18,12,,,,1445
XR6855LE,18,13,,,,1425
XR6855LE,18,14,,,,1370
XR6855LE,18,15,,,,1365
XR6855LE,18,16,,,,1350
XR6855LE,18,23,,,,1345
XR6855LE,18,LG,,,,885
XR6855LE,PLAT,MT,,,,605
XR6855LE,PLAT,12,,,,1305
XR6855LE,PLAT,13,,,,1285
XR6855LE,PLAT,14,,,,1230
XR6855LE,PLAT,15,,,,1225
XR6855LE,PLAT,16,,,,1210
XR6855LE,PLAT,23,,,,1205
XR6855LE,PLAT,LG,,,,745
XR6874LE,09,MT,,,,310
XR6874LE,09,12,,,,1105
XR6874LE,09,13,,,,1100
XR6874LE,09,14,,,,1040
XR6874LE,09,15,,,,1035
XR6874LE,09,16,,,,1030
XR6874LE,09,23,,,,1030
XR6874LE,09,LG,,,,490
XR6874LE,14,MT,,,,565
XR6874LE,14,12,,,,1360
XR6874LE,14,13,,,,1355
XR6874LE,14,14,,,,1290
XR6874LE,14,15,,,,1290
XR6874LE,14,16,,,,1285
XR6874LE,14,23,,,,1285
XR6874LE,14,LG,,,,745
XR6874LE,18,MT,,,,830
XR6874LE,18,12,,,,1625
XR6874LE,18,13,,,,1620
XR6874LE,18,14,,,,1560
XR6874LE,18,15,,,,1555
XR6874LE,18,16,,,,1550
XR6874LE,18,23,,,,1550
XR6874LE,18,LG,,,,1010
XR6874LE,PLAT,MT,,,,675
XR6874LE,PLAT,12,,,,1470
XR6874LE,PLAT,13,,,,1465
XR6874LE,PLAT,14,,,,1400
XR6874LE,PLAT,15,,,,1400
XR6874LE,PLAT,16,,,,1395
XR6874LE,PLAT,23,,,,1395
XR6874LE,PLAT,LG,,,,855
XR7401J,09,MT,,,,300
XR7401J,09,12,,,,925
XR7401J,09,13,,,,880
XR7401J,09,14,,,,845
XR7401J,09,15,,,,830
XR7401J,09,16,,,,800
XR7401J,09,23,,,,780
XR7401J,09,LG,,,,440
XR7401J,14,MT,,,,545
XR7401J,14,12,,,,1165
XR7401J,14,13,,,,1125
XR7401J,14,14,,,,1090
XR7401J,14,15,,,,1075
XR7401J,14,16,,,,1045
XR7401J,14,23,,,,1025
XR7401J,14,LG,,,,685
XR7401J,18,MT,,,,800
XR7401J,18,12,,,,1425
XR7401J,18,13,,,,1380
XR7401J,18,14,,,,1345
XR7401J,18,15,,,,1330
XR7401J,18,16,,,,1300
XR7401J,18,23,,,,1280
XR7401J,18,LG,,,,940
XR7401J,PLAT,MT,,,,650
XR7401J,PLAT,12,,,,1275
XR7401J,PLAT,13,,,,1230
XR7401J,PLAT,14,,,,1195
XR7401J,PLAT,15,,,,1180
XR7401J,PLAT,16,,,,1150
XR7401J,PLAT,23,,,,1130
XR7401J,PLAT,LG,,,,790
XR7402J,09,MT,,,,240
XR7402J,09,12,,,,1090
XR7402J,09,13,,,,1005
XR7402J,09,14,,,,940
XR7402J,09,15,,,,895
XR7402J,09,16,,,,850
XR7402J,09,23,,,,820
XR7402J,09,LG,,,,380
XR7402J,14,MT,,,,435
XR7402J,14,12,,,,1280
XR7402J,14,13,,,,1195
XR7402J,14,14,,,,1130
XR7402J,14,15,,,,1085
XR7402J,14,16,,,,1040
XR7402J,14,23,,,,1010
XR7402J,14,LG,,,,570
XR7402J,18,MT,,,,635
XR7402J,18,12,,,,1480
XR7402J,18,13,,,,1400
XR7402J,18,14,,,,1330
XR7402J,18,15,,,,1290
XR7402J,18,16,,,,1245
XR7402J,18,23,,,,1215
XR7402J,18,LG,,,,770
XR7402J,PLAT,MT,,,,515
XR7402J,PLAT,12,,,,1365
XR7402J,PLAT,13,,,,1280
XR7402J,PLAT,14,,,,1215
XR7402J,PLAT,15,,,,1170
XR7402J,PLAT,16,,,,1125
XR7402J,PLAT,23,,,,1095
XR7402J,PLAT,LG,,,,655
XR7427H,09,MT,,,,275
XR7427H,09,12,,,,640
XR7427H,09,13,,,,610
XR7427H,09,14,,,,585
XR7427H,09,15,,,,570
XR7427H,09,16,,,,550
XR7427H,09,23,,,,535
XR7427H,09,LG,,,,370
XR7427H,14,MT,,,,500
XR7427H,14,12,,,,865
XR7427H,14,13,,,,835
XR7427H,14,14,,,,805
XR7427H,14,15,,,,795
XR7427H,14,16,,,,775
XR7427H,14,23,,,,760
XR7427H,14,LG,,,,590
XR7427H,18,MT,,,,735
XR7427H,18,12,,,,1100
XR7427H,18,13,,,,1065
XR7427H,18,14,,,,1040
XR7427H,18,15,,,,1030
XR7427H,18,16,,,,1010
XR7427H,18,23,,,,995
XR7427H,18,LG,,,,825
XR7427H,PLAT,MT,,,,600
XR7427H,PLAT,12,,,,960
XR7427H,PLAT,13,,,,930
XR7427H,PLAT,14,,,,905
XR7427H,PLAT,15,,,,895
XR7427H,PLAT,16,,,,870
XR7427H,PLAT,23,,,,855
XR7427H,PLAT,LG,,,,690
XR7429G,09,MT,,,,275
XR7429G,09,12,,,,545
XR7429G,09,13,,,,520
XR7429G,09,14,,,,500
XR7429G,09,15,,,,490
XR7429G,09,16,,,,475
XR7429G,09,23,,,,470
XR7429G,09,LG,,,,350
XR7429G,14,MT,,,,495
XR7429G,14,12,,,,765
XR7429G,14,13,,,,740
XR7429G,14,14,,,,725
XR7429G,14,15,,,,715
XR7429G,14,16,,,,700
XR7429G,14,23,,,,690
XR7429G,14,LG,,,,575
XR7429G,18,MT,,,,725
XR7429G,18,12,,,,995
XR7429G,18,13,,,,975
XR7429G,18,14,,,,955
XR7429G,18,15,,,,945
XR7429G,18,16,,,,930
XR7429G,18,23,,,,920
XR7429G,18,LG,,,,805
XR7429G,PLAT,MT,,,,590
XR7429G,PLAT,12,,,,860
XR7429G,PLAT,13,,,,835
XR7429G,PLAT,14,,,,820
XR7429G,PLAT,15,,,,810
XR7429G,PLAT,16,,,,795
XR7429G,PLAT,23,,,,785
XR7429G,PLAT,LG,,,,670
XR7477J,09,MT,,,,355
XR7477J,09,12,,,,1320
XR7477J,09,13,,,,1300
XR7477J,09,14,,,,1290
XR7477J,09,15,,,,1285
XR7477J,09,16,,,,1275
XR7477J,09,23,,,,1275
XR7477J,09,LG,,,,570
XR7477J,14,MT,,,,645
XR7477J,14,12,,,,1610
XR7477J,14,13,,,,1590
XR7477J,14,14,,,,1580
XR7477J,14,15,,,,1575
XR7477J,14,16,,,,1565
XR7477J,14,23,,,,1565
XR7477J,14,LG,,,,860
XR7477J,18,MT,,,,950
XR7477J,18,12,,,,1915
XR7477J,18,13,,,,1895
XR7477J,18,14,,,,1885
XR7477J,18,15,,,,1880
XR7477J,18,16,,,,1870
XR7477J,18,23,,,,1870
XR7477J,18,LG,,,,1165
XR7477J,PLAT,MT,,,,770
XR7477J,PLAT,12,,,,1735
XR7477J,PLAT,13,,,,1720
XR7477J,PLAT,14,,,,1705
XR7477J,PLAT,15,,,,1700
XR7477J,PLAT,16,,,,1690
XR7477J,PLAT,23,,,,1690
XR7477J,PLAT,LG,,,,985
XR7661E,09,MT,,,,310
XR7661E,09,12,,,,430
XR7661E,09,13,,,,420
XR7661E,09,14,,,,410
XR7661E,09,15,,,,405
XR7661E,09,16,,,,400
XR7661E,09,23,,,,400
XR7661E,09,LG,,,,350
XR7661E,14,MT,,,,565
XR7661E,14,12,,,,685
XR7661E,14,13,,,,670
XR7661E,14,14,,,,665
XR7661E,14,15,,,,660
XR7661E,14,16,,,,655
XR7661E,14,23,,,,655
XR7661E,14,LG,,,,605
XR7661E,18,MT,,,,830
XR7661E,18,12,,,,950
XR7661E,18,13,,,,935
XR7661E,18,14,,,,930
XR7661E,18,15,,,,925
XR7661E,18,16,,,,920
XR7661E,18,23,,,,920
XR7661E,18,LG,,,,870
XR7661E,PLAT,MT,,,,670
XR7661E,PLAT,12,,,,790
XR7661E,PLAT,13,,,,780
XR7661E,PLAT,14,,,,775
XR7661E,PLAT,15,,,,770
XR7661E,PLAT,16,,,,760
XR7661E,PLAT,23,,,,760
XR7661E,PLAT,LG,,,,710
XR7943HE,09,MT,,,,170
XR7943HE,09,12,,,,175
XR7943HE,09,13,,,,175
XR7943HE,09,14,,,,175
XR7943HE,09,15,,,,175
XR7943HE,09,16,,,,175
XR7943HE,09,23,,,,175
XR7943HE,09,LG,,,,175
XR7943HE,14,MT,,,,305
XR7943HE,14,12,,,,305
XR7943HE,14,13,,,,305
XR7943HE,14,14,,,,305
XR7943HE,14,15,,,,305
XR7943HE,14,16,,,,305
XR7943HE,14,23,,,,305
XR7943HE,14,LG,,,,305
XR7943HE,18,MT,,,,440
XR7943HE,18,12,,,,440
XR7943HE,18,13,,,,440
XR7943HE,18,14,,,,440
XR7943HE,18,15,,,,440
XR7943HE,18,16,,,,440
XR7943HE,18,23,,,,440
XR7943HE,18,LG,,,,440
XR7943HE,PLAT,MT,,,,360
XR7943HE,PLAT,12,,,,360
XR7943HE,PLAT,13,,,,360
XR7943HE,PLAT,14,,,,360
XR7943HE,PLAT,15,,,,360
XR7943HE,PLAT,16,,,,360
XR7943HE,PLAT,23,,,,360
XR7943HE,PLAT,LG,,,,360
XR7944GE,09,MT,,,,175
XR7944GE,09,12,,,,395
XR7944GE,09,13,,,,375
XR7944GE,09,14,,,,370
XR7944GE,09,15,,,,370
XR7944GE,09,16,,,,370
XR7944GE,09,23,,,,370
XR7944GE,09,LG,,,,220
XR7944GE,14,MT,,,,310
XR7944GE,14,12,,,,530
XR7944GE,14,13,,,,510
XR7944GE,14,14,,,,500
XR7944GE,14,15,,,,500
XR7944GE,14,16,,,,500
XR7944GE,14,23,,,,500
XR7944GE,14,LG,,,,355
XR7944GE,18,MT,,,,450
XR7944GE,18,12,,,,670
XR7944GE,18,13,,,,650
XR7944GE,18,14,,,,640
XR7944GE,18,15,,,,640
XR7944GE,18,16,,,,640
XR7944GE,18,23,,,,640
XR7944GE,18,LG,,,,495
XR7944GE,PLAT,MT,,,,365
XR7944GE,PLAT,12,,,,585
XR7944GE,PLAT,13,,,,565
XR7944GE,PLAT,14,,,,560
XR7944GE,PLAT,15,,,,560
XR7944GE,PLAT,16,,,,560
XR7944GE,PLAT,23,,,,560
XR7944GE,PLAT,LG,,,,410
XR7945HE,09,MT,,,,155
XR7945HE,09,12,,,,420
XR7945HE,09,13,,,,400
XR7945HE,09,14,,,,375
XR7945HE,09,15,,,,320
XR7945HE,09,16,,,,310
XR7945HE,09,23,,,,320
XR7945HE,09,LG,,,,180
XR7945HE,14,MT,,,,270
XR7945HE,14,12,,,,535
XR7945HE,14,13,,,,520
XR7945HE,14,14,,,,490
XR7945HE,14,15,,,,440
XR7945HE,14,16,,,,425
XR7945HE,14,23,,,,435
XR7945HE,14,LG,,,,295
XR7945HE,18,MT,,,,395
XR7945HE,18,12,,,,660
XR7945HE,18,13,,,,640
XR7945HE,18,14,,,,615
XR7945HE,18,15,,,,560
XR7945HE,18,16,,,,550
XR7945HE,18,23,,,,555
XR7945HE,18,LG,,,,415
XR7945HE,PLAT,MT,,,,320
XR7945HE,PLAT,12,,,,585
XR7945HE,PLAT,13,,,,570
XR7945HE,PLAT,14,,,,540
XR7945HE,PLAT,15,,,,490
XR7945HE,PLAT,16,,,,475
XR7945HE,PLAT,23,,,,485
XR7945HE,PLAT,LG,,,,345
XR7946SE,09,MT,,,,175
XR7946SE,09,12,,,,175
XR7946SE,09,13,,,,175
XR7946SE,09,14,,,,175
XR7946SE,09,15,,,,175
XR7946SE,09,16,,,,175
XR7946SE,09,23,,,,175
XR7946SE,09,LG,,,,175
XR7946SE,14,MT,,,,310
XR7946SE,14,12,,,,310
XR7946SE,14,13,,,,310
XR7946SE,14,14,,,,310
XR7946SE,14,15,,,,310
XR7946SE,14,16,,,,310
XR7946SE,14,23,,,,310
XR7946SE,14,LG,,,,310
XR7946SE,18,MT,,,,450
XR7946SE,18,12,,,,450
XR7946SE,18,13,,,,450
XR7946SE,18,14,,,,450
XR7946SE,18,15,,,,450
XR7946SE,18,16,,,,450
XR7946SE,18,23,,,,450
XR7946SE,18,LG,,,,450
XR7946SE,PLAT,MT,,,,365
XR7946SE,PLAT,12,,,,370
XR7946SE,PLAT,13,,,,370
XR7946SE,PLAT,14,,,,370
XR7946SE,PLAT,15,,,,370
XR7946SE,PLAT,16,,,,370
XR7946SE,PLAT,23,,,,370
XR7946SE,PLAT,LG,,,,370
XR7947SE,09,MT,,,,175
XR7947SE,09,12,,,,175
XR7947SE,09,13,,,,175
XR7947SE,09,14,,,,175
XR7947SE,09,15,,,,175
XR7947SE,09,16,,,,175
XR7947SE,09,23,,,,175
XR7947SE,09,LG,,,,175
XR7947SE,14,MT,,,,310
XR7947SE,14,12,,,,310
XR7947SE,14,13,,,,310
XR7947SE,14,14,,,,310
XR7947SE,14,15,,,,310
XR7947SE,14,16,,,,310
XR7947SE,14,23,,,,310
XR7947SE,14,LG,,,,310
XR7947SE,18,MT,,,,450
XR7947SE,18,12,,,,450
XR7947SE,18,13,,,,450
XR7947SE,18,14,,,,450
XR7947SE,18,15,,,,450
XR7947SE,18,16,,,,450
XR7947SE,18,23,,,,450
XR7947SE,18,LG,,,,450
XR7947SE,PLAT,MT,,,,365
XR7947SE,PLAT,12,,,,370
XR7947SE,PLAT,13,,,,370
XR7947SE,PLAT,14,,,,370
XR7947SE,PLAT,15,,,,370
XR7947SE,PLAT,16,,,,370
XR7947SE,PLAT,23,,,,370
XR7947SE,PLAT,LG,,,,370
XR7948HE,09,MT,,,,165
XR7948HE,09,12,,,,165
XR7948HE,09,13,,,,165
XR7948HE,09,14,,,,165
XR7948HE,09,15,,,,165
XR7948HE,09,16,,,,165
XR7948HE,09,23,,,,165
XR7948HE,09,LG,,,,165
XR7948HE,14,MT,,,,285
XR7948HE,14,12,,,,285
XR7948HE,14,13,,,,285
XR7948HE,14,14,,,,285
XR7948HE,14,15,,,,285
XR7948HE,14,16,,,,285
XR7948HE,14,23,,,,285
XR7948HE,14,LG,,,,285
XR7948HE,18,MT,,,,415
XR7948HE,18,12,,,,415
XR7948HE,18,13,,,,415
XR7948HE,18,14,,,,415
XR7948HE,18,15,,,,415
XR7948HE,18,16,,,,415
XR7948HE,18,23,,,,415
XR7948HE,18,LG,,,,415
XR7948HE,PLAT,MT,,,,335
XR7948HE,PLAT,12,,,,340
XR7948HE,PLAT,13,,,,340
XR7948HE,PLAT,14,,,,340
XR7948HE,PLAT,15,,,,340
XR7948HE,PLAT,16,,,,340
XR7948HE,PLAT,23,,,,340
XR7948HE,PLAT,LG,,,,340
XR7983GE,09,MT,,,,165
XR7983GE,09,12,,,,330
XR7983GE,09,13,,,,330
XR7983GE,09,14,,,,330
XR7983GE,09,15,,,,330
XR7983GE,09,16,,,,330
XR7983GE,09,23,,,,330
XR7983GE,09,LG,,,,200
XR7983GE,14,MT,,,,290
XR7983GE,14,12,,,,455
XR7983GE,14,13,,,,455
XR7983GE,14,14,,,,455
XR7983GE,14,15,,,,455
XR7983GE,14,16,,,,455
XR7983GE,14,23,,,,455
XR7983GE,14,LG,,,,325
XR7983GE,18,MT,,,,420
XR7983GE,18,12,,,,585
XR7983GE,18,13,,,,585
XR7983GE,18,14,,,,585
XR7983GE,18,15,,,,585
XR7983GE,18,16,,,,585
XR7983GE,18,23,,,,585
XR7983GE,18,LG,,,,455
XR7983GE,PLAT,MT,,,,345
XR7983GE,PLAT,12,,,,510
XR7983GE,PLAT,13,,,,510
XR7983GE,PLAT,14,,,,510
XR7983GE,PLAT,15,,,,510
XR7983GE,PLAT,16,,,,510
XR7983GE,PLAT,23,,,,510
XR7983GE,PLAT,LG,,,,380
XR8007FL,09,MT,,,,120
XR8007FL,09,12,,,,390
XR8007FL,09,13,,,,385
XR8007FL,09,14,,,,360
XR8007FL,09,15,,,,360
XR8007FL,09,16,,,,355
XR8007FL,09,23,,,,355
XR8007FL,09,LG,,,,185
XR8007FL,14,MT,,,,205
XR8007FL,14,12,,,,470
XR8007FL,14,13,,,,465
XR8007FL,14,14,,,,445
XR8007FL,14,15,,,,445
XR8007FL,14,16,,,,440
XR8007FL,14,23,,,,440
XR8007FL,14,LG,,,,265
XR8007FL,18,MT,,,,295
XR8007FL,18,12,,,,560
XR8007FL,18,13,,,,555
XR8007FL,18,14,,,,535
XR8007FL,18,15,,,,530
XR8007FL,18,16,,,,530
XR8007FL,18,23,,,,530
XR8007FL,18,LG,,,,355
XR8007FL,PLAT,MT,,,,240
XR8007FL,PLAT,12,,,,510
XR8007FL,PLAT,13,,,,505
XR8007FL,PLAT,14,,,,480
XR8007FL,PLAT,15,,,,480
XR8007FL,PLAT,16,,,,475
XR8007FL,PLAT,23,,,,475
XR8007FL,PLAT,LG,,,,305
XR8213H,09,MT,,,,305
XR8213H,09,12,,,,810
XR8213H,09,13,,,,780
XR8213H,09,14,,,,750
XR8213H,09,15,,,,740
XR8213H,09,16,,,,715
XR8213H,09,23,,,,710
XR8213H,09,LG,,,,420
XR8213H,14,MT,,,,555
XR8213H,14,12,,,,1060
XR8213H,14,13,,,,1030
XR8213H,14,14,,,,1000
XR8213H,14,15,,,,990
XR8213H,14,16,,,,965
XR8213H,14,23,,,,960
XR8213H,14,LG,,,,665
XR8213H,18,MT,,,,820
XR8213H,18,12,,,,1320
XR8213H,18,13,,,,1290
XR8213H,18,14,,,,1260
XR8213H,18,15,,,,1255
XR8213H,18,16,,,,1225
XR8213H,18,23,,,,1225
XR8213H,18,LG,,,,930
XR8213H,PLAT,MT,,,,665
XR8213H,PLAT,12,,,,1165
XR8213H,PLAT,13,,,,1135
XR8213H,PLAT,14,,,,1110
XR8213H,PLAT,15,,,,1100
XR8213H,PLAT,16,,,,1075
XR8213H,PLAT,23,,,,1070
XR8213H,PLAT,LG,,,,775
XR8280S,09,MT,,,,280
XR8280S,09,12,,,,920
XR8280S,09,13,,,,860
XR8280S,09,14,,,,810
XR8280S,09,15,,,,780
XR8280S,09,16,,,,745
XR8280S,09,23,,,,730
XR8280S,09,LG,,,,405
XR8280S,14,MT,,,,505
XR8280S,14,12,,,,1145
XR8280S,14,13,,,,1085
XR8280S,14,14,,,,1040
XR8280S,14,15,,,,1010
XR8280S,14,16,,,,975
XR8280S,14,23,,,,955
XR8280S,14,LG,,,,635
XR8280S,18,MT,,,,745
XR8280S,18,12,,,,1385
XR8280S,18,13,,,,1325
XR8280S,18,14,,,,1275
XR8280S,18,15,,,,1245
XR8280S,18,16,,,,1210
XR8280S,18,23,,,,1195
XR8280S,18,LG,,,,870
XR8280S,PLAT,MT,,,,605
XR8280S,PLAT,12,,,,1245
XR8280S,PLAT,13,,,,1185
XR8280S,PLAT,14,,,,1135
XR8280S,PLAT,15,,,,1105
XR8280S,PLAT,16,,,,1070
XR8280S,PLAT,23,,,,1055
XR8280S,PLAT,LG,,,,730
XR8281K,09,MT,,,,250
XR8281K,09,12,,,,1835
XR8281K,09,13,,,,1810
XR8281K,09,14,,,,1685
XR8281K,09,15,,,,1670
XR8281K,09,16,,,,1655
XR8281K,09,23,,,,1655
XR8281K,09,LG,,,,520
XR8281K,14,MT,,,,450
XR8281K,14,12,,,,2035
XR8281K,14,13,,,,2010
XR8281K,14,14,,,,1885
XR8281K,14,15,,,,1875
XR8281K,14,16,,,,1855
XR8281K,14,23,,,,1855
XR8281K,14,LG,,,,720
XR8281K,18,MT,,,,660
XR8281K,18,12,,,,2245
XR8281K,18,13,,,,2220
XR8281K,18,14,,,,2095
XR8281K,18,15,,,,2085
XR8281K,18,16,,,,2065
XR8281K,18,23,,,,2065
XR8281K,18,LG,,,,930
XR8281K,PLAT,MT,,,,540
XR8281K,PLAT,12,,,,2120
XR8281K,PLAT,13,,,,2095
XR8281K,PLAT,14,,,,1970
XR8281K,PLAT,15,,,,1960
XR8281K,PLAT,16,,,,1945
XR8281K,PLAT,23,,,,1945
XR8281K,PLAT,LG,,,,805
XR8303H,09,MT,,,,285
XR8303H,09,12,,,,890
XR8303H,09,13,,,,875
XR8303H,09,14,,,,910
XR8303H,09,15,,,,905
XR8303H,09,16,,,,895
XR8303H,09,23,,,,895
XR8303H,09,LG,,,,420
XR8303H,14,MT,,,,515
XR8303H,14,12,,,,1120
XR8303H,14,13,,,,1105
XR8303H,14,14,,,,1140
XR8303H,14,15,,,,1135
XR8303H,14,16,,,,1125
XR8303H,14,23,,,,1125
XR8303H,14,LG,,,,650
XR8303H,18,MT,,,,755
XR8303H,18,12,,,,1360
XR8303H,18,13,,,,1345
XR8303H,18,14,,,,1380
XR8303H,18,15,,,,1375
XR8303H,18,16,,,,1365
XR8303H,18,23,,,,1365
XR8303H,18,LG,,,,890
XR8303H,PLAT,MT,,,,610
XR8303H,PLAT,12,,,,1220
XR8303H,PLAT,13,,,,1205
XR8303H,PLAT,14,,,,1240
XR8303H,PLAT,15,,,,1235
XR8303H,PLAT,16,,,,1225
XR8303H,PLAT,23,,,,1225
XR8303H,PLAT,LG,,,,750
YE0334F,09,MT,,,,250
YE0334F,09,12,,,,440
YE0334F,09,13,,,,420
YE0334F,09,14,,,,405
YE0334F,09,15,,,,400
YE0334F,09,16,,,,390
YE0334F,09,23,,,,390
YE0334F,09,LG,,,,310
YE0334F,14,MT,,,,455
YE0334F,14,12,,,,640
YE0334F,14,13,,,,620
YE0334F,14,14,,,,610
YE0334F,14,15,,,,600
YE0334F,14,16,,,,590
YE0334F,14,23,,,,590
YE0334F,14,LG,,,,510
YE0334F,18,MT,,,,665
YE0334F,18,12,,,,850
YE0334F,18,13,,,,830
YE0334F,18,14,,,,820
YE0334F,18,15,,,,810
YE0334F,18,16,,,,800
YE0334F,18,23,,,,800
YE0334F,18,LG,,,,725
YE0334F,PLAT,MT,,,,540
YE0334F,PLAT,12,,,,725
YE0334F,PLAT,13,,,,710
YE0334F,PLAT,14,,,,695
YE0334F,PLAT,15,,,,690
YE0334F,PLAT,16,,,,680
YE0334F,PLAT,23,,,,680
YE0334F,PLAT,LG,,,,600
YE0334H,09,MT,,,,345
YE0334H,09,12,,,,700
YE0334H,09,13,,,,670
YE0334H,09,14,,,,645
YE0334H,09,15,,,,635
YE0334H,09,16,,,,615
YE0334H,09,23,,,,595
YE0334H,09,LG,,,,435
YE0334H,14,MT,,,,625
YE0334H,14,12,,,,985
YE0334H,14,13,,,,955
YE0334H,14,14,,,,930
YE0334H,14,15,,,,920
YE0334H,14,16,,,,900
YE0334H,14,23,,,,880
YE0334H,14,LG,,,,720
YE0334H,18,MT,,,,920
YE0334H,18,12,,,,1280
YE0334H,18,13,,,,1250
YE0334H,18,14,,,,1225
YE0334H,18,15,,,,1215
YE0334H,18,16,,,,1195
YE0334H,18,23,,,,1175
YE0334H,18,LG,,,,1015
YE0334H,PLAT,MT,,,,750
YE0334H,PLAT,12,,,,1105
YE0334H,PLAT,13,,,,1075
YE0334H,PLAT,14,,,,1050
YE0334H,PLAT,15,,,,1040
YE0334H,PLAT,16,,,,1020
YE0334H,PLAT,23,,,,1000
YE0334H,PLAT,LG,,,,840
YE0639B,09,MT,,,,175
YE0639B,09,12,,,,230
YE0639B,09,13,,,,225
YE0639B,09,14,,,,220
YE0639B,09,15,,,,220
YE0639B,09,16,,,,215
YE0639B,09,23,,,,215
YE0639B,09,LG,,,,190
YE0639B,14,MT,,,,310
YE0639B,14,12,,,,360
YE0639B,14,13,,,,360
YE0639B,14,14,,,,355
YE0639B,14,15,,,,350
YE0639B,14,16,,,,350
YE0639B,14,23,,,,345
YE0639B,14,LG,,,,320
YE0639B,18,MT,,,,450
YE0639B,18,12,,,,500
YE0639B,18,13,,,,495
YE0639B,18,14,,,,495
YE0639B,18,15,,,,490
YE0639B,18,16,,,,490
YE0639B,18,23,,,,485
YE0639B,18,LG,,,,460
YE0639B,PLAT,MT,,,,365
YE0639B,PLAT,12,,,,420
YE0639B,PLAT,13,,,,415
YE0639B,PLAT,14,,,,410
YE0639B,PLAT,15,,,,410
YE0639B,PLAT,16,,,,405
YE0639B,PLAT,23,,,,405
YE0639B,PLAT,LG,,,,380
YE1121H,09,MT,,,,315
YE1121H,09,12,,,,815
YE1121H,09,13,,,,800
YE1121H,09,14,,,,755
YE1121H,09,15,,,,750
YE1121H,09,16,,,,735
YE1121H,09,23,,,,725
YE1121H,09,LG,,,,435
YE1121H,14,MT,,,,575
YE1121H,14,12,,,,1075
YE1121H,14,13,,,,1055
YE1121H,14,14,,,,1010
YE1121H,14,15,,,,1005
YE1121H,14,16,,,,995
YE1121H,14,23,,,,980
YE1121H,14,LG,,,,695
YE1121H,18,MT,,,,845
YE1121H,18,12,,,,1345
YE1121H,18,13,,,,1325
YE1121H,18,14,,,,1280
YE1121H,18,15,,,,1275
YE1121H,18,16,,,,1265
YE1121H,18,23,,,,1250
YE1121H,18,LG,,,,965
YE1121H,PLAT,MT,,,,685
YE1121H,PLAT,12,,,,1185
YE1121H,PLAT,13,,,,1165
YE1121H,PLAT,14,,,,1125
YE1121H,PLAT,15,,,,1115
YE1121H,PLAT,16,,,,1105
YE1121H,PLAT,23,,,,1095
YE1121H,PLAT,LG,,,,805
YE1810H,09,MT,,,,140
YE1810H,09,12,,,,490
YE1810H,09,13,,,,460
YE1810H,09,14,,,,435
YE1810H,09,15,,,,425
YE1810H,09,16,,,,410
YE1810H,09,23,,,,390
YE1810H,09,LG,,,,220
YE1810H,14,MT,,,,240
YE1810H,14,12,,,,595
YE1810H,14,13,,,,565
YE1810H,14,14,,,,540
YE1810H,14,15,,,,530
YE1810H,14,16,,,,510
YE1810H,14,23,,,,490
YE1810H,14,LG,,,,325
YE1810H,18,MT,,,,350
YE1810H,18,12,,,,700
YE1810H,18,13,,,,670
YE1810H,18,14,,,,645
YE1810H,18,15,,,,635
YE1810H,18,16,,,,615
YE1810H,18,23,,,,595
YE1810H,18,LG,,,,430
YE1810H,PLAT,MT,,,,285
YE1810H,PLAT,12,,,,635
YE1810H,PLAT,13,,,,605
YE1810H,PLAT,14,,,,585
YE1810H,PLAT,15,,,,575
YE1810H,PLAT,16,,,,555
YE1810H,PLAT,23,,,,535
YE1810H,PLAT,LG,,,,365
YE2030H,09,MT,,,,80
YE2030H,09,12,,,,80
YE2030H,09,13,,,,80
YE2030H,09,14,,,,80
YE2030H,09,15,,,,80
YE2030H,09,16,,,,80
YE2030H,09,23,,,,80
YE2030H,09,LG,,,,80
YE2030H,14,MT,,,,130
YE2030H,14,12,,,,130
YE2030H,14,13,,,,130
YE2030H,14,14,,,,130
YE2030H,14,15,,,,130
YE2030H,14,16,,,,130
YE2030H,14,23,,,,130
YE2030H,14,LG,,,,130
YE2030H,18,MT,,,,180
YE2030H,18,12,,,,185
YE2030H,18,13,,,,185
YE2030H,18,14,,,,185
YE2030H,18,15,,,,185
YE2030H,18,16,,,,185
YE2030H,18,23,,,,185
YE2030H,18,LG,,,,185
YE2030H,PLAT,MT,,,,150
YE2030H,PLAT,12,,,,155
YE2030H,PLAT,13,,,,155
YE2030H,PLAT,14,,,,155
YE2030H,PLAT,15,,,,155
YE2030H,PLAT,16,,,,155
YE2030H,PLAT,23,,,,155
YE2030H,PLAT,LG,,,,155
YE2559K,09,MT,,,,415
YE2559K,09,12,,,,1125
YE2559K,09,13,,,,1065
YE2559K,09,14,,,,1015
YE2559K,09,15,,,,995
YE2559K,09,16,,,,955
YE2559K,09,23,,,,915
YE2559K,09,LG,,,,590
YE2559K,14,MT,,,,760
YE2559K,14,12,,,,1475
YE2559K,14,13,,,,1415
YE2559K,14,14,,,,1360
YE2559K,14,15,,,,1340
YE2559K,14,16,,,,1300
YE2559K,14,23,,,,1260
YE2559K,14,LG,,,,940
YE2559K,18,MT,,,,1125
YE2559K,18,12,,,,1835
YE2559K,18,13,,,,1775
YE2559K,18,14,,,,1725
YE2559K,18,15,,,,1705
YE2559K,18,16,,,,1665
YE2559K,18,23,,,,1625
YE2559K,18,LG,,,,1300
YE2559K,PLAT,MT,,,,910
YE2559K,PLAT,12,,,,1625
YE2559K,PLAT,13,,,,1560
YE2559K,PLAT,14,,,,1510
YE2559K,PLAT,15,,,,1490
YE2559K,PLAT,16,,,,1450
YE2559K,PLAT,23,,,,1410
YE2559K,PLAT,LG,,,,1090
YE4266L,09,MT,,,,225
YE4266L,09,12,,,,355
YE4266L,09,13,,,,350
YE4266L,09,14,,,,345
YE4266L,09,15,,,,340
YE4266L,09,16,,,,335
YE4266L,09,23,,,,335
YE4266L,09,LG,,,,270
YE4266L,14,MT,,,,400
YE4266L,14,12,,,,535
YE4266L,14,13,,,,525
YE4266L,14,14,,,,520
YE4266L,14,15,,,,520
YE4266L,14,16,,,,510
YE4266L,14,23,,,,510
YE4266L,14,LG,,,,445
YE4266L,18,MT,,,,585
YE4266L,18,12,,,,720
YE4266L,18,13,,,,710
YE4266L,18,14,,,,705
YE4266L,18,15,,,,705
YE4266L,18,16,,,,695
YE4266L,18,23,,,,695
YE4266L,18,LG,,,,630
YE4266L,PLAT,MT,,,,475
YE4266L,PLAT,12,,,,610
YE4266L,PLAT,13,,,,600
YE4266L,PLAT,14,,,,595
YE4266L,PLAT,15,,,,595
YE4266L,PLAT,16,,,,585
YE4266L,PLAT,23,,,,585
YE4266L,PLAT,LG,,,,520
YE4497A,09,MT,,,,170
YE4497A,09,12,,,,225
YE4497A,09,13,,,,220
YE4497A,09,14,,,,220
YE4497A,09,15,,,,220
YE4497A,09,16,,,,215
YE4497A,09,23,,,,215
YE4497A,09,LG,,,,190
YE4497A,14,MT,,,,300
YE4497A,14,12,,,,350
YE4497A,14,13,,,,350
YE4497A,14,14,,,,345
YE4497A,14,15,,,,345
YE4497A,14,16,,,,345
YE4497A,14,23,,,,345
YE4497A,14,LG,,,,320
YE4497A,18,MT,,,,435
YE4497A,18,12,,,,485
YE4497A,18,13,,,,485
YE4497A,18,14,,,,480
YE4497A,18,15,,,,480
YE4497A,18,16,,,,480
YE4497A,18,23,,,,480
YE4497A,18,LG,,,,455
YE4497A,PLAT,MT,,,,355
YE4497A,PLAT,12,,,,405
YE4497A,PLAT,13,,,,405
YE4497A,PLAT,14,,,,405
YE4497A,PLAT,15,,,,400
YE4497A,PLAT,16,,,,400
YE4497A,PLAT,23,,,,400
YE4497A,PLAT,LG,,,,375
YE6197Z,09,MT,,,,295
YE6197Z,09,12,,,,460
YE6197Z,09,13,,,,450
YE6197Z,09,14,,,,440
YE6197Z,09,15,,,,435
YE6197Z,09,16,,,,425
YE6197Z,09,23,,,,425
YE6197Z,09,LG,,,,365
YE6197Z,14,MT,,,,540
YE6197Z,14,12,,,,705
YE6197Z,14,13,,,,690
YE6197Z,14,14,,,,680
YE6197Z,14,15,,,,675
YE6197Z,14,16,,,,665
YE6197Z,14,23,,,,665
YE6197Z,14,LG,,,,605
YE6197Z,18,MT,,,,790
YE6197Z,18,12,,,,955
YE6197Z,18,13,,,,945
YE6197Z,18,14,,,,935
YE6197Z,18,15,,,,925
YE6197Z,18,16,,,,920
YE6197Z,18,23,,,,920
YE6197Z,18,LG,,,,860
YE6197Z,PLAT,MT,,,,645
YE6197Z,PLAT,12,,,,805
YE6197Z,PLAT,13,,,,795
YE6197Z,PLAT,14,,,,785
YE6197Z,PLAT,15,,,,780
YE6197Z,PLAT,16,,,,770
YE6197Z,PLAT,23,,,,770
YE6197Z,PLAT,LG,,,,710
YE6209D,09,MT,,,,210
YE6209D,09,12,,,,350
YE6209D,09,13,,,,345
YE6209D,09,14,,,,340
YE6209D,09,15,,,,335
YE6209D,09,16,,,,330
YE6209D,09,23,,,,330
YE6209D,09,LG,,,,270
YE6209D,14,MT,,,,380
YE6209D,14,12,,,,515
YE6209D,14,13,,,,510
YE6209D,14,14,,,,505
YE6209D,14,15,,,,505
YE6209D,14,16,,,,495
YE6209D,14,23,,,,495
YE6209D,14,LG,,,,435
YE6209D,18,MT,,,,550
YE6209D,18,12,,,,690
YE6209D,18,13,,,,685
YE6209D,18,14,,,,680
YE6209D,18,15,,,,675
YE6209D,18,16,,,,670
YE6209D,18,23,,,,670
YE6209D,18,LG,,,,605
YE6209D,PLAT,MT,,,,450
YE6209D,PLAT,12,,,,590
YE6209D,PLAT,13,,,,580
YE6209D,PLAT,14,,,,575
YE6209D,PLAT,15,,,,575
YE6209D,PLAT,16,,,,565
YE6209D,PLAT,23,,,,565
YE6209D,PLAT,LG,,,,505
YE6209F,09,MT,,,,325
YE6209F,09,12,,,,525
YE6209F,09,13,,,,510
YE6209F,09,14,,,,495
YE6209F,09,15,,,,490
YE6209F,09,16,,,,480
YE6209F,09,23,,,,480
YE6209F,09,LG,,,,400
YE6209F,14,MT,,,,595
YE6209F,14,12,,,,795
YE6209F,14,13,,,,775
YE6209F,14,14,,,,765
YE6209F,14,15,,,,755
YE6209F,14,16,,,,745
YE6209F,14,23,,,,745
YE6209F,14,LG,,,,670
YE6209F,18,MT,,,,875
YE6209F,18,12,,,,1075
YE6209F,18,13,,,,1055
YE6209F,18,14,,,,1045
YE6209F,18,15,,,,1035
YE6209F,18,16,,,,1025
YE6209F,18,23,,,,1025
YE6209F,18,LG,,,,950
YE6209F,PLAT,MT,,,,710
YE6209F,PLAT,12,,,,910
YE6209F,PLAT,13,,,,890
YE6209F,PLAT,14,,,,880
YE6209F,PLAT,15,,,,870
YE6209F,PLAT,16,,,,860
YE6209F,PLAT,23,,,,860
YE6209F,PLAT,LG,,,,785
YE6501X,09,MT,,,,75
YE6501X,09,12,,,,590
YE6501X,09,13,,,,550
YE6501X,09,14,,,,530
YE6501X,09,15,,,,530
YE6501X,09,16,,,,530
YE6501X,09,23,,,,530
YE6501X,09,LG,,,,160
YE6501X,14,MT,,,,120
YE6501X,14,12,,,,635
YE6501X,14,13,,,,595
YE6501X,14,14,,,,575
YE6501X,14,15,,,,575
YE6501X,14,16,,,,575
YE6501X,14,23,,,,575
YE6501X,14,LG,,,,205
YE6501X,18,MT,,,,165
YE6501X,18,12,,,,680
YE6501X,18,13,,,,640
YE6501X,18,14,,,,620
YE6501X,18,15,,,,620
YE6501X,18,16,,,,620
YE6501X,18,23,,,,620
YE6501X,18,LG,,,,250
YE6501X,PLAT,MT,,,,135
YE6501X,PLAT,12,,,,655
YE6501X,PLAT,13,,,,615
YE6501X,PLAT,14,,,,595
YE6501X,PLAT,15,,,,595
YE6501X,PLAT,16,,,,595
YE6501X,PLAT,23,,,,595
YE6501X,PLAT,LG,,,,225
YE6634M,09,MT,,,,195
YE6634M,09,12,,,,195
YE6634M,09,13,,,,195
YE6634M,09,14,,,,195
YE6634M,09,15,,,,195
YE6634M,09,16,,,,195
YE6634M,09,23,,,,195
YE6634M,09,LG,,,,195
YE6634M,14,MT,,,,340
YE6634M,14,12,,,,345
YE6634M,14,13,,,,345
YE6634M,14,14,,,,345
YE6634M,14,15,,,,345
YE6634M,14,16,,,,345
YE6634M,14,23,,,,345
YE6634M,14,LG,,,,345
YE6634M,18,MT,,,,495
YE6634M,18,12,,,,500
YE6634M,18,13,,,,500
YE6634M,18,14,,,,500
YE6634M,18,15,,,,500
YE6634M,18,16,,,,500
YE6634M,18,23,,,,500
YE6634M,18,LG,,,,500
YE6634M,PLAT,MT,,,,405
YE6634M,PLAT,12,,,,410
YE6634M,PLAT,13,,,,410
YE6634M,PLAT,14,,,,410
YE6634M,PLAT,15,,,,410
YE6634M,PLAT,16,,,,410
YE6634M,PLAT,23,,,,410
YE6634M,PLAT,LG,,,,410
YN6627X,09,MT,,,,170
YN6627X,09,12,,,,475
YN6627X,09,13,,,,450
YN6627X,09,14,,,,425
YN6627X,09,15,,,,415
YN6627X,09,16,,,,390
YN6627X,09,23,,,,385
YN6627X,09,LG,,,,220
YN6627X,14,MT,,,,300
YN6627X,14,12,,,,605
YN6627X,14,13,,,,580
YN6627X,14,14,,,,555
YN6627X,14,15,,,,545
YN6627X,14,16,,,,520
YN6627X,14,23,,,,515
YN6627X,14,LG,,,,350
YN6627X,18,MT,,,,440
YN6627X,18,12,,,,740
YN6627X,18,13,,,,720
YN6627X,18,14,,,,690
YN6627X,18,15,,,,680
YN6627X,18,16,,,,660
YN6627X,18,23,,,,650
YN6627X,18,LG,,,,490
YN6627X,PLAT,MT,,,,360
YN6627X,PLAT,12,,,,660
YN6627X,PLAT,13,,,,640
YN6627X,PLAT,14,,,,610
YN6627X,PLAT,15,,,,600
YN6627X,PLAT,16,,,,580
YN6627X,PLAT,23,,,,570
YN6627X,PLAT,LG,,,,410
YP3949E,09,MT,,,,70
YP3949E,09,12,,,,205
YP3949E,09,13,,,,195
YP3949E,09,14,,,,190
YP3949E,09,15,,,,185
YP3949E,09,16,,,,175
YP3949E,09,23,,,,175
YP3949E,09,LG,,,,120
YP3949E,14,MT,,,,115
YP3949E,14,12,,,,250
YP3949E,14,13,,,,240
YP3949E,14,14,,,,230
YP3949E,14,15,,,,225
YP3949E,14,16,,,,220
YP3949E,14,23,,,,220
YP3949E,14,LG,,,,160
YP3949E,18,MT,,,,155
YP3949E,18,12,,,,290
YP3949E,18,13,,,,280
YP3949E,18,14,,,,275
YP3949E,18,15,,,,270
YP3949E,18,16,,,,260
YP3949E,18,23,,,,260
YP3949E,18,LG,,,,205
YP3949E,PLAT,MT,,,,130
YP3949E,PLAT,12,,,,265
YP3949E,PLAT,13,,,,255
YP3949E,PLAT,14,,,,250
YP3949E,PLAT,15,,,,245
YP3949E,PLAT,16,,,,235
YP3949E,PLAT,23,,,,235
YP3949E,PLAT,LG,,,,180
YP4205S,09,MT,,,,120
YP4205S,09,12,,,,210
YP4205S,09,13,,,,200
YP4205S,09,14,,,,200
YP4205S,09,15,,,,200
YP4205S,09,16,,,,190
YP4205S,09,23,,,,190
YP4205S,09,LG,,,,150
YP4205S,14,MT,,,,200
YP4205S,14,12,,,,290
YP4205S,14,13,,,,285
YP4205S,14,14,,,,285
YP4205S,14,15,,,,280
YP4205S,14,16,,,,275
YP4205S,14,23,,,,275
YP4205S,14,LG,,,,235
YP4205S,18,MT,,,,290
YP4205S,18,12,,,,380
YP4205S,18,13,,,,375
YP4205S,18,14,,,,370
YP4205S,18,15,,,,370
YP4205S,18,16,,,,365
YP4205S,18,23,,,,365
YP4205S,18,LG,,,,320
YP4205S,PLAT,MT,,,,240
YP4205S,PLAT,12,,,,325
YP4205S,PLAT,13,,,,320
YP4205S,PLAT,14,,,,320
YP4205S,PLAT,15,,,,315
YP4205S,PLAT,16,,,,310
YP4205S,PLAT,23,,,,310
YP4205S,PLAT,LG,,,,270
YP4264S,09,MT,,,,95
YP4264S,09,12,,,,175
YP4264S,09,13,,,,170
YP4264S,09,14,,,,165
YP4264S,09,15,,,,165
YP4264S,09,16,,,,160
YP4264S,09,23,,,,160
YP4264S,09,LG,,,,125
YP4264S,14,MT,,,,155
YP4264S,14,12,,,,235
YP4264S,14,13,,,,230
YP4264S,14,14,,,,230
YP4264S,14,15,,,,225
YP4264S,14,16,,,,220
YP4264S,14,23,,,,220
YP4264S,14,LG,,,,185
YP4264S,18,MT,,,,220
YP4264S,18,12,,,,300
YP4264S,18,13,,,,295
YP4264S,18,14,,,,290
YP4264S,18,15,,,,290
YP4264S,18,16,,,,285
YP4264S,18,23,,,,285
YP4264S,18,LG,,,,250
YP4264S,PLAT,MT,,,,185
YP4264S,PLAT,12,,,,260
YP4264S,PLAT,13,,,,255
YP4264S,PLAT,14,,,,255
YP4264S,PLAT,15,,,,255
YP4264S,PLAT,16,,,,250
YP4264S,PLAT,23,,,,250
YP4264S,PLAT,LG,,,,215
YP4265S,09,MT,,,,120
YP4265S,09,12,,,,225
YP4265S,09,13,,,,220
YP4265S,09,14,,,,215
YP4265S,09,15,,,,215
YP4265S,09,16,,,,210
YP4265S,09,23,,,,210
YP4265S,09,LG,,,,160
YP4265S,14,MT,,,,205
YP4265S,14,12,,,,310
YP4265S,14,13,,,,305
YP4265S,14,14,,,,300
YP4265S,14,15,,,,300
YP4265S,14,16,,,,290
YP4265S,14,23,,,,290
YP4265S,14,LG,,,,240
YP4265S,18,MT,,,,295
YP4265S,18,12,,,,400
YP4265S,18,13,,,,390
YP4265S,18,14,,,,390
YP4265S,18,15,,,,385
YP4265S,18,16,,,,380
YP4265S,18,23,,,,380
YP4265S,18,LG,,,,330
YP4265S,PLAT,MT,,,,240
YP4265S,PLAT,12,,,,345
YP4265S,PLAT,13,,,,340
YP4265S,PLAT,14,,,,335
YP4265S,PLAT,15,,,,335
YP4265S,PLAT,16,,,,330
YP4265S,PLAT,23,,,,330
YP4265S,PLAT,LG,,,,280
YP4266S,09,MT,,,,110
YP4266S,09,12,,,,185
YP4266S,09,13,,,,180
YP4266S,09,14,,,,180
YP4266S,09,15,,,,175
YP4266S,09,16,,,,175
YP4266S,09,23,,,,175
YP4266S,09,LG,,,,135
YP4266S,14,MT,,,,180
YP4266S,14,12,,,,260
YP4266S,14,13,,,,255
YP4266S,14,14,,,,255
YP4266S,14,15,,,,250
YP4266S,14,16,,,,245
YP4266S,14,23,,,,245
YP4266S,14,LG,,,,210
YP4266S,18,MT,,,,260
YP4266S,18,12,,,,335
YP4266S,18,13,,,,330
YP4266S,18,14,,,,330
YP4266S,18,15,,,,330
YP4266S,18,16,,,,325
YP4266S,18,23,,,,325
YP4266S,18,LG,,,,285
YP4266S,PLAT,MT,,,,215
YP4266S,PLAT,12,,,,290
YP4266S,PLAT,13,,,,285
YP4266S,PLAT,14,,,,285
YP4266S,PLAT,15,,,,285
YP4266S,PLAT,16,,,,280
YP4266S,PLAT,23,,,,280
YP4266S,PLAT,LG,,,,240
YP4491E,09,MT,,,,50
YP4491E,09,12,,,,200
YP4491E,09,13,,,,190
YP4491E,09,14,,,,175
YP4491E,09,15,,,,170
YP4491E,09,16,,,,160
YP4491E,09,23,,,,160
YP4491E,09,LG,,,,75
YP4491E,14,MT,,,,75
YP4491E,14,12,,,,220
YP4491E,14,13,,,,215
YP4491E,14,14,,,,200
YP4491E,14,15,,,,195
YP4491E,14,16,,,,185
YP4491E,14,23,,,,185
YP4491E,14,LG,,,,100
YP4491E,18,MT,,,,100
YP4491E,18,12,,,,245
YP4491E,18,13,,,,235
YP4491E,18,14,,,,225
YP4491E,18,15,,,,220
YP4491E,18,16,,,,205
YP4491E,18,23,,,,205
YP4491E,18,LG,,,,120
YP4491E,PLAT,MT,,,,85
YP4491E,PLAT,12,,,,230
YP4491E,PLAT,13,,,,225
YP4491E,PLAT,14,,,,210
YP4491E,PLAT,15,,,,205
YP4491E,PLAT,16,,,,195
YP4491E,PLAT,23,,,,195
YP4491E,PLAT,LG,,,,110
YP5254C,09,MT,,,,195
YP5254C,09,12,,,,280
YP5254C,09,13,,,,270
YP5254C,09,14,,,,265
YP5254C,09,15,,,,265
YP5254C,09,16,,,,260
YP5254C,09,23,,,,255
YP5254C,09,LG,,,,220
YP5254C,14,MT,,,,345
YP5254C,14,12,,,,430
YP5254C,14,13,,,,420
YP5254C,14,14,,,,415
YP5254C,14,15,,,,415
YP5254C,14,16,,,,410
YP5254C,14,23,,,,405
YP5254C,14,LG,,,,370
YP5254C,18,MT,,,,505
YP5254C,18,12,,,,590
YP5254C,18,13,,,,580
YP5254C,18,14,,,,575
YP5254C,18,15,,,,575
YP5254C,18,16,,,,570
YP5254C,18,23,,,,565
YP5254C,18,LG,,,,530
YP5254C,PLAT,MT,,,,410
YP5254C,PLAT,12,,,,495
YP5254C,PLAT,13,,,,485
YP5254C,PLAT,14,,,,480
YP5254C,PLAT,15,,,,480
YP5254C,PLAT,16,,,,475
YP5254C,PLAT,23,,,,470
YP5254C,PLAT,LG,,,,435
ZE10011H,09,MT,,,,250
ZE10011H,09,12,,,,580
ZE10011H,09,13,,,,550
ZE10011H,09,14,,,,525
ZE10011H,09,15,,,,515
ZE10011H,09,16,,,,495
ZE10011H,09,23,,,,495
ZE10011H,09,LG,,,,360
ZE10011H,14,MT,,,,445
ZE10011H,14,12,,,,775
ZE10011H,14,13,,,,745
ZE10011H,14,14,,,,725
ZE10011H,14,15,,,,715
ZE10011H,14,16,,,,695
ZE10011H,14,23,,,,695
ZE10011H,14,LG,,,,555
ZE10011H,18,MT,,,,650
ZE10011H,18,12,,,,985
ZE10011H,18,13,,,,950
ZE10011H,18,14,,,,930
ZE10011H,18,15,,,,920
ZE10011H,18,16,,,,900
ZE10011H,18,23,,,,900
ZE10011H,18,LG,,,,765
ZE10011H,PLAT,MT,,,,530
ZE10011H,PLAT,12,,,,860
ZE10011H,PLAT,13,,,,830
ZE10011H,PLAT,14,,,,810
ZE10011H,PLAT,15,,,,800
ZE10011H,PLAT,16,,,,780
ZE10011H,PLAT,23,,,,780
ZE10011H,PLAT,LG,,,,640
ZE10816H,09,MT,,,,280
ZE10816H,09,12,,,,650
ZE10816H,09,13,,,,615
ZE10816H,09,14,,,,590
ZE10816H,09,15,,,,575
ZE10816H,09,16,,,,555
ZE10816H,09,23,,,,555
ZE10816H,09,LG,,,,400
ZE10816H,14,MT,,,,505
ZE10816H,14,12,,,,875
ZE10816H,14,13,,,,840
ZE10816H,14,14,,,,815
ZE10816H,14,15,,,,800
ZE10816H,14,16,,,,780
ZE10816H,14,23,,,,780
ZE10816H,14,LG,,,,625
ZE10816H,18,MT,,,,740
ZE10816H,18,12,,,,1110
ZE10816H,18,13,,,,1075
ZE10816H,18,14,,,,1050
ZE10816H,18,15,,,,1035
ZE10816H,18,16,,,,1015
ZE10816H,18,23,,,,1015
ZE10816H,18,LG,,,,860
ZE10816H,PLAT,MT,,,,600
ZE10816H,PLAT,12,,,,975
ZE10816H,PLAT,13,,,,940
ZE10816H,PLAT,14,,,,915
ZE10816H,PLAT,15,,,,900
ZE10816H,PLAT,16,,,,880
ZE10816H,PLAT,23,,,,880
ZE10816H,PLAT,LG,,,,725
ZE2330L,09,MT,,,,380
ZE2330L,09,12,,,,1425
ZE2330L,09,13,,,,1335
ZE2330L,09,14,,,,1265
ZE2330L,09,15,,,,1240
ZE2330L,09,16,,,,1175
ZE2330L,09,23,,,,1150
ZE2330L,09,LG,,,,565
ZE2330L,14,MT,,,,695
ZE2330L,14,12,,,,1740
ZE2330L,14,13,,,,1650
ZE2330L,14,14,,,,1580
ZE2330L,14,15,,,,1555
ZE2330L,14,16,,,,1490
ZE2330L,14,23,,,,1465
ZE2330L,14,LG,,,,880
ZE2330L,18,MT,,,,1025
ZE2330L,18,12,,,,2070
ZE2330L,18,13,,,,1980
ZE2330L,18,14,,,,1910
ZE2330L,18,15,,,,1885
ZE2330L,18,16,,,,1815
ZE2330L,18,23,,,,1795
ZE2330L,18,LG,,,,1210
ZE2330L,PLAT,MT,,,,830
ZE2330L,PLAT,12,,,,1875
ZE2330L,PLAT,13,,,,1785
ZE2330L,PLAT,14,,,,1715
ZE2330L,PLAT,15,,,,1695
ZE2330L,PLAT,16,,,,1625
ZE2330L,PLAT,23,,,,1600
ZE2330L,PLAT,LG,,,,1015
ZE3717S,09,MT,,,,135
ZE3717S,09,12,,,,1150
ZE3717S,09,13,,,,1140
ZE3717S,09,14,,,,930
ZE3717S,09,15,,,,925
ZE3717S,09,16,,,,915
ZE3717S,09,23,,,,915
ZE3717S,09,LG,,,,290
ZE3717S,14,MT,,,,235
ZE3717S,14,12,,,,1250
ZE3717S,14,13,,,,1235
ZE3717S,14,14,,,,1025
ZE3717S,14,15,,,,1025
ZE3717S,14,16,,,,1015
ZE3717S,14,23,,,,1015
ZE3717S,14,LG,,,,390
ZE3717S,18,MT,,,,340
ZE3717S,18,12,,,,1355
ZE3717S,18,13,,,,1340
ZE3717S,18,14,,,,1130
ZE3717S,18,15,,,,1125
ZE3717S,18,16,,,,1115
ZE3717S,18,23,,,,1115
ZE3717S,18,LG,,,,495
ZE3717S,PLAT,MT,,,,280
ZE3717S,PLAT,12,,,,1295
ZE3717S,PLAT,13,,,,1280
ZE3717S,PLAT,14,,,,1070
ZE3717S,PLAT,15,,,,1065
ZE3717S,PLAT,16,,,,1055
ZE3717S,PLAT,23,,,,1055
ZE3717S,PLAT,LG,,,,435
ZR0291HE,09,MT,,,,305
ZR0291HE,09,12,,,,815
ZR0291HE,09,13,,,,790
ZR0291HE,09,14,,,,815
ZR0291HE,09,15,,,,805
ZR0291HE,09,16,,,,785
ZR0291HE,09,23,,,,785
ZR0291HE,09,LG,,,,445
ZR0291HE,14,MT,,,,550
ZR0291HE,14,12,,,,1065
ZR0291HE,14,13,,,,1040
ZR0291HE,14,14,,,,1060
ZR0291HE,14,15,,,,1050
ZR0291HE,14,16,,,,1035
ZR0291HE,14,23,,,,1035
ZR0291HE,14,LG,,,,695
ZR0291HE,18,MT,,,,810
ZR0291HE,18,12,,,,1320
ZR0291HE,18,13,,,,1295
ZR0291HE,18,14,,,,1320
ZR0291HE,18,15,,,,1310
ZR0291HE,18,16,,,,1290
ZR0291HE,18,23,,,,1290
ZR0291HE,18,LG,,,,950
ZR0291HE,PLAT,MT,,,,655
ZR0291HE,PLAT,12,,,,1170
ZR0291HE,PLAT,13,,,,1145
ZR0291HE,PLAT,14,,,,1165
ZR0291HE,PLAT,15,,,,1160
ZR0291HE,PLAT,16,,,,1140
ZR0291HE,PLAT,23,,,,1140
ZR0291HE,PLAT,LG,,,,800
ZR0297ME,09,MT,,,,415
ZR0297ME,09,12,,,,790
ZR0297ME,09,13,,,,760
ZR0297ME,09,14,,,,730
ZR0297ME,09,15,,,,720
ZR0297ME,09,16,,,,700
ZR0297ME,09,23,,,,680
ZR0297ME,09,LG,,,,500
ZR0297ME,14,MT,,,,760
ZR0297ME,14,12,,,,1135
ZR0297ME,14,13,,,,1105
ZR0297ME,14,14,,,,1080
ZR0297ME,14,15,,,,1070
ZR0297ME,14,16,,,,1045
ZR0297ME,14,23,,,,1030
ZR0297ME,14,LG,,,,845
ZR0297ME,18,MT,,,,1125
ZR0297ME,18,12,,,,1500
ZR0297ME,18,13,,,,1465
ZR0297ME,18,14,,,,1440
ZR0297ME,18,15,,,,1430
ZR0297ME,18,16,,,,1410
ZR0297ME,18,23,,,,1390
ZR0297ME,18,LG,,,,1210
ZR0297ME,PLAT,MT,,,,910
ZR0297ME,PLAT,12,,,,1285
ZR0297ME,PLAT,13,,,,1255
ZR0297ME,PLAT,14,,,,1225
ZR0297ME,PLAT,15,,,,1215
ZR0297ME,PLAT,16,,,,1195
ZR0297ME,PLAT,23,,,,1175
ZR0297ME,PLAT,LG,,,,995
ZR0857GLB,09,MT,,,,275
ZR0857GLB,09,12,,,,580
ZR0857GLB,09,13,,,,550
ZR0857GLB,09,14,,,,530
ZR0857GLB,09,15,,,,525
ZR0857GLB,09,16,,,,505
ZR0857GLB,09,23,,,,495
ZR0857GLB,09,LG,,,,340
ZR0857GLB,14,MT,,,,500
ZR0857GLB,14,12,,,,800
ZR0857GLB,14,13,,,,775
ZR0857GLB,14,14,,,,755
ZR0857GLB,14,15,,,,750
ZR0857GLB,14,16,,,,730
ZR0857GLB,14,23,,,,720
ZR0857GLB,14,LG,,,,565
ZR0857GLB,18,MT,,,,735
ZR0857GLB,18,12,,,,1035
ZR0857GLB,18,13,,,,1010
ZR0857GLB,18,14,,,,990
ZR0857GLB,18,15,,,,985
ZR0857GLB,18,16,,,,965
ZR0857GLB,18,23,,,,950
ZR0857GLB,18,LG,,,,800
ZR0857GLB,PLAT,MT,,,,600
ZR0857GLB,PLAT,12,,,,900
ZR0857GLB,PLAT,13,,,,875
ZR0857GLB,PLAT,14,,,,850
ZR0857GLB,PLAT,15,,,,845
ZR0857GLB,PLAT,16,,,,825
ZR0857GLB,PLAT,23,,,,815
ZR0857GLB,PLAT,LG,,,,660
ZR1074F,09,MT,,,,150
ZR1074F,09,12,,,,420
ZR1074F,09,13,,,,415
ZR1074F,09,14,,,,410
ZR1074F,09,15,,,,410
ZR1074F,09,16,,,,405
ZR1074F,09,23,,,,405
ZR1074F,09,LG,,,,230
ZR1074F,14,MT,,,,260
ZR1074F,14,12,,,,530
ZR1074F,14,13,,,,525
ZR1074F,14,14,,,,520
ZR1074F,14,15,,,,520
ZR1074F,14,16,,,,515
ZR1074F,14,23,,,,515
ZR1074F,14,LG,,,,340
ZR1074F,18,MT,,,,375
ZR1074F,18,12,,,,645
ZR1074F,18,13,,,,640
ZR1074F,18,14,,,,640
ZR1074F,18,15,,,,635
ZR1074F,18,16,,,,630
ZR1074F,18,23,,,,630
ZR1074F,18,LG,,,,455
ZR1074F,PLAT,MT,,,,310
ZR1074F,PLAT,12,,,,580
ZR1074F,PLAT,13,,,,575
ZR1074F,PLAT,14,,,,570
ZR1074F,PLAT,15,,,,570
ZR1074F,PLAT,16,,,,560
ZR1074F,PLAT,23,,,,560
ZR1074F,PLAT,LG,,,,390
ZR10819SA,09,MT,,,,205
ZR10819SA,09,12,,,,1290
ZR10819SA,09,13,,,,1285
ZR10819SA,09,14,,,,1280
ZR10819SA,09,15,,,,1280
ZR10819SA,09,16,,,,1275
ZR10819SA,09,23,,,,1275
ZR10819SA,09,LG,,,,380
ZR10819SA,14,MT,,,,365
ZR10819SA,14,12,,,,1450
ZR10819SA,14,13,,,,1445
ZR10819SA,14,14,,,,1440
ZR10819SA,14,15,,,,1440
ZR10819SA,14,16,,,,1435
ZR10819SA,14,23,,,,1435
ZR10819SA,14,LG,,,,540
ZR10819SA,18,MT,,,,535
ZR10819SA,18,12,,,,1620
ZR10819SA,18,13,,,,1610
ZR10819SA,18,14,,,,1610
ZR10819SA,18,15,,,,1605
ZR10819SA,18,16,,,,1600
ZR10819SA,18,23,,,,1600
ZR10819SA,18,LG,,,,705
ZR10819SA,PLAT,MT,,,,435
ZR10819SA,PLAT,12,,,,1520
ZR10819SA,PLAT,13,,,,1515
ZR10819SA,PLAT,14,,,,1510
ZR10819SA,PLAT,15,,,,1505
ZR10819SA,PLAT,16,,,,1500
ZR10819SA,PLAT,23,,,,1500
ZR10819SA,PLAT,LG,,,,610
ZR10820S,09,MT,,,,200
ZR10820S,09,12,,,,1120
ZR10820S,09,13,,,,1115
ZR10820S,09,14,,,,1110
ZR10820S,09,15,,,,1110
ZR10820S,09,16,,,,1110
ZR10820S,09,23,,,,1110
ZR10820S,09,LG,,,,355
ZR10820S,14,MT,,,,360
ZR10820S,14,12,,,,1275
ZR10820S,14,13,,,,1270
ZR10820S,14,14,,,,1270
ZR10820S,14,15,,,,1270
ZR10820S,14,16,,,,1265
ZR10820S,14,23,,,,1265
ZR10820S,14,LG,,,,510
ZR10820S,18,MT,,,,525
ZR10820S,18,12,,,,1440
ZR10820S,18,13,,,,1435
ZR10820S,18,14,,,,1435
ZR10820S,18,15,,,,1435
ZR10820S,18,16,,,,1430
ZR10820S,18,23,,,,1430
ZR10820S,18,LG,,,,675
ZR10820S,PLAT,MT,,,,425
ZR10820S,PLAT,12,,,,1345
ZR10820S,PLAT,13,,,,1340
ZR10820S,PLAT,14,,,,1335
ZR10820S,PLAT,15,,,,1335
ZR10820S,PLAT,16,,,,1335
ZR10820S,PLAT,23,,,,1335
ZR10820S,PLAT,LG,,,,580
ZR1565GE,09,MT,,,,200
ZR1565GE,09,12,,,,340
ZR1565GE,09,13,,,,330
ZR1565GE,09,14,,,,325
ZR1565GE,09,15,,,,325
ZR1565GE,09,16,,,,315
ZR1565GE,09,23,,,,315
ZR1565GE,09,LG,,,,255
ZR1565GE,14,MT,,,,355
ZR1565GE,14,12,,,,495
ZR1565GE,14,13,,,,485
ZR1565GE,14,14,,,,480
ZR1565GE,14,15,,,,480
ZR1565GE,14,16,,,,470
ZR1565GE,14,23,,,,470
ZR1565GE,14,LG,,,,410
ZR1565GE,18,MT,,,,520
ZR1565GE,18,12,,,,660
ZR1565GE,18,13,,,,650
ZR1565GE,18,14,,,,645
ZR1565GE,18,15,,,,645
ZR1565GE,18,16,,,,635
ZR1565GE,18,23,,,,635
ZR1565GE,18,LG,,,,575
ZR1565GE,PLAT,MT,,,,425
ZR1565GE,PLAT,12,,,,560
ZR1565GE,PLAT,13,,,,555
ZR1565GE,PLAT,14,,,,550
ZR1565GE,PLAT,15,,,,545
ZR1565GE,PLAT,16,,,,540
ZR1565GE,PLAT,23,,,,540
ZR1565GE,PLAT,LG,,,,480
ZR1600JL2,09,MT,,,,125
ZR1600JL2,09,12,,,,240
ZR1600JL2,09,13,,,,225
ZR1600JL2,09,14,,,,220
ZR1600JL2,09,15,,,,215
ZR1600JL2,09,16,,,,210
ZR1600JL2,09,23,,,,210
ZR1600JL2,09,LG,,,,160
ZR1600JL2,14,MT,,,,210
ZR1600JL2,14,12,,,,325
ZR1600JL2,14,13,,,,315
ZR1600JL2,14,14,,,,305
ZR1600JL2,14,15,,,,305
ZR1600JL2,14,16,,,,295
ZR1600JL2,14,23,,,,295
ZR1600JL2,14,LG,,,,250
ZR1600JL2,18,MT,,,,300
ZR1600JL2,18,12,,,,415
ZR1600JL2,18,13,,,,405
ZR1600JL2,18,14,,,,400
ZR1600JL2,18,15,,,,395
ZR1600JL2,18,16,,,,390
ZR1600JL2,18,23,,,,390
ZR1600JL2,18,LG,,,,340
ZR1600JL2,PLAT,MT,,,,250
ZR1600JL2,PLAT,12,,,,365
ZR1600JL2,PLAT,13,,,,350
ZR1600JL2,PLAT,14,,,,345
ZR1600JL2,PLAT,15,,,,340
ZR1600JL2,PLAT,16,,,,335
ZR1600JL2,PLAT,23,,,,335
ZR1600JL2,PLAT,LG,,,,285
ZR1684GE,09,MT,,,,260
ZR1684GE,09,12,,,,500
ZR1684GE,09,13,,,,480
ZR1684GE,09,14,,,,465
ZR1684GE,09,15,,,,460
ZR1684GE,09,16,,,,450
ZR1684GE,09,23,,,,450
ZR1684GE,09,LG,,,,340
ZR1684GE,14,MT,,,,465
ZR1684GE,14,12,,,,705
ZR1684GE,14,13,,,,685
ZR1684GE,14,14,,,,675
ZR1684GE,14,15,,,,665
ZR1684GE,14,16,,,,655
ZR1684GE,14,23,,,,655
ZR1684GE,14,LG,,,,545
ZR1684GE,18,MT,,,,680
ZR1684GE,18,12,,,,920
ZR1684GE,18,13,,,,900
ZR1684GE,18,14,,,,890
ZR1684GE,18,15,,,,880
ZR1684GE,18,16,,,,870
ZR1684GE,18,23,,,,870
ZR1684GE,18,LG,,,,760
ZR1684GE,PLAT,MT,,,,555
ZR1684GE,PLAT,12,,,,795
ZR1684GE,PLAT,13,,,,775
ZR1684GE,PLAT,14,,,,760
ZR1684GE,PLAT,15,,,,755
ZR1684GE,PLAT,16,,,,745
ZR1684GE,PLAT,23,,,,745
ZR1684GE,PLAT,LG,,,,635
ZR1800H,09,MT,,,,205
ZR1800H,09,12,,,,1150
ZR1800H,09,13,,,,1150
ZR1800H,09,14,,,,1055
ZR1800H,09,15,,,,1055
ZR1800H,09,16,,,,1055
ZR1800H,09,23,,,,1055
ZR1800H,09,LG,,,,345
ZR1800H,14,MT,,,,365
ZR1800H,14,12,,,,1310
ZR1800H,14,13,,,,1310
ZR1800H,14,14,,,,1215
ZR1800H,14,15,,,,1215
ZR1800H,14,16,,,,1215
ZR1800H,14,23,,,,1215
ZR1800H,14,LG,,,,505
ZR1800H,18,MT,,,,535
ZR1800H,18,12,,,,1480
ZR1800H,18,13,,,,1480
ZR1800H,18,14,,,,1380
ZR1800H,18,15,,,,1380
ZR1800H,18,16,,,,1380
ZR1800H,18,23,,,,1380
ZR1800H,18,LG,,,,670
ZR1800H,PLAT,MT,,,,435
ZR1800H,PLAT,12,,,,1380
ZR1800H,PLAT,13,,,,1380
ZR1800H,PLAT,14,,,,1285
ZR1800H,PLAT,15,,,,1285
ZR1800H,PLAT,16,,,,1285
ZR1800H,PLAT,23,,,,1285
ZR1800H,PLAT,LG,,,,570
ZR1853JE,09,MT,,,,250
ZR1853JE,09,12,,,,625
ZR1853JE,09,13,,,,595
ZR1853JE,09,14,,,,570
ZR1853JE,09,15,,,,560
ZR1853JE,09,16,,,,535
ZR1853JE,09,23,,,,530
ZR1853JE,09,LG,,,,350
ZR1853JE,14,MT,,,,450
ZR1853JE,14,12,,,,830
ZR1853JE,14,13,,,,795
ZR1853JE,14,14,,,,770
ZR1853JE,14,15,,,,760
ZR1853JE,14,16,,,,735
ZR1853JE,14,23,,,,730
ZR1853JE,14,LG,,,,550
ZR1853JE,18,MT,,,,660
ZR1853JE,18,12,,,,1040
ZR1853JE,18,13,,,,1005
ZR1853JE,18,14,,,,980
ZR1853JE,18,15,,,,970
ZR1853JE,18,16,,,,945
ZR1853JE,18,23,,,,940
ZR1853JE,18,LG,,,,760
ZR1853JE,PLAT,MT,,,,540
ZR1853JE,PLAT,12,,,,915
ZR1853JE,PLAT,13,,,,880
ZR1853JE,PLAT,14,,,,855
ZR1853JE,PLAT,15,,,,845
ZR1853JE,PLAT,16,,,,820
ZR1853JE,PLAT,23,,,,820
ZR1853JE,PLAT,LG,,,,635
ZR2091SE,09,MT,,,,370
ZR2091SE,09,12,,,,1060
ZR2091SE,09,13,,,,1040
ZR2091SE,09,14,,,,990
ZR2091SE,09,15,,,,985
ZR2091SE,09,16,,,,970
ZR2091SE,09,23,,,,970
ZR2091SE,09,LG,,,,555
ZR2091SE,14,MT,,,,675
ZR2091SE,14,12,,,,1365
ZR2091SE,14,13,,,,1345
ZR2091SE,14,14,,,,1295
ZR2091SE,14,15,,,,1290
ZR2091SE,14,16,,,,1275
ZR2091SE,14,23,,,,1275
ZR2091SE,14,LG,,,,865
ZR2091SE,18,MT,,,,995
ZR2091SE,18,12,,,,1685
ZR2091SE,18,13,,,,1665
ZR2091SE,18,14,,,,1615
ZR2091SE,18,15,,,,1610
ZR2091SE,18,16,,,,1595
ZR2091SE,18,23,,,,1595
ZR2091SE,18,LG,,,,1180
ZR2091SE,PLAT,MT,,,,805
ZR2091SE,PLAT,12,,,,1500
ZR2091SE,PLAT,13,,,,1475
ZR2091SE,PLAT,14,,,,1430
ZR2091SE,PLAT,15,,,,1420
ZR2091SE,PLAT,16,,,,1405
ZR2091SE,PLAT,23,,,,1405
ZR2091SE,PLAT,LG,,,,995
ZR2092SE,09,MT,,,,380
ZR2092SE,09,12,,,,1035
ZR2092SE,09,13,,,,990
ZR2092SE,09,14,,,,970
ZR2092SE,09,15,,,,960
ZR2092SE,09,16,,,,945
ZR2092SE,09,23,,,,940
ZR2092SE,09,LG,,,,570
ZR2092SE,14,MT,,,,690
ZR2092SE,14,12,,,,1345
ZR2092SE,14,13,,,,1305
ZR2092SE,14,14,,,,1280
ZR2092SE,14,15,,,,1275
ZR2092SE,14,16,,,,1260
ZR2092SE,14,23,,,,1255
ZR2092SE,14,LG,,,,880
ZR2092SE,18,MT,,,,1020
ZR2092SE,18,12,,,,1675
ZR2092SE,18,13,,,,1635
ZR2092SE,18,14,,,,1610
ZR2092SE,18,15,,,,1605
ZR2092SE,18,16,,,,1590
ZR2092SE,18,23,,,,1585
ZR2092SE,18,LG,,,,1210
ZR2092SE,PLAT,MT,,,,830
ZR2092SE,PLAT,12,,,,1485
ZR2092SE,PLAT,13,,,,1440
ZR2092SE,PLAT,14,,,,1415
ZR2092SE,PLAT,15,,,,1410
ZR2092SE,PLAT,16,,,,1395
ZR2092SE,PLAT,23,,,,1390
ZR2092SE,PLAT,LG,,,,1015
ZR2113HE,09,MT,,,,180
ZR2113HE,09,12,,,,490
ZR2113HE,09,13,,,,465
ZR2113HE,09,14,,,,440
ZR2113HE,09,15,,,,430
ZR2113HE,09,16,,,,415
ZR2113HE,09,23,,,,410
ZR2113HE,09,LG,,,,265
ZR2113HE,14,MT,,,,320
ZR2113HE,14,12,,,,630
ZR2113HE,14,13,,,,605
ZR2113HE,14,14,,,,580
ZR2113HE,14,15,,,,570
ZR2113HE,14,16,,,,555
ZR2113HE,14,23,,,,550
ZR2113HE,14,LG,,,,405
ZR2113HE,18,MT,,,,470
ZR2113HE,18,12,,,,775
ZR2113HE,18,13,,,,750
ZR2113HE,18,14,,,,730
ZR2113HE,18,15,,,,715
ZR2113HE,18,16,,,,700
ZR2113HE,18,23,,,,695
ZR2113HE,18,LG,,,,555
ZR2113HE,PLAT,MT,,,,380
ZR2113HE,PLAT,12,,,,690
ZR2113HE,PLAT,13,,,,665
ZR2113HE,PLAT,14,,,,640
ZR2113HE,PLAT,15,,,,630
ZR2113HE,PLAT,16,,,,615
ZR2113HE,PLAT,23,,,,610
ZR2113HE,PLAT,LG,,,,465
ZR3012EL,09,MT,,,,165
ZR3012EL,09,12,,,,305
ZR3012EL,09,13,,,,300
ZR3012EL,09,14,,,,290
ZR3012EL,09,15,,,,285
ZR3012EL,09,16,,,,280
ZR3012EL,09,23,,,,280
ZR3012EL,09,LG,,,,205
ZR3012EL,14,MT,,,,290
ZR3012EL,14,12,,,,430
ZR3012EL,14,13,,,,425
ZR3012EL,14,14,,,,415
ZR3012EL,14,15,,,,410
ZR3012EL,14,16,,,,405
ZR3012EL,14,23,,,,400
ZR3012EL,14,LG,,,,330
ZR3012EL,18,MT,,,,415
ZR3012EL,18,12,,,,560
ZR3012EL,18,13,,,,550
ZR3012EL,18,14,,,,540
ZR3012EL,18,15,,,,540
ZR3012EL,18,16,,,,535
ZR3012EL,18,23,,,,530
ZR3012EL,18,LG,,,,460
ZR3012EL,PLAT,MT,,,,340
ZR3012EL,PLAT,12,,,,485
ZR3012EL,PLAT,13,,,,475
ZR3012EL,PLAT,14,,,,465
ZR3012EL,PLAT,15,,,,465
ZR3012EL,PLAT,16,,,,460
ZR3012EL,PLAT,23,,,,455
ZR3012EL,PLAT,LG,,,,385
ZR3096EL,09,MT,,,,155
ZR3096EL,09,12,,,,285
ZR3096EL,09,13,,,,275
ZR3096EL,09,14,,,,265
ZR3096EL,09,15,,,,265
ZR3096EL,09,16,,,,255
ZR3096EL,09,23,,,,250
ZR3096EL,09,LG,,,,185
ZR3096EL,14,MT,,,,270
ZR3096EL,14,12,,,,400
ZR3096EL,14,13,,,,390
ZR3096EL,14,14,,,,380
ZR3096EL,14,15,,,,380
ZR3096EL,14,16,,,,370
ZR3096EL,14,23,,,,365
ZR3096EL,14,LG,,,,300
ZR3096EL,18,MT,,,,390
ZR3096EL,18,12,,,,525
ZR3096EL,18,13,,,,510
ZR3096EL,18,14,,,,500
ZR3096EL,18,15,,,,500
ZR3096EL,18,16,,,,490
ZR3096EL,18,23,,,,485
ZR3096EL,18,LG,,,,420
ZR3096EL,PLAT,MT,,,,320
ZR3096EL,PLAT,12,,,,450
ZR3096EL,PLAT,13,,,,440
ZR3096EL,PLAT,14,,,,430
ZR3096EL,PLAT,15,,,,430
ZR3096EL,PLAT,16,,,,420
ZR3096EL,PLAT,23,,,,415
ZR3096EL,PLAT,LG,,,,350
ZR3315M,09,MT,,,,240
ZR3315M,09,12,,,,1135
ZR3315M,09,13,,,,1135
ZR3315M,09,14,,,,1045
ZR3315M,09,15,,,,1045
ZR3315M,09,16,,,,1045
ZR3315M,09,23,,,,1045
ZR3315M,09,LG,,,,390
ZR3315M,14,MT,,,,435
ZR3315M,14,12,,,,1325
ZR3315M,14,13,,,,1325
ZR3315M,14,14,,,,1235
ZR3315M,14,15,,,,1235
ZR3315M,14,16,,,,1235
ZR3315M,14,23,,,,1235
ZR3315M,14,LG,,,,580
ZR3315M,18,MT,,,,635
ZR3315M,18,12,,,,1530
ZR3315M,18,13,,,,1530
ZR3315M,18,14,,,,1435
ZR3315M,18,15,,,,1435
ZR3315M,18,16,,,,1435
ZR3315M,18,23,,,,1435
ZR3315M,18,LG,,,,780
ZR3315M,PLAT,MT,,,,515
ZR3315M,PLAT,12,,,,1410
ZR3315M,PLAT,13,,,,1410
ZR3315M,PLAT,14,,,,1320
ZR3315M,PLAT,15,,,,1320
ZR3315M,PLAT,16,,,,1320
ZR3315M,PLAT,23,,,,1320
ZR3315M,PLAT,LG,,,,660
ZR3315UE,09,MT,,,,240
ZR3315UE,09,12,,,,1190
ZR3315UE,09,13,,,,1185
ZR3315UE,09,14,,,,1090
ZR3315UE,09,15,,,,1090
ZR3315UE,09,16,,,,1085
ZR3315UE,09,23,,,,1085
ZR3315UE,09,LG,,,,405
ZR3315UE,14,MT,,,,435
ZR3315UE,14,12,,,,1385
ZR3315UE,14,13,,,,1375
ZR3315UE,14,14,,,,1280
ZR3315UE,14,15,,,,1280
ZR3315UE,14,16,,,,1275
ZR3315UE,14,23,,,,1275
ZR3315UE,14,LG,,,,600
ZR3315UE,18,MT,,,,635
ZR3315UE,18,12,,,,1585
ZR3315UE,18,13,,,,1580
ZR3315UE,18,14,,,,1480
ZR3315UE,18,15,,,,1480
ZR3315UE,18,16,,,,1475
ZR3315UE,18,23,,,,1475
ZR3315UE,18,LG,,,,800
ZR3315UE,PLAT,MT,,,,515
ZR3315UE,PLAT,12,,,,1465
ZR3315UE,PLAT,13,,,,1460
ZR3315UE,PLAT,14,,,,1365
ZR3315UE,PLAT,15,,,,1365
ZR3315UE,PLAT,16,,,,1360
ZR3315UE,PLAT,23,,,,1360
ZR3315UE,PLAT,LG,,,,680
ZR3325SE,09,MT,,,,185
ZR3325SE,09,12,,,,300
ZR3325SE,09,13,,,,290
ZR3325SE,09,14,,,,285
ZR3325SE,09,15,,,,285
ZR3325SE,09,16,,,,280
ZR3325SE,09,23,,,,280
ZR3325SE,09,LG,,,,230
ZR3325SE,14,MT,,,,330
ZR3325SE,14,12,,,,445
ZR3325SE,14,13,,,,435
ZR3325SE,14,14,,,,430
ZR3325SE,14,15,,,,430
ZR3325SE,14,16,,,,420
ZR3325SE,14,23,,,,420
ZR3325SE,14,LG,,,,375
ZR3325SE,18,MT,,,,480
ZR3325SE,18,12,,,,595
ZR3325SE,18,13,,,,585
ZR3325SE,18,14,,,,580
ZR3325SE,18,15,,,,580
ZR3325SE,18,16,,,,570
ZR3325SE,18,23,,,,570
ZR3325SE,18,LG,,,,525
ZR3325SE,PLAT,MT,,,,395
ZR3325SE,PLAT,12,,,,505
ZR3325SE,PLAT,13,,,,500
ZR3325SE,PLAT,14,,,,495
ZR3325SE,PLAT,15,,,,490
ZR3325SE,PLAT,16,,,,485
ZR3325SE,PLAT,23,,,,485
ZR3325SE,PLAT,LG,,,,435
ZR3373YE,09,MT,,,,295
ZR3373YE,09,12,,,,430
ZR3373YE,09,13,,,,425
ZR3373YE,09,14,,,,420
ZR3373YE,09,15,,,,415
ZR3373YE,09,16,,,,410
ZR3373YE,09,23,,,,410
ZR3373YE,09,LG,,,,340
ZR3373YE,14,MT,,,,530
ZR3373YE,14,12,,,,670
ZR3373YE,14,13,,,,660
ZR3373YE,14,14,,,,660
ZR3373YE,14,15,,,,655
ZR3373YE,14,16,,,,645
ZR3373YE,14,23,,,,645
ZR3373YE,14,LG,,,,580
ZR3373YE,18,MT,,,,780
ZR3373YE,18,12,,,,920
ZR3373YE,18,13,,,,910
ZR3373YE,18,14,,,,905
ZR3373YE,18,15,,,,905
ZR3373YE,18,16,,,,895
ZR3373YE,18,23,,,,895
ZR3373YE,18,LG,,,,830
ZR3373YE,PLAT,MT,,,,635
ZR3373YE,PLAT,12,,,,775
ZR3373YE,PLAT,13,,,,765
ZR3373YE,PLAT,14,,,,760
ZR3373YE,PLAT,15,,,,755
ZR3373YE,PLAT,16,,,,750
ZR3373YE,PLAT,23,,,,750
ZR3373YE,PLAT,LG,,,,685
ZR3423LE,09,MT,,,,205
ZR3423LE,09,12,,,,675
ZR3423LE,09,13,,,,670
ZR3423LE,09,14,,,,740
ZR3423LE,09,15,,,,735
ZR3423LE,09,16,,,,730
ZR3423LE,09,23,,,,725
ZR3423LE,09,LG,,,,300
ZR3423LE,14,MT,,,,365
ZR3423LE,14,12,,,,835
ZR3423LE,14,13,,,,830
ZR3423LE,14,14,,,,900
ZR3423LE,14,15,,,,895
ZR3423LE,14,16,,,,890
ZR3423LE,14,23,,,,885
ZR3423LE,14,LG,,,,460
ZR3423LE,18,MT,,,,535
ZR3423LE,18,12,,,,1005
ZR3423LE,18,13,,,,995
ZR3423LE,18,14,,,,1065
ZR3423LE,18,15,,,,1060
ZR3423LE,18,16,,,,1055
ZR3423LE,18,23,,,,1055
ZR3423LE,18,LG,,,,625
ZR3423LE,PLAT,MT,,,,435
ZR3423LE,PLAT,12,,,,905
ZR3423LE,PLAT,13,,,,900
ZR3423LE,PLAT,14,,,,965
ZR3423LE,PLAT,15,,,,965
ZR3423LE,PLAT,16,,,,960
ZR3423LE,PLAT,23,,,,955
ZR3423LE,PLAT,LG,,,,525
ZR3424YE,09,MT,,,,155
ZR3424YE,09,12,,,,280
ZR3424YE,09,13,,,,275
ZR3424YE,09,14,,,,275
ZR3424YE,09,15,,,,270
ZR3424YE,09,16,,,,270
ZR3424YE,09,23,,,,270
ZR3424YE,09,LG,,,,195
ZR3424YE,14,MT,,,,270
ZR3424YE,14,12,,,,395
ZR3424YE,14,13,,,,390
ZR3424YE,14,14,,,,390
ZR3424YE,14,15,,,,385
ZR3424YE,14,16,,,,385
ZR3424YE,14,23,,,,385
ZR3424YE,14,LG,,,,310
ZR3424YE,18,MT,,,,395
ZR3424YE,18,12,,,,520
ZR3424YE,18,13,,,,515
ZR3424YE,18,14,,,,510
ZR3424YE,18,15,,,,510
ZR3424YE,18,16,,,,505
ZR3424YE,18,23,,,,505
ZR3424YE,18,LG,,,,435
ZR3424YE,PLAT,MT,,,,320
ZR3424YE,PLAT,12,,,,445
ZR3424YE,PLAT,13,,,,440
ZR3424YE,PLAT,14,,,,440
ZR3424YE,PLAT,15,,,,435
ZR3424YE,PLAT,16,,,,435
ZR3424YE,PLAT,23,,,,435
ZR3424YE,PLAT,LG,,,,360
ZR3424YL,09,MT,,,,135
ZR3424YL,09,12,,,,290
ZR3424YL,09,13,,,,285
ZR3424YL,09,14,,,,280
ZR3424YL,09,15,,,,280
ZR3424YL,09,16,,,,275
ZR3424YL,09,23,,,,275
ZR3424YL,09,LG,,,,175
ZR3424YL,14,MT,,,,230
ZR3424YL,14,12,,,,385
ZR3424YL,14,13,,,,380
ZR3424YL,14,14,,,,375
ZR3424YL,14,15,,,,375
ZR3424YL,14,16,,,,370
ZR3424YL,14,23,,,,370
ZR3424YL,14,LG,,,,275
ZR3424YL,18,MT,,,,330
ZR3424YL,18,12,,,,485
ZR3424YL,18,13,,,,480
ZR3424YL,18,14,,,,480
ZR3424YL,18,15,,,,475
ZR3424YL,18,16,,,,475
ZR3424YL,18,23,,,,475
ZR3424YL,18,LG,,,,375
ZR3424YL,PLAT,MT,,,,270
ZR3424YL,PLAT,12,,,,425
ZR3424YL,PLAT,13,,,,420
ZR3424YL,PLAT,14,,,,420
ZR3424YL,PLAT,15,,,,415
ZR3424YL,PLAT,16,,,,415
ZR3424YL,PLAT,23,,,,415
ZR3424YL,PLAT,LG,,,,315
ZR3425SE,09,MT,,,,155
ZR3425SE,09,12,,,,225
ZR3425SE,09,13,,,,220
ZR3425SE,09,14,,,,220
ZR3425SE,09,15,,,,220
ZR3425SE,09,16,,,,215
ZR3425SE,09,23,,,,215
ZR3425SE,09,LG,,,,175
ZR3425SE,14,MT,,,,265
ZR3425SE,14,12,,,,335
ZR3425SE,14,13,,,,335
ZR3425SE,14,14,,,,335
ZR3425SE,14,15,,,,330
ZR3425SE,14,16,,,,330
ZR3425SE,14,23,,,,330
ZR3425SE,14,LG,,,,290
ZR3425SE,18,MT,,,,385
ZR3425SE,18,12,,,,455
ZR3425SE,18,13,,,,450
ZR3425SE,18,14,,,,450
ZR3425SE,18,15,,,,450
ZR3425SE,18,16,,,,450
ZR3425SE,18,23,,,,450
ZR3425SE,18,LG,,,,405
ZR3425SE,PLAT,MT,,,,315
ZR3425SE,PLAT,12,,,,385
ZR3425SE,PLAT,13,,,,385
ZR3425SE,PLAT,14,,,,380
ZR3425SE,PLAT,15,,,,380
ZR3425SE,PLAT,16,,,,380
ZR3425SE,PLAT,23,,,,380
ZR3425SE,PLAT,LG,,,,335
ZR3425SL,09,MT,,,,110
ZR3425SL,09,12,,,,185
ZR3425SL,09,13,,,,185
ZR3425SL,09,14,,,,180
ZR3425SL,09,15,,,,180
ZR3425SL,09,16,,,,180
ZR3425SL,09,23,,,,180
ZR3425SL,09,LG,,,,135
ZR3425SL,14,MT,,,,185
ZR3425SL,14,12,,,,260
ZR3425SL,14,13,,,,260
ZR3425SL,14,14,,,,255
ZR3425SL,14,15,,,,255
ZR3425SL,14,16,,,,255
ZR3425SL,14,23,,,,255
ZR3425SL,14,LG,,,,210
ZR3425SL,18,MT,,,,265
ZR3425SL,18,12,,,,340
ZR3425SL,18,13,,,,335
ZR3425SL,18,14,,,,335
ZR3425SL,18,15,,,,335
ZR3425SL,18,16,,,,335
ZR3425SL,18,23,,,,335
ZR3425SL,18,LG,,,,290
ZR3425SL,PLAT,MT,,,,220
ZR3425SL,PLAT,12,,,,295
ZR3425SL,PLAT,13,,,,290
ZR3425SL,PLAT,14,,,,290
ZR3425SL,PLAT,15,,,,290
ZR3425SL,PLAT,16,,,,285
ZR3425SL,PLAT,23,,,,285
ZR3425SL,PLAT,LG,,,,240
ZR3558D,09,MT,,,,355
ZR3558D,09,12,,,,475
ZR3558D,09,13,,,,470
ZR3558D,09,14,,,,465
ZR3558D,09,15,,,,465
ZR3558D,09,16,,,,455
ZR3558D,09,23,,,,455
ZR3558D,09,LG,,,,395
ZR3558D,14,MT,,,,650
ZR3558D,14,12,,,,770
ZR3558D,14,13,,,,765
ZR3558D,14,14,,,,760
ZR3558D,14,15,,,,755
ZR3558D,14,16,,,,750
ZR3558D,14,23,,,,750
ZR3558D,14,LG,,,,690
ZR3558D,18,MT,,,,955
ZR3558D,18,12,,,,1080
ZR3558D,18,13,,,,1070
ZR3558D,18,14,,,,1065
ZR3558D,18,15,,,,1065
ZR3558D,18,16,,,,1055
ZR3558D,18,23,,,,1055
ZR3558D,18,LG,,,,1000
ZR3558D,PLAT,MT,,,,775
ZR3558D,PLAT,12,,,,895
ZR3558D,PLAT,13,,,,890
ZR3558D,PLAT,14,,,,885
ZR3558D,PLAT,15,,,,885
ZR3558D,PLAT,16,,,,875
ZR3558D,PLAT,23,,,,875
ZR3558D,PLAT,LG,,,,815
ZR3559F,09,MT,,,,345
ZR3559F,09,12,,,,545
ZR3559F,09,13,,,,525
ZR3559F,09,14,,,,510
ZR3559F,09,15,,,,505
ZR3559F,09,16,,,,495
ZR3559F,09,23,,,,495
ZR3559F,09,LG,,,,415
ZR3559F,14,MT,,,,630
ZR3559F,14,12,,,,825
ZR3559F,14,13,,,,810
ZR3559F,14,14,,,,795
ZR3559F,14,15,,,,790
ZR3559F,14,16,,,,780
ZR3559F,14,23,,,,780
ZR3559F,14,LG,,,,695
ZR3559F,18,MT,,,,930
ZR3559F,18,12,,,,1125
ZR3559F,18,13,,,,1105
ZR3559F,18,14,,,,1095
ZR3559F,18,15,,,,1085
ZR3559F,18,16,,,,1075
ZR3559F,18,23,,,,1075
ZR3559F,18,LG,,,,995
ZR3559F,PLAT,MT,,,,755
ZR3559F,PLAT,12,,,,950
ZR3559F,PLAT,13,,,,930
ZR3559F,PLAT,14,,,,920
ZR3559F,PLAT,15,,,,910
ZR3559F,PLAT,16,,,,900
ZR3559F,PLAT,23,,,,900
ZR3559F,PLAT,LG,,,,820
ZR3562F,09,MT,,,,295
ZR3562F,09,12,,,,480
ZR3562F,09,13,,,,465
ZR3562F,09,14,,,,450
ZR3562F,09,15,,,,445
ZR3562F,09,16,,,,435
ZR3562F,09,23,,,,435
ZR3562F,09,LG,,,,355
ZR3562F,14,MT,,,,540
ZR3562F,14,12,,,,725
ZR3562F,14,13,,,,705
ZR3562F,14,14,,,,695
ZR3562F,14,15,,,,685
ZR3562F,14,16,,,,675
ZR3562F,14,23,,,,675
ZR3562F,14,LG,,,,600
ZR3562F,18,MT,,,,790
ZR3562F,18,12,,,,975
ZR3562F,18,13,,,,960
ZR3562F,18,14,,,,945
ZR3562F,18,15,,,,940
ZR3562F,18,16,,,,930
ZR3562F,18,23,,,,930
ZR3562F,18,LG,,,,850
ZR3562F,PLAT,MT,,,,645
ZR3562F,PLAT,12,,,,825
ZR3562F,PLAT,13,,,,810
ZR3562F,PLAT,14,,,,795
ZR3562F,PLAT,15,,,,790
ZR3562F,PLAT,16,,,,780
ZR3562F,PLAT,23,,,,780
ZR3562F,PLAT,LG,,,,700
ZR3773GE,09,MT,,,,220
ZR3773GE,09,12,,,,580
ZR3773GE,09,13,,,,555
ZR3773GE,09,14,,,,520
ZR3773GE,09,15,,,,465
ZR3773GE,09,16,,,,450
ZR3773GE,09,23,,,,455
ZR3773GE,09,LG,,,,270
ZR3773GE,14,MT,,,,395
ZR3773GE,14,12,,,,755
ZR3773GE,14,13,,,,725
ZR3773GE,14,14,,,,695
ZR3773GE,14,15,,,,640
ZR3773GE,14,16,,,,620
ZR3773GE,14,23,,,,630
ZR3773GE,14,LG,,,,445
ZR3773GE,18,MT,,,,580
ZR3773GE,18,12,,,,940
ZR3773GE,18,13,,,,910
ZR3773GE,18,14,,,,875
ZR3773GE,18,15,,,,820
ZR3773GE,18,16,,,,805
ZR3773GE,18,23,,,,810
ZR3773GE,18,LG,,,,630
ZR3773GE,PLAT,MT,,,,470
ZR3773GE,PLAT,12,,,,830
ZR3773GE,PLAT,13,,,,805
ZR3773GE,PLAT,14,,,,770
ZR3773GE,PLAT,15,,,,715
ZR3773GE,PLAT,16,,,,695
ZR3773GE,PLAT,23,,,,705
ZR3773GE,PLAT,LG,,,,520
ZR3773GL,09,MT,,,,175
ZR3773GL,09,12,,,,235
ZR3773GL,09,13,,,,230
ZR3773GL,09,14,,,,230
ZR3773GL,09,15,,,,225
ZR3773GL,09,16,,,,225
ZR3773GL,09,23,,,,225
ZR3773GL,09,LG,,,,195
ZR3773GL,14,MT,,,,310
ZR3773GL,14,12,,,,370
ZR3773GL,14,13,,,,365
ZR3773GL,14,14,,,,360
ZR3773GL,14,15,,,,360
ZR3773GL,14,16,,,,355
ZR3773GL,14,23,,,,355
ZR3773GL,14,LG,,,,330
ZR3773GL,18,MT,,,,450
ZR3773GL,18,12,,,,510
ZR3773GL,18,13,,,,505
ZR3773GL,18,14,,,,500
ZR3773GL,18,15,,,,500
ZR3773GL,18,16,,,,495
ZR3773GL,18,23,,,,495
ZR3773GL,18,LG,,,,470
ZR3773GL,PLAT,MT,,,,365
ZR3773GL,PLAT,12,,,,430
ZR3773GL,PLAT,13,,,,425
ZR3773GL,PLAT,14,,,,420
ZR3773GL,PLAT,15,,,,415
ZR3773GL,PLAT,16,,,,415
ZR3773GL,PLAT,23,,,,415
ZR3773GL,PLAT,LG,,,,390
ZR4026LE,09,MT,,,,210
ZR4026LE,09,12,,,,480
ZR4026LE,09,13,,,,455
ZR4026LE,09,14,,,,425
ZR4026LE,09,15,,,,415
ZR4026LE,09,16,,,,395
ZR4026LE,09,23,,,,395
ZR4026LE,09,LG,,,,245
ZR4026LE,14,MT,,,,370
ZR4026LE,14,12,,,,645
ZR4026LE,14,13,,,,615
ZR4026LE,14,14,,,,585
ZR4026LE,14,15,,,,575
ZR4026LE,14,16,,,,555
ZR4026LE,14,23,,,,555
ZR4026LE,14,LG,,,,410
ZR4026LE,18,MT,,,,540
ZR4026LE,18,12,,,,815
ZR4026LE,18,13,,,,785
ZR4026LE,18,14,,,,755
ZR4026LE,18,15,,,,745
ZR4026LE,18,16,,,,725
ZR4026LE,18,23,,,,725
ZR4026LE,18,LG,,,,580
ZR4026LE,PLAT,MT,,,,440
ZR4026LE,PLAT,12,,,,715
ZR4026LE,PLAT,13,,,,685
ZR4026LE,PLAT,14,,,,655
ZR4026LE,PLAT,15,,,,645
ZR4026LE,PLAT,16,,,,625
ZR4026LE,PLAT,23,,,,625
ZR4026LE,PLAT,LG,,,,480
ZR5043X,09,MT,,,,180
ZR5043X,09,12,,,,640
ZR5043X,09,13,,,,640
ZR5043X,09,14,,,,640
ZR5043X,09,15,,,,640
ZR5043X,09,16,,,,640
ZR5043X,09,23,,,,640
ZR5043X,09,LG,,,,270
ZR5043X,14,MT,,,,315
ZR5043X,14,12,,,,775
ZR5043X,14,13,,,,775
ZR5043X,14,14,,,,775
ZR5043X,14,15,,,,775
ZR5043X,14,16,,,,775
ZR5043X,14,23,,,,775
ZR5043X,14,LG,,,,405
ZR5043X,18,MT,,,,460
ZR5043X,18,12,,,,920
ZR5043X,18,13,,,,920
ZR5043X,18,14,,,,920
ZR5043X,18,15,,,,920
ZR5043X,18,16,,,,920
ZR5043X,18,23,,,,920
ZR5043X,18,LG,,,,550
ZR5043X,PLAT,MT,,,,375
ZR5043X,PLAT,12,,,,835
ZR5043X,PLAT,13,,,,835
ZR5043X,PLAT,14,,,,835
ZR5043X,PLAT,15,,,,835
ZR5043X,PLAT,16,,,,835
ZR5043X,PLAT,23,,,,835
ZR5043X,PLAT,LG,,,,465
ZR5450XE,09,MT,,,,160
ZR5450XE,09,12,,,,590
ZR5450XE,09,13,,,,570
ZR5450XE,09,14,,,,530
ZR5450XE,09,15,,,,475
ZR5450XE,09,16,,,,460
ZR5450XE,09,23,,,,470
ZR5450XE,09,LG,,,,220
ZR5450XE,14,MT,,,,280
ZR5450XE,14,12,,,,710
ZR5450XE,14,13,,,,690
ZR5450XE,14,14,,,,650
ZR5450XE,14,15,,,,595
ZR5450XE,14,16,,,,580
ZR5450XE,14,23,,,,585
ZR5450XE,14,LG,,,,340
ZR5450XE,18,MT,,,,405
ZR5450XE,18,12,,,,835
ZR5450XE,18,13,,,,815
ZR5450XE,18,14,,,,775
ZR5450XE,18,15,,,,720
ZR5450XE,18,16,,,,705
ZR5450XE,18,23,,,,710
ZR5450XE,18,LG,,,,465
ZR5450XE,PLAT,MT,,,,330
ZR5450XE,PLAT,12,,,,760
ZR5450XE,PLAT,13,,,,740
ZR5450XE,PLAT,14,,,,700
ZR5450XE,PLAT,15,,,,645
ZR5450XE,PLAT,16,,,,630
ZR5450XE,PLAT,23,,,,640
ZR5450XE,PLAT,LG,,,,390
ZR5455FE,09,MT,,,,155
ZR5455FE,09,12,,,,530
ZR5455FE,09,13,,,,490
ZR5455FE,09,14,,,,455
ZR5455FE,09,15,,,,440
ZR5455FE,09,16,,,,420
ZR5455FE,09,23,,,,410
ZR5455FE,09,LG,,,,195
ZR5455FE,14,MT,,,,265
ZR5455FE,14,12,,,,640
ZR5455FE,14,13,,,,605
ZR5455FE,14,14,,,,565
ZR5455FE,14,15,,,,555
ZR5455FE,14,16,,,,535
ZR5455FE,14,23,,,,525
ZR5455FE,14,LG,,,,310
ZR5455FE,18,MT,,,,385
ZR5455FE,18,12,,,,760
ZR5455FE,18,13,,,,725
ZR5455FE,18,14,,,,685
ZR5455FE,18,15,,,,675
ZR5455FE,18,16,,,,650
ZR5455FE,18,23,,,,645
ZR5455FE,18,LG,,,,425
ZR5455FE,PLAT,MT,,,,315
ZR5455FE,PLAT,12,,,,690
ZR5455FE,PLAT,13,,,,655
ZR5455FE,PLAT,14,,,,615
ZR5455FE,PLAT,15,,,,605
ZR5455FE,PLAT,16,,,,580
ZR5455FE,PLAT,23,,,,575
ZR5455FE,PLAT,LG,,,,355
ZR6022HE,09,MT,,,,180
ZR6022HE,09,12,,,,340
ZR6022HE,09,13,,,,340
ZR6022HE,09,14,,,,325
ZR6022HE,09,15,,,,325
ZR6022HE,09,16,,,,325
ZR6022HE,09,23,,,,325
ZR6022HE,09,LG,,,,215
ZR6022HE,14,MT,,,,320
ZR6022HE,14,12,,,,480
ZR6022HE,14,13,,,,480
ZR6022HE,14,14,,,,465
ZR6022HE,14,15,,,,465
ZR6022HE,14,16,,,,465
ZR6022HE,14,23,,,,465
ZR6022HE,14,LG,,,,355
ZR6022HE,18,MT,,,,470
ZR6022HE,18,12,,,,625
ZR6022HE,18,13,,,,625
ZR6022HE,18,14,,,,615
ZR6022HE,18,15,,,,615
ZR6022HE,18,16,,,,615
ZR6022HE,18,23,,,,615
ZR6022HE,18,LG,,,,500
ZR6022HE,PLAT,MT,,,,380
ZR6022HE,PLAT,12,,,,540
ZR6022HE,PLAT,13,,,,540
ZR6022HE,PLAT,14,,,,525
ZR6022HE,PLAT,15,,,,525
ZR6022HE,PLAT,16,,,,525
ZR6022HE,PLAT,23,,,,525
ZR6022HE,PLAT,LG,,,,415
ZR6030XE,09,MT,,,,170
ZR6030XE,09,12,,,,660
ZR6030XE,09,13,,,,660
ZR6030XE,09,14,,,,715
ZR6030XE,09,15,,,,710
ZR6030XE,09,16,,,,710
ZR6030XE,09,23,,,,710
ZR6030XE,09,LG,,,,255
ZR6030XE,14,MT,,,,300
ZR6030XE,14,12,,,,790
ZR6030XE,14,13,,,,790
ZR6030XE,14,14,,,,840
ZR6030XE,14,15,,,,840
ZR6030XE,14,16,,,,840
ZR6030XE,14,23,,,,840
ZR6030XE,14,LG,,,,385
ZR6030XE,18,MT,,,,435
ZR6030XE,18,12,,,,925
ZR6030XE,18,13,,,,925
ZR6030XE,18,14,,,,975
ZR6030XE,18,15,,,,975
ZR6030XE,18,16,,,,975
ZR6030XE,18,23,,,,975
ZR6030XE,18,LG,,,,520
ZR6030XE,PLAT,MT,,,,355
ZR6030XE,PLAT,12,,,,845
ZR6030XE,PLAT,13,,,,845
ZR6030XE,PLAT,14,,,,895
ZR6030XE,PLAT,15,,,,895
ZR6030XE,PLAT,16,,,,895
ZR6030XE,PLAT,23,,,,895
ZR6030XE,PLAT,LG,,,,440
ZR6041HE,09,MT,,,,165
ZR6041HE,09,12,,,,285
ZR6041HE,09,13,,,,280
ZR6041HE,09,14,,,,265
ZR6041HE,09,15,,,,265
ZR6041HE,09,16,,,,260
ZR6041HE,09,23,,,,260
ZR6041HE,09,LG,,,,190
ZR6041HE,14,MT,,,,285
ZR6041HE,14,12,,,,405
ZR6041HE,14,13,,,,400
ZR6041HE,14,14,,,,390
ZR6041HE,14,15,,,,385
ZR6041HE,14,16,,,,380
ZR6041HE,14,23,,,,380
ZR6041HE,14,LG,,,,310
ZR6041HE,18,MT,,,,415
ZR6041HE,18,12,,,,535
ZR6041HE,18,13,,,,530
ZR6041HE,18,14,,,,515
ZR6041HE,18,15,,,,515
ZR6041HE,18,16,,,,510
ZR6041HE,18,23,,,,510
ZR6041HE,18,LG,,,,440
ZR6041HE,PLAT,MT,,,,335
ZR6041HE,PLAT,12,,,,460
ZR6041HE,PLAT,13,,,,455
ZR6041HE,PLAT,14,,,,440
ZR6041HE,PLAT,15,,,,440
ZR6041HE,PLAT,16,,,,435
ZR6041HE,PLAT,23,,,,435
ZR6041HE,PLAT,LG,,,,365
ZR6042XE,09,MT,,,,175
ZR6042XE,09,12,,,,250
ZR6042XE,09,13,,,,250
ZR6042XE,09,14,,,,240
ZR6042XE,09,15,,,,240
ZR6042XE,09,16,,,,240
ZR6042XE,09,23,,,,240
ZR6042XE,09,LG,,,,195
ZR6042XE,14,MT,,,,310
ZR6042XE,14,12,,,,385
ZR6042XE,14,13,,,,385
ZR6042XE,14,14,,,,375
ZR6042XE,14,15,,,,375
ZR6042XE,14,16,,,,375
ZR6042XE,14,23,,,,375
ZR6042XE,14,LG,,,,330
ZR6042XE,18,MT,,,,450
ZR6042XE,18,12,,,,525
ZR6042XE,18,13,,,,525
ZR6042XE,18,14,,,,515
ZR6042XE,18,15,,,,515
ZR6042XE,18,16,,,,515
ZR6042XE,18,23,,,,515
ZR6042XE,18,LG,,,,470
ZR6042XE,PLAT,MT,,,,365
ZR6042XE,PLAT,12,,,,440
ZR6042XE,PLAT,13,,,,440
ZR6042XE,PLAT,14,,,,430
ZR6042XE,PLAT,15,,,,430
ZR6042XE,PLAT,16,,,,430
ZR6042XE,PLAT,23,,,,430
ZR6042XE,PLAT,LG,,,,385
ZR6240EL,09,MT,,,,165
ZR6240EL,09,12,,,,305
ZR6240EL,09,13,,,,290
ZR6240EL,09,14,,,,280
ZR6240EL,09,15,,,,280
ZR6240EL,09,16,,,,270
ZR6240EL,09,23,,,,265
ZR6240EL,09,LG,,,,195
ZR6240EL,14,MT,,,,290
ZR6240EL,14,12,,,,430
ZR6240EL,14,13,,,,415
ZR6240EL,14,14,,,,405
ZR6240EL,14,15,,,,405
ZR6240EL,14,16,,,,395
ZR6240EL,14,23,,,,390
ZR6240EL,14,LG,,,,320
ZR6240EL,18,MT,,,,420
ZR6240EL,18,12,,,,560
ZR6240EL,18,13,,,,545
ZR6240EL,18,14,,,,535
ZR6240EL,18,15,,,,535
ZR6240EL,18,16,,,,525
ZR6240EL,18,23,,,,520
ZR6240EL,18,LG,,,,450
ZR6240EL,PLAT,MT,,,,345
ZR6240EL,PLAT,12,,,,480
ZR6240EL,PLAT,13,,,,470
ZR6240EL,PLAT,14,,,,460
ZR6240EL,PLAT,15,,,,455
ZR6240EL,PLAT,16,,,,450
ZR6240EL,PLAT,23,,,,445
ZR6240EL,PLAT,LG,,,,375
ZR6242EL,09,MT,,,,180
ZR6242EL,09,12,,,,340
ZR6242EL,09,13,,,,325
ZR6242EL,09,14,,,,310
ZR6242EL,09,15,,,,305
ZR6242EL,09,16,,,,295
ZR6242EL,09,23,,,,290
ZR6242EL,09,LG,,,,210
ZR6242EL,14,MT,,,,320
ZR6242EL,14,12,,,,480
ZR6242EL,14,13,,,,465
ZR6242EL,14,14,,,,450
ZR6242EL,14,15,,,,445
ZR6242EL,14,16,,,,435
ZR6242EL,14,23,,,,430
ZR6242EL,14,LG,,,,350
ZR6242EL,18,MT,,,,470
ZR6242EL,18,12,,,,625
ZR6242EL,18,13,,,,610
ZR6242EL,18,14,,,,595
ZR6242EL,18,15,,,,590
ZR6242EL,18,16,,,,580
ZR6242EL,18,23,,,,580
ZR6242EL,18,LG,,,,495
ZR6242EL,PLAT,MT,,,,380
ZR6242EL,PLAT,12,,,,540
ZR6242EL,PLAT,13,,,,525
ZR6242EL,PLAT,14,,,,510
ZR6242EL,PLAT,15,,,,505
ZR6242EL,PLAT,16,,,,495
ZR6242EL,PLAT,23,,,,490
ZR6242EL,PLAT,LG,,,,410
ZR7165PE,09,MT,,,,390
ZR7165PE,09,12,,,,1275
ZR7165PE,09,13,,,,1265
ZR7165PE,09,14,,,,1030
ZR7165PE,09,15,,,,1025
ZR7165PE,09,16,,,,1015
ZR7165PE,09,23,,,,1015
ZR7165PE,09,LG,,,,605
ZR7165PE,14,MT,,,,715
ZR7165PE,14,12,,,,1600
ZR7165PE,14,13,,,,1590
ZR7165PE,14,14,,,,1355
ZR7165PE,14,15,,,,1350
ZR7165PE,14,16,,,,1340
ZR7165PE,14,23,,,,1340
ZR7165PE,14,LG,,,,930
ZR7165PE,18,MT,,,,1060
ZR7165PE,18,12,,,,1940
ZR7165PE,18,13,,,,1930
ZR7165PE,18,14,,,,1695
ZR7165PE,18,15,,,,1695
ZR7165PE,18,16,,,,1680
ZR7165PE,18,23,,,,1680
ZR7165PE,18,LG,,,,1270
ZR7165PE,PLAT,MT,,,,855
ZR7165PE,PLAT,12,,,,1740
ZR7165PE,PLAT,13,,,,1730
ZR7165PE,PLAT,14,,,,1495
ZR7165PE,PLAT,15,,,,1495
ZR7165PE,PLAT,16,,,,1480
ZR7165PE,PLAT,23,,,,1480
ZR7165PE,PLAT,LG,,,,1070
ZR7165PL,09,MT,,,,285
ZR7165PL,09,12,,,,1215
ZR7165PL,09,13,,,,1205
ZR7165PL,09,14,,,,955
ZR7165PL,09,15,,,,950
ZR7165PL,09,16,,,,940
ZR7165PL,09,23,,,,940
ZR7165PL,09,LG,,,,505
ZR7165PL,14,MT,,,,520
ZR7165PL,14,12,,,,1450
ZR7165PL,14,13,,,,1440
ZR7165PL,14,14,,,,1185
ZR7165PL,14,15,,,,1185
ZR7165PL,14,16,,,,1175
ZR7165PL,14,23,,,,1175
ZR7165PL,14,LG,,,,740
ZR7165PL,18,MT,,,,765
ZR7165PL,18,12,,,,1695
ZR7165PL,18,13,,,,1685
ZR7165PL,18,14,,,,1430
ZR7165PL,18,15,,,,1425
ZR7165PL,18,16,,,,1420
ZR7165PL,18,23,,,,1420
ZR7165PL,18,LG,,,,980
ZR7165PL,PLAT,MT,,,,620
ZR7165PL,PLAT,12,,,,1550
ZR7165PL,PLAT,13,,,,1540
ZR7165PL,PLAT,14,,,,1285
ZR7165PL,PLAT,15,,,,1285
ZR7165PL,PLAT,16,,,,1275
ZR7165PL,PLAT,23,,,,1275
ZR7165PL,PLAT,LG,,,,840
ZR8041CL,09,MT,,,,115
ZR8041CL,09,12,,,,185
ZR8041CL,09,13,,,,180
ZR8041CL,09,14,,,,175
ZR8041CL,09,15,,,,170
ZR8041CL,09,16,,,,170
ZR8041CL,09,23,,,,165
ZR8041CL,09,LG,,,,130
ZR8041CL,14,MT,,,,190
ZR8041CL,14,12,,,,265
ZR8041CL,14,13,,,,260
ZR8041CL,14,14,,,,255
ZR8041CL,14,15,,,,250
ZR8041CL,14,16,,,,245
ZR8041CL,14,23,,,,245
ZR8041CL,14,LG,,,,210
ZR8041CL,18,MT,,,,275
ZR8041CL,18,12,,,,345
ZR8041CL,18,13,,,,340
ZR8041CL,18,14,,,,335
ZR8041CL,18,15,,,,335
ZR8041CL,18,16,,,,330
ZR8041CL,18,23,,,,325
ZR8041CL,18,LG,,,,295
ZR8041CL,PLAT,MT,,,,225
ZR8041CL,PLAT,12,,,,295
ZR8041CL,PLAT,13,,,,290
ZR8041CL,PLAT,14,,,,285
ZR8041CL,PLAT,15,,,,285
ZR8041CL,PLAT,16,,,,280
ZR8041CL,PLAT,23,,,,275
ZR8041CL,PLAT,LG,,,,245
ZR8333A,09,MT,,,,180
ZR8333A,09,12,,,,235
ZR8333A,09,13,,,,230
ZR8333A,09,14,,,,230
ZR8333A,09,15,,,,225
ZR8333A,09,16,,,,225
ZR8333A,09,23,,,,220
ZR8333A,09,LG,,,,190
ZR8333A,14,MT,,,,320
ZR8333A,14,12,,,,375
ZR8333A,14,13,,,,370
ZR8333A,14,14,,,,370
ZR8333A,14,15,,,,365
ZR8333A,14,16,,,,365
ZR8333A,14,23,,,,360
ZR8333A,14,LG,,,,330
ZR8333A,18,MT,,,,470
ZR8333A,18,12,,,,520
ZR8333A,18,13,,,,520
ZR8333A,18,14,,,,515
ZR8333A,18,15,,,,515
ZR8333A,18,16,,,,510
ZR8333A,18,23,,,,510
ZR8333A,18,LG,,,,475
ZR8333A,PLAT,MT,,,,380
ZR8333A,PLAT,12,,,,435
ZR8333A,PLAT,13,,,,430
ZR8333A,PLAT,14,,,,430
ZR8333A,PLAT,15,,,,425
ZR8333A,PLAT,16,,,,425
ZR8333A,PLAT,23,,,,420
ZR8333A,PLAT,LG,,,,390
ZR8738N,09,MT,,,,175
ZR8738N,09,12,,,,2665
ZR8738N,09,13,,,,2665
ZR8738N,09,14,,,,2665
ZR8738N,09,15,,,,2665
ZR8738N,09,16,,,,2665
ZR8738N,09,23,,,,2665
ZR8738N,09,LG,,,,705
ZR8738N,14,MT,,,,310
ZR8738N,14,12,,,,2800
ZR8738N,14,13,,,,2800
ZR8738N,14,14,,,,2800
ZR8738N,14,15,,,,2800
ZR8738N,14,16,,,,2800
ZR8738N,14,23,,,,2800
ZR8738N,14,LG,,,,840
ZR8738N,18,MT,,,,450
ZR8738N,18,12,,,,2940
ZR8738N,18,13,,,,2940
ZR8738N,18,14,,,,2940
ZR8738N,18,15,,,,2940
ZR8738N,18,16,,,,2940
ZR8738N,18,23,,,,2940
ZR8738N,18,LG,,,,980
ZR8738N,PLAT,MT,,,,365
ZR8738N,PLAT,12,,,,2860
ZR8738N,PLAT,13,,,,2860
ZR8738N,PLAT,14,,,,2860
ZR8738N,PLAT,15,,,,2860
ZR8738N,PLAT,16,,,,2860
ZR8738N,PLAT,23,,,,2860
ZR8738N,PLAT,LG,,,,900
ZR9460LE,09,MT,,,,200
ZR9460LE,09,12,,,,775
ZR9460LE,09,13,,,,730
ZR9460LE,09,14,,,,675
ZR9460LE,09,15,,,,645
ZR9460LE,09,16,,,,600
ZR9460LE,09,23,,,,590
ZR9460LE,09,LG,,,,275
ZR9460LE,14,MT,,,,360
ZR9460LE,14,12,,,,930
ZR9460LE,14,13,,,,890
ZR9460LE,14,14,,,,830
ZR9460LE,14,15,,,,805
ZR9460LE,14,16,,,,755
ZR9460LE,14,23,,,,750
ZR9460LE,14,LG,,,,430
ZR9460LE,18,MT,,,,525
ZR9460LE,18,12,,,,1095
ZR9460LE,18,13,,,,1050
ZR9460LE,18,14,,,,995
ZR9460LE,18,15,,,,965
ZR9460LE,18,16,,,,920
ZR9460LE,18,23,,,,915
ZR9460LE,18,LG,,,,595
ZR9460LE,PLAT,MT,,,,425
ZR9460LE,PLAT,12,,,,1000
ZR9460LE,PLAT,13,,,,955
ZR9460LE,PLAT,14,,,,900
ZR9460LE,PLAT,15,,,,870
ZR9460LE,PLAT,16,,,,825
ZR9460LE,PLAT,23,,,,815
ZR9460LE,PLAT,LG,,,,500
ZR9933B,09,MT,,,,190
ZR9933B,09,12,,,,265
ZR9933B,09,13,,,,260
ZR9933B,09,14,,,,260
ZR9933B,09,15,,,,260
ZR9933B,09,16,,,,255
ZR9933B,09,23,,,,255
ZR9933B,09,LG,,,,210
ZR9933B,14,MT,,,,340
ZR9933B,14,12,,,,415
ZR9933B,14,13,,,,410
ZR9933B,14,14,,,,405
ZR9933B,14,15,,,,405
ZR9933B,14,16,,,,405
ZR9933B,14,23,,,,405
ZR9933B,14,LG,,,,360
ZR9933B,18,MT,,,,495
ZR9933B,18,12,,,,570
ZR9933B,18,13,,,,565
ZR9933B,18,14,,,,565
ZR9933B,18,15,,,,560
ZR9933B,18,16,,,,560
ZR9933B,18,23,,,,560
ZR9933B,18,LG,,,,515
ZR9933B,PLAT,MT,,,,405
ZR9933B,PLAT,12,,,,475
ZR9933B,PLAT,13,,,,475
ZR9933B,PLAT,14,,,,470
ZR9933B,PLAT,15,,,,470
ZR9933B,PLAT,16,,,,470
ZR9933B,PLAT,23,,,,465
ZR9933B,PLAT,LG,,,,425