StyleCode,Variant1_Option_Code,Variant2_Option_Code,Variant3_Option_Code,Variant4_Option_Code,Variant5_Option_Code,USD_Price
A2030,09,MT,,,,750
A2030,09,12,,,,1090
A2030,09,13,,,,1060
A2030,09,14,,,,1040
A2030,09,15,,,,1025
A2030,09,16,,,,1005
A2030,09,23,,,,1005
A2030,09,LG,,,,865
A2030,14,MT,,,,1380
A2030,14,12,,,,1725
A2030,14,13,,,,1690
A2030,14,14,,,,1670
A2030,14,15,,,,1660
A2030,14,16,,,,1640
A2030,14,23,,,,1640
A2030,14,LG,,,,1495
A2030,18,MT,,,,2040
A2030,18,12,,,,2385
A2030,18,13,,,,2355
A2030,18,14,,,,2330
A2030,18,15,,,,2320
A2030,18,16,,,,2300
A2030,18,23,,,,2300
A2030,18,LG,,,,2155
A2030,PLAT,MT,,,,1655
A2030,PLAT,12,,,,1995
A2030,PLAT,13,,,,1965
A2030,PLAT,14,,,,1940
A2030,PLAT,15,,,,1930
A2030,PLAT,16,,,,1910
A2030,PLAT,23,,,,1910
A2030,PLAT,LG,,,,1770
A2031,09,MT,,,,1655
A2031,09,12,,,,1875
A2031,09,13,,,,1860
A2031,09,14,,,,1850
A2031,09,15,,,,1845
A2031,09,16,,,,1830
A2031,09,23,,,,1830
A2031,09,LG,,,,1735
A2031,14,MT,,,,3095
A2031,14,12,,,,3315
A2031,14,13,,,,3300
A2031,14,14,,,,3285
A2031,14,15,,,,3280
A2031,14,16,,,,3270
A2031,14,23,,,,3270
A2031,14,LG,,,,3175
A2031,18,MT,,,,4600
A2031,18,12,,,,4820
A2031,18,13,,,,4805
A2031,18,14,,,,4795
A2031,18,15,,,,4785
A2031,18,16,,,,4775
A2031,18,23,,,,4775
A2031,18,LG,,,,4680
A2031,PLAT,MT,,,,3715
A2031,PLAT,12,,,,3935
A2031,PLAT,13,,,,3920
A2031,PLAT,14,,,,3905
A2031,PLAT,15,,,,3900
A2031,PLAT,16,,,,3890
A2031,PLAT,23,,,,3890
A2031,PLAT,LG,,,,3795
A2032,09,MT,,,,1595
A2032,09,12,,,,1720
A2032,09,13,,,,1715
A2032,09,14,,,,1710
A2032,09,15,,,,1710
A2032,09,16,,,,1700
A2032,09,23,,,,1700
A2032,09,LG,,,,1640
A2032,14,MT,,,,2975
A2032,14,12,,,,3105
A2032,14,13,,,,3095
A2032,14,14,,,,3090
A2032,14,15,,,,3090
A2032,14,16,,,,3080
A2032,14,23,,,,3080
A2032,14,LG,,,,3025
A2032,18,MT,,,,4420
A2032,18,12,,,,4550
A2032,18,13,,,,4545
A2032,18,14,,,,4540
A2032,18,15,,,,4535
A2032,18,16,,,,4530
A2032,18,23,,,,4530
A2032,18,LG,,,,4470
A2032,PLAT,MT,,,,3570
A2032,PLAT,12,,,,3700
A2032,PLAT,13,,,,3690
A2032,PLAT,14,,,,3690
A2032,PLAT,15,,,,3685
A2032,PLAT,16,,,,3680
A2032,PLAT,23,,,,3680
A2032,PLAT,LG,,,,3620
A2033,09,MT,170M,,,415
A2033,14,MT,170M,,,745
A2033,18,MT,170M,,,1100
A2033,PLAT,MT,170M,,,890
A2190,09,MT,,,,540
A2190,09,12,,,,770
A2190,09,13,,,,750
A2190,09,14,,,,735
A2190,09,15,,,,725
A2190,09,16,,,,710
A2190,09,23,,,,705
A2190,09,LG,,,,585
A2190,14,MT,,,,985
A2190,14,12,,,,1215
A2190,14,13,,,,1195
A2190,14,14,,,,1180
A2190,14,15,,,,1170
A2190,14,16,,,,1155
A2190,14,23,,,,1150
A2190,14,LG,,,,1030
A2190,18,MT,,,,1455
A2190,18,12,,,,1680
A2190,18,13,,,,1665
A2190,18,14,,,,1645
A2190,18,15,,,,1640
A2190,18,16,,,,1620
A2190,18,23,,,,1615
A2190,18,LG,,,,1495
A2190,PLAT,MT,,,,1180
A2190,PLAT,12,,,,1405
A2190,PLAT,13,,,,1390
A2190,PLAT,14,,,,1370
A2190,PLAT,15,,,,1365
A2190,PLAT,16,,,,1345
A2190,PLAT,23,,,,1340
A2190,PLAT,LG,,,,1220
AB00100,09,MT,140M050,,,165
AB00100,09,12,140M050,,,370
AB00100,09,13,140M050,,,350
AB00100,09,14,140M050,,,335
AB00100,09,15,140M050,,,325
AB00100,09,16,140M050,,,315
AB00100,09,23,140M050,,,315
AB00100,09,LG,140M050,,,230
AB00100,14,MT,140M050,,,285
AB00100,14,12,140M050,,,490
AB00100,14,13,140M050,,,470
AB00100,14,14,140M050,,,460
AB00100,14,15,140M050,,,450
AB00100,14,16,140M050,,,440
AB00100,14,23,140M050,,,440
AB00100,14,LG,140M050,,,350
AB00100,18,MT,140M050,,,415
AB00100,18,12,140M050,,,620
AB00100,18,13,140M050,,,600
AB00100,18,14,140M050,,,585
AB00100,18,15,140M050,,,575
AB00100,18,16,140M050,,,565
AB00100,18,23,140M050,,,565
AB00100,18,LG,140M050,,,480
AB00100,PLAT,MT,140M050,,,335
AB00100,PLAT,12,140M050,,,545
AB00100,PLAT,13,140M050,,,525
AB00100,PLAT,14,140M050,,,510
AB00100,PLAT,15,140M050,,,500
AB00100,PLAT,16,140M050,,,490
AB00100,PLAT,23,140M050,,,490
AB00100,PLAT,LG,140M050,,,405
AB00100,09,MT,190M100,,,200
AB00100,09,12,190M100,,,530
AB00100,09,13,190M100,,,505
AB00100,09,14,190M100,,,480
AB00100,09,15,190M100,,,470
AB00100,09,16,190M100,,,455
AB00100,09,23,190M100,,,435
AB00100,09,LG,190M100,,,285
AB00100,14,MT,190M100,,,360
AB00100,14,12,190M100,,,690
AB00100,14,13,190M100,,,660
AB00100,14,14,190M100,,,640
AB00100,14,15,190M100,,,630
AB00100,14,16,190M100,,,610
AB00100,14,23,190M100,,,590
AB00100,14,LG,190M100,,,445
AB00100,18,MT,190M100,,,520
AB00100,18,12,190M100,,,855
AB00100,18,13,190M100,,,825
AB00100,18,14,190M100,,,800
AB00100,18,15,190M100,,,795
AB00100,18,16,190M100,,,775
AB00100,18,23,190M100,,,755
AB00100,18,LG,190M100,,,605
AB00100,PLAT,MT,190M100,,,425
AB00100,PLAT,12,190M100,,,755
AB00100,PLAT,13,190M100,,,730
AB00100,PLAT,14,190M100,,,705
AB00100,PLAT,15,190M100,,,695
AB00100,PLAT,16,190M100,,,680
AB00100,PLAT,23,190M100,,,660
AB00100,PLAT,LG,190M100,,,510
AB00100,09,MT,240M150,,,245
AB00100,09,12,240M150,,,935
AB00100,09,13,240M150,,,875
AB00100,09,14,240M150,,,830
AB00100,09,15,240M150,,,810
AB00100,09,16,240M150,,,765
AB00100,09,23,240M150,,,750
AB00100,09,LG,240M150,,,365
AB00100,14,MT,240M150,,,440
AB00100,14,12,240M150,,,1130
AB00100,14,13,240M150,,,1070
AB00100,14,14,240M150,,,1025
AB00100,14,15,240M150,,,1010
AB00100,14,16,240M150,,,965
AB00100,14,23,240M150,,,945
AB00100,14,LG,240M150,,,560
AB00100,18,MT,240M150,,,645
AB00100,18,12,240M150,,,1335
AB00100,18,13,240M150,,,1275
AB00100,18,14,240M150,,,1230
AB00100,18,15,240M150,,,1215
AB00100,18,16,240M150,,,1170
AB00100,18,23,240M150,,,1155
AB00100,18,LG,240M150,,,765
AB00100,PLAT,MT,240M150,,,525
AB00100,PLAT,12,240M150,,,1215
AB00100,PLAT,13,240M150,,,1155
AB00100,PLAT,14,240M150,,,1110
AB00100,PLAT,15,240M150,,,1095
AB00100,PLAT,16,240M150,,,1045
AB00100,PLAT,23,240M150,,,1030
AB00100,PLAT,LG,240M150,,,645
AB00100,09,MT,270M200,,,295
AB00100,09,12,270M200,,,1255
AB00100,09,13,270M200,,,1200
AB00100,09,14,270M200,,,1110
AB00100,09,15,270M200,,,1090
AB00100,09,16,270M200,,,1015
AB00100,09,23,270M200,,,1005
AB00100,09,LG,270M200,,,445
AB00100,14,MT,270M200,,,535
AB00100,14,12,270M200,,,1495
AB00100,14,13,270M200,,,1440
AB00100,14,14,270M200,,,1350
AB00100,14,15,270M200,,,1330
AB00100,14,16,270M200,,,1255
AB00100,14,23,270M200,,,1245
AB00100,14,LG,270M200,,,685
AB00100,18,MT,270M200,,,785
AB00100,18,12,270M200,,,1745
AB00100,18,13,270M200,,,1695
AB00100,18,14,270M200,,,1600
AB00100,18,15,270M200,,,1580
AB00100,18,16,270M200,,,1505
AB00100,18,23,270M200,,,1495
AB00100,18,LG,270M200,,,935
AB00100,PLAT,MT,270M200,,,640
AB00100,PLAT,12,270M200,,,1595
AB00100,PLAT,13,270M200,,,1545
AB00100,PLAT,14,270M200,,,1450
AB00100,PLAT,15,270M200,,,1430
AB00100,PLAT,16,270M200,,,1360
AB00100,PLAT,23,270M200,,,1350
AB00100,PLAT,LG,270M200,,,790
AB00150,09,MT,140M025,,,195
AB00150,09,12,140M025,,,290
AB00150,09,13,140M025,,,280
AB00150,09,14,140M025,,,275
AB00150,09,15,140M025,,,270
AB00150,09,16,140M025,,,265
AB00150,09,23,140M025,,,265
AB00150,09,LG,140M025,,,225
AB00150,14,MT,140M025,,,345
AB00150,14,12,140M025,,,440
AB00150,14,13,140M025,,,430
AB00150,14,14,140M025,,,425
AB00150,14,15,140M025,,,420
AB00150,14,16,140M025,,,415
AB00150,14,23,140M025,,,415
AB00150,14,LG,140M025,,,375
AB00150,18,MT,140M025,,,500
AB00150,18,12,140M025,,,595
AB00150,18,13,140M025,,,585
AB00150,18,14,140M025,,,580
AB00150,18,15,140M025,,,575
AB00150,18,16,140M025,,,570
AB00150,18,23,140M025,,,570
AB00150,18,LG,140M025,,,530
AB00150,PLAT,MT,140M025,,,405
AB00150,PLAT,12,140M025,,,500
AB00150,PLAT,13,140M025,,,495
AB00150,PLAT,14,140M025,,,485
AB00150,PLAT,15,140M025,,,485
AB00150,PLAT,16,140M025,,,480
AB00150,PLAT,23,140M025,,,480
AB00150,PLAT,LG,140M025,,,440
AB00150,09,MT,190M050,,,215
AB00150,09,12,190M050,,,395
AB00150,09,13,190M050,,,380
AB00150,09,14,190M050,,,370
AB00150,09,15,190M050,,,365
AB00150,09,16,190M050,,,355
AB00150,09,23,190M050,,,345
AB00150,09,LG,190M050,,,260
AB00150,14,MT,190M050,,,385
AB00150,14,12,190M050,,,565
AB00150,14,13,190M050,,,550
AB00150,14,14,190M050,,,540
AB00150,14,15,190M050,,,535
AB00150,14,16,190M050,,,525
AB00150,14,23,190M050,,,510
AB00150,14,LG,190M050,,,430
AB00150,18,MT,190M050,,,560
AB00150,18,12,190M050,,,745
AB00150,18,13,190M050,,,730
AB00150,18,14,190M050,,,715
AB00150,18,15,190M050,,,710
AB00150,18,16,190M050,,,700
AB00150,18,23,190M050,,,690
AB00150,18,LG,190M050,,,610
AB00150,PLAT,MT,190M050,,,460
AB00150,PLAT,12,190M050,,,640
AB00150,PLAT,13,190M050,,,625
AB00150,PLAT,14,190M050,,,610
AB00150,PLAT,15,190M050,,,605
AB00150,PLAT,16,190M050,,,595
AB00150,PLAT,23,190M050,,,585
AB00150,PLAT,LG,190M050,,,505
AB00150,09,MT,240M070,,,250
AB00150,09,12,240M070,,,575
AB00150,09,13,240M070,,,545
AB00150,09,14,240M070,,,525
AB00150,09,15,240M070,,,515
AB00150,09,16,240M070,,,495
AB00150,09,23,240M070,,,490
AB00150,09,LG,240M070,,,305
AB00150,14,MT,240M070,,,450
AB00150,14,12,240M070,,,775
AB00150,14,13,240M070,,,745
AB00150,14,14,240M070,,,725
AB00150,14,15,240M070,,,715
AB00150,14,16,240M070,,,695
AB00150,14,23,240M070,,,685
AB00150,14,LG,240M070,,,505
AB00150,18,MT,240M070,,,655
AB00150,18,12,240M070,,,980
AB00150,18,13,240M070,,,955
AB00150,18,14,240M070,,,930
AB00150,18,15,240M070,,,925
AB00150,18,16,240M070,,,900
AB00150,18,23,240M070,,,895
AB00150,18,LG,240M070,,,715
AB00150,PLAT,MT,240M070,,,535
AB00150,PLAT,12,240M070,,,860
AB00150,PLAT,13,240M070,,,830
AB00150,PLAT,14,240M070,,,810
AB00150,PLAT,15,240M070,,,800
AB00150,PLAT,16,240M070,,,780
AB00150,PLAT,23,240M070,,,775
AB00150,PLAT,LG,240M070,,,590
AB00150,09,MT,270M100,,,260
AB00150,09,12,270M100,,,740
AB00150,09,13,270M100,,,710
AB00150,09,14,270M100,,,665
AB00150,09,15,270M100,,,655
AB00150,09,16,270M100,,,615
AB00150,09,23,270M100,,,615
AB00150,09,LG,270M100,,,340
AB00150,14,MT,270M100,,,470
AB00150,14,12,270M100,,,945
AB00150,14,13,270M100,,,920
AB00150,14,14,270M100,,,875
AB00150,14,15,270M100,,,865
AB00150,14,16,270M100,,,820
AB00150,14,23,270M100,,,820
AB00150,14,LG,270M100,,,545
AB00150,18,MT,270M100,,,690
AB00150,18,12,270M100,,,1165
AB00150,18,13,270M100,,,1140
AB00150,18,14,270M100,,,1095
AB00150,18,15,270M100,,,1085
AB00150,18,16,270M100,,,1040
AB00150,18,23,270M100,,,1040
AB00150,18,LG,270M100,,,765
AB00150,PLAT,MT,270M100,,,560
AB00150,PLAT,12,270M100,,,1035
AB00150,PLAT,13,270M100,,,1010
AB00150,PLAT,14,270M100,,,965
AB00150,PLAT,15,270M100,,,955
AB00150,PLAT,16,270M100,,,915
AB00150,PLAT,23,270M100,,,915
AB00150,PLAT,LG,270M100,,,635
AB00200,09,MT,140M050,,,135
AB00200,09,12,140M050,,,325
AB00200,09,13,140M050,,,310
AB00200,09,14,140M050,,,295
AB00200,09,15,140M050,,,290
AB00200,09,16,140M050,,,280
AB00200,09,23,140M050,,,280
AB00200,09,LG,140M050,,,200
AB00200,14,MT,140M050,,,235
AB00200,14,12,140M050,,,425
AB00200,14,13,140M050,,,405
AB00200,14,14,140M050,,,395
AB00200,14,15,140M050,,,385
AB00200,14,16,140M050,,,375
AB00200,14,23,140M050,,,375
AB00200,14,LG,140M050,,,300
AB00200,18,MT,140M050,,,340
AB00200,18,12,140M050,,,530
AB00200,18,13,140M050,,,510
AB00200,18,14,140M050,,,500
AB00200,18,15,140M050,,,490
AB00200,18,16,140M050,,,480
AB00200,18,23,140M050,,,480
AB00200,18,LG,140M050,,,405
AB00200,PLAT,MT,140M050,,,280
AB00200,PLAT,12,140M050,,,465
AB00200,PLAT,13,140M050,,,450
AB00200,PLAT,14,140M050,,,435
AB00200,PLAT,15,140M050,,,430
AB00200,PLAT,16,140M050,,,420
AB00200,PLAT,23,140M050,,,420
AB00200,PLAT,LG,140M050,,,340
AB00200,09,MT,190M100,,,165
AB00200,09,12,190M100,,,485
AB00200,09,13,190M100,,,455
AB00200,09,14,190M100,,,435
AB00200,09,15,190M100,,,425
AB00200,09,16,190M100,,,405
AB00200,09,23,190M100,,,390
AB00200,09,LG,190M100,,,245
AB00200,14,MT,190M100,,,285
AB00200,14,12,190M100,,,605
AB00200,14,13,190M100,,,580
AB00200,14,14,190M100,,,555
AB00200,14,15,190M100,,,545
AB00200,14,16,190M100,,,530
AB00200,14,23,190M100,,,510
AB00200,14,LG,190M100,,,365
AB00200,18,MT,190M100,,,415
AB00200,18,12,190M100,,,735
AB00200,18,13,190M100,,,705
AB00200,18,14,190M100,,,685
AB00200,18,15,190M100,,,675
AB00200,18,16,190M100,,,655
AB00200,18,23,190M100,,,640
AB00200,18,LG,190M100,,,495
AB00200,PLAT,MT,190M100,,,335
AB00200,PLAT,12,190M100,,,660
AB00200,PLAT,13,190M100,,,630
AB00200,PLAT,14,190M100,,,610
AB00200,PLAT,15,190M100,,,600
AB00200,PLAT,16,190M100,,,580
AB00200,PLAT,23,190M100,,,565
AB00200,PLAT,LG,190M100,,,420
AB00200,09,MT,240M150,,,205
AB00200,09,12,240M150,,,895
AB00200,09,13,240M150,,,835
AB00200,09,14,240M150,,,790
AB00200,09,15,240M150,,,775
AB00200,09,16,240M150,,,730
AB00200,09,23,240M150,,,715
AB00200,09,LG,240M150,,,325
AB00200,14,MT,240M150,,,370
AB00200,14,12,240M150,,,1055
AB00200,14,13,240M150,,,995
AB00200,14,14,240M150,,,950
AB00200,14,15,240M150,,,935
AB00200,14,16,240M150,,,890
AB00200,14,23,240M150,,,875
AB00200,14,LG,240M150,,,485
AB00200,18,MT,240M150,,,535
AB00200,18,12,240M150,,,1225
AB00200,18,13,240M150,,,1165
AB00200,18,14,240M150,,,1120
AB00200,18,15,240M150,,,1105
AB00200,18,16,240M150,,,1060
AB00200,18,23,240M150,,,1045
AB00200,18,LG,240M150,,,655
AB00200,PLAT,MT,240M150,,,440
AB00200,PLAT,12,240M150,,,1125
AB00200,PLAT,13,240M150,,,1065
AB00200,PLAT,14,240M150,,,1020
AB00200,PLAT,15,240M150,,,1005
AB00200,PLAT,16,240M150,,,960
AB00200,PLAT,23,240M150,,,945
AB00200,PLAT,LG,240M150,,,555
AB00200,09,MT,270M200,,,225
AB00200,09,12,270M200,,,1140
AB00200,09,13,270M200,,,1095
AB00200,09,14,270M200,,,1005
AB00200,09,15,270M200,,,985
AB00200,09,16,270M200,,,915
AB00200,09,23,270M200,,,905
AB00200,09,LG,270M200,,,370
AB00200,14,MT,270M200,,,400
AB00200,14,12,270M200,,,1320
AB00200,14,13,270M200,,,1270
AB00200,14,14,270M200,,,1180
AB00200,14,15,270M200,,,1160
AB00200,14,16,270M200,,,1090
AB00200,14,23,270M200,,,1080
AB00200,14,LG,270M200,,,550
AB00200,18,MT,270M200,,,590
AB00200,18,12,270M200,,,1505
AB00200,18,13,270M200,,,1455
AB00200,18,14,270M200,,,1365
AB00200,18,15,270M200,,,1345
AB00200,18,16,270M200,,,1280
AB00200,18,23,270M200,,,1270
AB00200,18,LG,270M200,,,735
AB00200,PLAT,MT,270M200,,,480
AB00200,PLAT,12,270M200,,,1395
AB00200,PLAT,13,270M200,,,1345
AB00200,PLAT,14,270M200,,,1260
AB00200,PLAT,15,270M200,,,1240
AB00200,PLAT,16,270M200,,,1170
AB00200,PLAT,23,270M200,,,1160
AB00200,PLAT,LG,270M200,,,625
AB00250,09,MT,140M025,,,145
AB00250,09,12,140M025,,,240
AB00250,09,13,140M025,,,230
AB00250,09,14,140M025,,,225
AB00250,09,15,140M025,,,220
AB00250,09,16,140M025,,,215
AB00250,09,23,140M025,,,215
AB00250,09,LG,140M025,,,175
AB00250,14,MT,140M025,,,245
AB00250,14,12,140M025,,,340
AB00250,14,13,140M025,,,335
AB00250,14,14,140M025,,,325
AB00250,14,15,140M025,,,325
AB00250,14,16,140M025,,,320
AB00250,14,23,140M025,,,320
AB00250,14,LG,140M025,,,280
AB00250,18,MT,140M025,,,355
AB00250,18,12,140M025,,,450
AB00250,18,13,140M025,,,445
AB00250,18,14,140M025,,,435
AB00250,18,15,140M025,,,435
AB00250,18,16,140M025,,,430
AB00250,18,23,140M025,,,430
AB00250,18,LG,140M025,,,390
AB00250,PLAT,MT,140M025,,,290
AB00250,PLAT,12,140M025,,,385
AB00250,PLAT,13,140M025,,,380
AB00250,PLAT,14,140M025,,,370
AB00250,PLAT,15,140M025,,,370
AB00250,PLAT,16,140M025,,,365
AB00250,PLAT,23,140M025,,,365
AB00250,PLAT,LG,140M025,,,325
AB00250,09,MT,190M050,,,170
AB00250,09,12,190M050,,,350
AB00250,09,13,190M050,,,335
AB00250,09,14,190M050,,,325
AB00250,09,15,190M050,,,320
AB00250,09,16,190M050,,,310
AB00250,09,23,190M050,,,300
AB00250,09,LG,190M050,,,215
AB00250,14,MT,190M050,,,300
AB00250,14,12,190M050,,,480
AB00250,14,13,190M050,,,465
AB00250,14,14,190M050,,,455
AB00250,14,15,190M050,,,450
AB00250,14,16,190M050,,,440
AB00250,14,23,190M050,,,430
AB00250,14,LG,190M050,,,345
AB00250,18,MT,190M050,,,435
AB00250,18,12,190M050,,,615
AB00250,18,13,190M050,,,600
AB00250,18,14,190M050,,,590
AB00250,18,15,190M050,,,585
AB00250,18,16,190M050,,,575
AB00250,18,23,190M050,,,565
AB00250,18,LG,190M050,,,480
AB00250,PLAT,MT,190M050,,,355
AB00250,PLAT,12,190M050,,,535
AB00250,PLAT,13,190M050,,,520
AB00250,PLAT,14,190M050,,,510
AB00250,PLAT,15,190M050,,,505
AB00250,PLAT,16,190M050,,,495
AB00250,PLAT,23,190M050,,,485
AB00250,PLAT,LG,190M050,,,400
AB00250,09,MT,240M070,,,225
AB00250,09,12,240M070,,,550
AB00250,09,13,240M070,,,525
AB00250,09,14,240M070,,,500
AB00250,09,15,240M070,,,495
AB00250,09,16,240M070,,,475
AB00250,09,23,240M070,,,465
AB00250,09,LG,240M070,,,285
AB00250,14,MT,240M070,,,405
AB00250,14,12,240M070,,,730
AB00250,14,13,240M070,,,700
AB00250,14,14,240M070,,,680
AB00250,14,15,240M070,,,675
AB00250,14,16,240M070,,,650
AB00250,14,23,240M070,,,645
AB00250,14,LG,240M070,,,460
AB00250,18,MT,240M070,,,595
AB00250,18,12,240M070,,,920
AB00250,18,13,240M070,,,890
AB00250,18,14,240M070,,,870
AB00250,18,15,240M070,,,860
AB00250,18,16,240M070,,,840
AB00250,18,23,240M070,,,830
AB00250,18,LG,240M070,,,650
AB00250,PLAT,MT,240M070,,,485
AB00250,PLAT,12,240M070,,,810
AB00250,PLAT,13,240M070,,,780
AB00250,PLAT,14,240M070,,,760
AB00250,PLAT,15,240M070,,,750
AB00250,PLAT,16,240M070,,,730
AB00250,PLAT,23,240M070,,,720
AB00250,PLAT,LG,240M070,,,540
AB00250,09,MT,270M100,,,245
AB00250,09,12,270M100,,,720
AB00250,09,13,270M100,,,695
AB00250,09,14,270M100,,,650
AB00250,09,15,270M100,,,640
AB00250,09,16,270M100,,,595
AB00250,09,23,270M100,,,595
AB00250,09,LG,270M100,,,320
AB00250,14,MT,270M100,,,440
AB00250,14,12,270M100,,,915
AB00250,14,13,270M100,,,890
AB00250,14,14,270M100,,,845
AB00250,14,15,270M100,,,830
AB00250,14,16,270M100,,,790
AB00250,14,23,270M100,,,790
AB00250,14,LG,270M100,,,515
AB00250,18,MT,270M100,,,640
AB00250,18,12,270M100,,,1120
AB00250,18,13,270M100,,,1095
AB00250,18,14,270M100,,,1045
AB00250,18,15,270M100,,,1035
AB00250,18,16,270M100,,,995
AB00250,18,23,270M100,,,995
AB00250,18,LG,270M100,,,720
AB00250,PLAT,MT,270M100,,,520
AB00250,PLAT,12,270M100,,,1000
AB00250,PLAT,13,270M100,,,975
AB00250,PLAT,14,270M100,,,925
AB00250,PLAT,15,270M100,,,915
AB00250,PLAT,16,270M100,,,875
AB00250,PLAT,23,270M100,,,875
AB00250,PLAT,LG,270M100,,,600
AB00300,09,MT,140M050,,,135
AB00300,09,12,140M050,,,325
AB00300,09,13,140M050,,,310
AB00300,09,14,140M050,,,295
AB00300,09,15,140M050,,,290
AB00300,09,16,140M050,,,280
AB00300,09,23,140M050,,,280
AB00300,09,LG,140M050,,,200
AB00300,14,MT,140M050,,,235
AB00300,14,12,140M050,,,425
AB00300,14,13,140M050,,,405
AB00300,14,14,140M050,,,395
AB00300,14,15,140M050,,,385
AB00300,14,16,140M050,,,375
AB00300,14,23,140M050,,,375
AB00300,14,LG,140M050,,,300
AB00300,18,MT,140M050,,,340
AB00300,18,12,140M050,,,530
AB00300,18,13,140M050,,,510
AB00300,18,14,140M050,,,500
AB00300,18,15,140M050,,,490
AB00300,18,16,140M050,,,480
AB00300,18,23,140M050,,,480
AB00300,18,LG,140M050,,,405
AB00300,PLAT,MT,140M050,,,280
AB00300,PLAT,12,140M050,,,465
AB00300,PLAT,13,140M050,,,450
AB00300,PLAT,14,140M050,,,435
AB00300,PLAT,15,140M050,,,430
AB00300,PLAT,16,140M050,,,420
AB00300,PLAT,23,140M050,,,420
AB00300,PLAT,LG,140M050,,,340
AB00300,09,MT,190M100,,,170
AB00300,09,12,190M100,,,500
AB00300,09,13,190M100,,,470
AB00300,09,14,190M100,,,450
AB00300,09,15,190M100,,,440
AB00300,09,16,190M100,,,420
AB00300,09,23,190M100,,,400
AB00300,09,LG,190M100,,,250
AB00300,14,MT,190M100,,,295
AB00300,14,12,190M100,,,625
AB00300,14,13,190M100,,,600
AB00300,14,14,190M100,,,575
AB00300,14,15,190M100,,,565
AB00300,14,16,190M100,,,545
AB00300,14,23,190M100,,,530
AB00300,14,LG,190M100,,,380
AB00300,18,MT,190M100,,,425
AB00300,18,12,190M100,,,760
AB00300,18,13,190M100,,,730
AB00300,18,14,190M100,,,705
AB00300,18,15,190M100,,,700
AB00300,18,16,190M100,,,680
AB00300,18,23,190M100,,,660
AB00300,18,LG,190M100,,,510
AB00300,PLAT,MT,190M100,,,350
AB00300,PLAT,12,190M100,,,680
AB00300,PLAT,13,190M100,,,650
AB00300,PLAT,14,190M100,,,630
AB00300,PLAT,15,190M100,,,620
AB00300,PLAT,16,190M100,,,600
AB00300,PLAT,23,190M100,,,580
AB00300,PLAT,LG,190M100,,,435
AB00300,09,MT,240M150,,,195
AB00300,09,12,240M150,,,855
AB00300,09,13,240M150,,,795
AB00300,09,14,240M150,,,755
AB00300,09,15,240M150,,,740
AB00300,09,16,240M150,,,695
AB00300,09,23,240M150,,,680
AB00300,09,LG,240M150,,,305
AB00300,14,MT,240M150,,,345
AB00300,14,12,240M150,,,1005
AB00300,14,13,240M150,,,945
AB00300,14,14,240M150,,,900
AB00300,14,15,240M150,,,890
AB00300,14,16,240M150,,,845
AB00300,14,23,240M150,,,830
AB00300,14,LG,240M150,,,455
AB00300,18,MT,240M150,,,500
AB00300,18,12,240M150,,,1160
AB00300,18,13,240M150,,,1105
AB00300,18,14,240M150,,,1060
AB00300,18,15,240M150,,,1045
AB00300,18,16,240M150,,,1000
AB00300,18,23,240M150,,,985
AB00300,18,LG,240M150,,,615
AB00300,PLAT,MT,240M150,,,410
AB00300,PLAT,12,240M150,,,1070
AB00300,PLAT,13,240M150,,,1010
AB00300,PLAT,14,240M150,,,965
AB00300,PLAT,15,240M150,,,950
AB00300,PLAT,16,240M150,,,910
AB00300,PLAT,23,240M150,,,895
AB00300,PLAT,LG,240M150,,,520
AB00300,09,MT,270M200,,,230
AB00300,09,12,270M200,,,1145
AB00300,09,13,270M200,,,1100
AB00300,09,14,270M200,,,1010
AB00300,09,15,270M200,,,990
AB00300,09,16,270M200,,,920
AB00300,09,23,270M200,,,910
AB00300,09,LG,270M200,,,375
AB00300,14,MT,270M200,,,410
AB00300,14,12,270M200,,,1330
AB00300,14,13,270M200,,,1280
AB00300,14,14,270M200,,,1190
AB00300,14,15,270M200,,,1170
AB00300,14,16,270M200,,,1100
AB00300,14,23,270M200,,,1090
AB00300,14,LG,270M200,,,555
AB00300,18,MT,270M200,,,605
AB00300,18,12,270M200,,,1520
AB00300,18,13,270M200,,,1470
AB00300,18,14,270M200,,,1380
AB00300,18,15,270M200,,,1360
AB00300,18,16,270M200,,,1290
AB00300,18,23,270M200,,,1285
AB00300,18,LG,270M200,,,750
AB00300,PLAT,MT,270M200,,,490
AB00300,PLAT,12,270M200,,,1410
AB00300,PLAT,13,270M200,,,1360
AB00300,PLAT,14,270M200,,,1270
AB00300,PLAT,15,270M200,,,1250
AB00300,PLAT,16,270M200,,,1180
AB00300,PLAT,23,270M200,,,1170
AB00300,PLAT,LG,270M200,,,635
AB00350,09,MT,140M025,,,145
AB00350,09,12,140M025,,,240
AB00350,09,13,140M025,,,230
AB00350,09,14,140M025,,,225
AB00350,09,15,140M025,,,220
AB00350,09,16,140M025,,,215
AB00350,09,23,140M025,,,215
AB00350,09,LG,140M025,,,175
AB00350,14,MT,140M025,,,245
AB00350,14,12,140M025,,,340
AB00350,14,13,140M025,,,335
AB00350,14,14,140M025,,,325
AB00350,14,15,140M025,,,325
AB00350,14,16,140M025,,,320
AB00350,14,23,140M025,,,320
AB00350,14,LG,140M025,,,280
AB00350,18,MT,140M025,,,355
AB00350,18,12,140M025,,,450
AB00350,18,13,140M025,,,445
AB00350,18,14,140M025,,,435
AB00350,18,15,140M025,,,435
AB00350,18,16,140M025,,,430
AB00350,18,23,140M025,,,430
AB00350,18,LG,140M025,,,390
AB00350,PLAT,MT,140M025,,,290
AB00350,PLAT,12,140M025,,,385
AB00350,PLAT,13,140M025,,,380
AB00350,PLAT,14,140M025,,,370
AB00350,PLAT,15,140M025,,,370
AB00350,PLAT,16,140M025,,,365
AB00350,PLAT,23,140M025,,,365
AB00350,PLAT,LG,140M025,,,325
AB00350,09,MT,190M050,,,170
AB00350,09,12,190M050,,,350
AB00350,09,13,190M050,,,335
AB00350,09,14,190M050,,,325
AB00350,09,15,190M050,,,320
AB00350,09,16,190M050,,,310
AB00350,09,23,190M050,,,300
AB00350,09,LG,190M050,,,215
AB00350,14,MT,190M050,,,300
AB00350,14,12,190M050,,,480
AB00350,14,13,190M050,,,465
AB00350,14,14,190M050,,,455
AB00350,14,15,190M050,,,450
AB00350,14,16,190M050,,,440
AB00350,14,23,190M050,,,430
AB00350,14,LG,190M050,,,345
AB00350,18,MT,190M050,,,435
AB00350,18,12,190M050,,,615
AB00350,18,13,190M050,,,600
AB00350,18,14,190M050,,,590
AB00350,18,15,190M050,,,585
AB00350,18,16,190M050,,,575
AB00350,18,23,190M050,,,565
AB00350,18,LG,190M050,,,480
AB00350,PLAT,MT,190M050,,,355
AB00350,PLAT,12,190M050,,,535
AB00350,PLAT,13,190M050,,,520
AB00350,PLAT,14,190M050,,,510
AB00350,PLAT,15,190M050,,,505
AB00350,PLAT,16,190M050,,,495
AB00350,PLAT,23,190M050,,,485
AB00350,PLAT,LG,190M050,,,400
AB00350,09,MT,240M070,,,195
AB00350,09,12,240M070,,,520
AB00350,09,13,240M070,,,490
AB00350,09,14,240M070,,,470
AB00350,09,15,240M070,,,460
AB00350,09,16,240M070,,,440
AB00350,09,23,240M070,,,430
AB00350,09,LG,240M070,,,250
AB00350,14,MT,240M070,,,345
AB00350,14,12,240M070,,,665
AB00350,14,13,240M070,,,640
AB00350,14,14,240M070,,,615
AB00350,14,15,240M070,,,610
AB00350,14,16,240M070,,,590
AB00350,14,23,240M070,,,580
AB00350,14,LG,240M070,,,400
AB00350,18,MT,240M070,,,500
AB00350,18,12,240M070,,,825
AB00350,18,13,240M070,,,795
AB00350,18,14,240M070,,,775
AB00350,18,15,240M070,,,765
AB00350,18,16,240M070,,,745
AB00350,18,23,240M070,,,735
AB00350,18,LG,240M070,,,555
AB00350,PLAT,MT,240M070,,,405
AB00350,PLAT,12,240M070,,,730
AB00350,PLAT,13,240M070,,,705
AB00350,PLAT,14,240M070,,,680
AB00350,PLAT,15,240M070,,,675
AB00350,PLAT,16,240M070,,,655
AB00350,PLAT,23,240M070,,,645
AB00350,PLAT,LG,240M070,,,465
AB00350,09,MT,270M100,,,220
AB00350,09,12,270M100,,,700
AB00350,09,13,270M100,,,675
AB00350,09,14,270M100,,,625
AB00350,09,15,270M100,,,615
AB00350,09,16,270M100,,,575
AB00350,09,23,270M100,,,575
AB00350,09,LG,270M100,,,300
AB00350,14,MT,270M100,,,395
AB00350,14,12,270M100,,,875
AB00350,14,13,270M100,,,845
AB00350,14,14,270M100,,,800
AB00350,14,15,270M100,,,790
AB00350,14,16,270M100,,,750
AB00350,14,23,270M100,,,750
AB00350,14,LG,270M100,,,475
AB00350,18,MT,270M100,,,580
AB00350,18,12,270M100,,,1055
AB00350,18,13,270M100,,,1030
AB00350,18,14,270M100,,,985
AB00350,18,15,270M100,,,970
AB00350,18,16,270M100,,,930
AB00350,18,23,270M100,,,930
AB00350,18,LG,270M100,,,655
AB00350,PLAT,MT,270M100,,,470
AB00350,PLAT,12,270M100,,,950
AB00350,PLAT,13,270M100,,,920
AB00350,PLAT,14,270M100,,,875
AB00350,PLAT,15,270M100,,,865
AB00350,PLAT,16,270M100,,,825
AB00350,PLAT,23,270M100,,,825
AB00350,PLAT,LG,270M100,,,550
AB00400,09,MT,140M050,,,130
AB00400,09,12,140M050,,,320
AB00400,09,13,140M050,,,305
AB00400,09,14,140M050,,,290
AB00400,09,15,140M050,,,285
AB00400,09,16,140M050,,,275
AB00400,09,23,140M050,,,275
AB00400,09,LG,140M050,,,195
AB00400,14,MT,140M050,,,225
AB00400,14,12,140M050,,,415
AB00400,14,13,140M050,,,395
AB00400,14,14,140M050,,,385
AB00400,14,15,140M050,,,375
AB00400,14,16,140M050,,,365
AB00400,14,23,140M050,,,365
AB00400,14,LG,140M050,,,290
AB00400,18,MT,140M050,,,325
AB00400,18,12,140M050,,,515
AB00400,18,13,140M050,,,495
AB00400,18,14,140M050,,,485
AB00400,18,15,140M050,,,475
AB00400,18,16,140M050,,,465
AB00400,18,23,140M050,,,465
AB00400,18,LG,140M050,,,390
AB00400,PLAT,MT,140M050,,,265
AB00400,PLAT,12,140M050,,,455
AB00400,PLAT,13,140M050,,,440
AB00400,PLAT,14,140M050,,,425
AB00400,PLAT,15,140M050,,,420
AB00400,PLAT,16,140M050,,,410
AB00400,PLAT,23,140M050,,,410
AB00400,PLAT,LG,140M050,,,330
AB00400,09,MT,190M100,,,185
AB00400,09,12,190M100,,,545
AB00400,09,13,190M100,,,515
AB00400,09,14,190M100,,,485
AB00400,09,15,190M100,,,475
AB00400,09,16,190M100,,,455
AB00400,09,23,190M100,,,435
AB00400,09,LG,190M100,,,275
AB00400,14,MT,190M100,,,325
AB00400,14,12,190M100,,,685
AB00400,14,13,190M100,,,655
AB00400,14,14,190M100,,,630
AB00400,14,15,190M100,,,615
AB00400,14,16,190M100,,,595
AB00400,14,23,190M100,,,575
AB00400,14,LG,190M100,,,415
AB00400,18,MT,190M100,,,470
AB00400,18,12,190M100,,,830
AB00400,18,13,190M100,,,800
AB00400,18,14,190M100,,,775
AB00400,18,15,190M100,,,765
AB00400,18,16,190M100,,,745
AB00400,18,23,190M100,,,725
AB00400,18,LG,190M100,,,560
AB00400,PLAT,MT,190M100,,,385
AB00400,PLAT,12,190M100,,,745
AB00400,PLAT,13,190M100,,,715
AB00400,PLAT,14,190M100,,,690
AB00400,PLAT,15,190M100,,,680
AB00400,PLAT,16,190M100,,,660
AB00400,PLAT,23,190M100,,,635
AB00400,PLAT,LG,190M100,,,475
AB00400,09,MT,240M150,,,210
AB00400,09,12,240M150,,,900
AB00400,09,13,240M150,,,835
AB00400,09,14,240M150,,,790
AB00400,09,15,240M150,,,775
AB00400,09,16,240M150,,,730
AB00400,09,23,240M150,,,715
AB00400,09,LG,240M150,,,330
AB00400,14,MT,240M150,,,375
AB00400,14,12,240M150,,,1060
AB00400,14,13,240M150,,,1000
AB00400,14,14,240M150,,,955
AB00400,14,15,240M150,,,940
AB00400,14,16,240M150,,,895
AB00400,14,23,240M150,,,880
AB00400,14,LG,240M150,,,490
AB00400,18,MT,240M150,,,545
AB00400,18,12,240M150,,,1235
AB00400,18,13,240M150,,,1170
AB00400,18,14,240M150,,,1125
AB00400,18,15,240M150,,,1110
AB00400,18,16,240M150,,,1065
AB00400,18,23,240M150,,,1050
AB00400,18,LG,240M150,,,665
AB00400,PLAT,MT,240M150,,,445
AB00400,PLAT,12,240M150,,,1130
AB00400,PLAT,13,240M150,,,1070
AB00400,PLAT,14,240M150,,,1025
AB00400,PLAT,15,240M150,,,1010
AB00400,PLAT,16,240M150,,,965
AB00400,PLAT,23,240M150,,,950
AB00400,PLAT,LG,240M150,,,560
AB00400,09,MT,270M200,,,240
AB00400,09,12,270M200,,,1200
AB00400,09,13,270M200,,,1150
AB00400,09,14,270M200,,,1055
AB00400,09,15,270M200,,,1035
AB00400,09,16,270M200,,,960
AB00400,09,23,270M200,,,950
AB00400,09,LG,270M200,,,390
AB00400,14,MT,270M200,,,430
AB00400,14,12,270M200,,,1390
AB00400,14,13,270M200,,,1340
AB00400,14,14,270M200,,,1245
AB00400,14,15,270M200,,,1225
AB00400,14,16,270M200,,,1155
AB00400,14,23,270M200,,,1140
AB00400,14,LG,270M200,,,585
AB00400,18,MT,270M200,,,630
AB00400,18,12,270M200,,,1590
AB00400,18,13,270M200,,,1540
AB00400,18,14,270M200,,,1445
AB00400,18,15,270M200,,,1425
AB00400,18,16,270M200,,,1355
AB00400,18,23,270M200,,,1345
AB00400,18,LG,270M200,,,785
AB00400,PLAT,MT,270M200,,,515
AB00400,PLAT,12,270M200,,,1475
AB00400,PLAT,13,270M200,,,1420
AB00400,PLAT,14,270M200,,,1330
AB00400,PLAT,15,270M200,,,1310
AB00400,PLAT,16,270M200,,,1235
AB00400,PLAT,23,270M200,,,1225
AB00400,PLAT,LG,270M200,,,665
AB00450,09,MT,140M025,,,145
AB00450,09,12,140M025,,,240
AB00450,09,13,140M025,,,230
AB00450,09,14,140M025,,,225
AB00450,09,15,140M025,,,220
AB00450,09,16,140M025,,,215
AB00450,09,23,140M025,,,215
AB00450,09,LG,140M025,,,175
AB00450,14,MT,140M025,,,245
AB00450,14,12,140M025,,,340
AB00450,14,13,140M025,,,335
AB00450,14,14,140M025,,,325
AB00450,14,15,140M025,,,325
AB00450,14,16,140M025,,,320
AB00450,14,23,140M025,,,320
AB00450,14,LG,140M025,,,280
AB00450,18,MT,140M025,,,355
AB00450,18,12,140M025,,,450
AB00450,18,13,140M025,,,445
AB00450,18,14,140M025,,,435
AB00450,18,15,140M025,,,435
AB00450,18,16,140M025,,,430
AB00450,18,23,140M025,,,430
AB00450,18,LG,140M025,,,390
AB00450,PLAT,MT,140M025,,,290
AB00450,PLAT,12,140M025,,,385
AB00450,PLAT,13,140M025,,,380
AB00450,PLAT,14,140M025,,,370
AB00450,PLAT,15,140M025,,,370
AB00450,PLAT,16,140M025,,,365
AB00450,PLAT,23,140M025,,,365
AB00450,PLAT,LG,140M025,,,325
AB00450,09,MT,190M050,,,180
AB00450,09,12,190M050,,,365
AB00450,09,13,190M050,,,350
AB00450,09,14,190M050,,,335
AB00450,09,15,190M050,,,330
AB00450,09,16,190M050,,,320
AB00450,09,23,190M050,,,310
AB00450,09,LG,190M050,,,230
AB00450,14,MT,190M050,,,320
AB00450,14,12,190M050,,,500
AB00450,14,13,190M050,,,485
AB00450,14,14,190M050,,,475
AB00450,14,15,190M050,,,470
AB00450,14,16,190M050,,,460
AB00450,14,23,190M050,,,450
AB00450,14,LG,190M050,,,365
AB00450,18,MT,190M050,,,465
AB00450,18,12,190M050,,,650
AB00450,18,13,190M050,,,635
AB00450,18,14,190M050,,,620
AB00450,18,15,190M050,,,615
AB00450,18,16,190M050,,,605
AB00450,18,23,190M050,,,595
AB00450,18,LG,190M050,,,515
AB00450,PLAT,MT,190M050,,,380
AB00450,PLAT,12,190M050,,,560
AB00450,PLAT,13,190M050,,,545
AB00450,PLAT,14,190M050,,,535
AB00450,PLAT,15,190M050,,,530
AB00450,PLAT,16,190M050,,,520
AB00450,PLAT,23,190M050,,,510
AB00450,PLAT,LG,190M050,,,425
AB00450,09,MT,240M070,,,205
AB00450,09,12,240M070,,,530
AB00450,09,13,240M070,,,500
AB00450,09,14,240M070,,,480
AB00450,09,15,240M070,,,470
AB00450,09,16,240M070,,,450
AB00450,09,23,240M070,,,445
AB00450,09,LG,240M070,,,260
AB00450,14,MT,240M070,,,365
AB00450,14,12,240M070,,,690
AB00450,14,13,240M070,,,660
AB00450,14,14,240M070,,,640
AB00450,14,15,240M070,,,630
AB00450,14,16,240M070,,,610
AB00450,14,23,240M070,,,600
AB00450,14,LG,240M070,,,420
AB00450,18,MT,240M070,,,530
AB00450,18,12,240M070,,,855
AB00450,18,13,240M070,,,825
AB00450,18,14,240M070,,,805
AB00450,18,15,240M070,,,800
AB00450,18,16,240M070,,,775
AB00450,18,23,240M070,,,770
AB00450,18,LG,240M070,,,585
AB00450,PLAT,MT,240M070,,,430
AB00450,PLAT,12,240M070,,,755
AB00450,PLAT,13,240M070,,,730
AB00450,PLAT,14,240M070,,,705
AB00450,PLAT,15,240M070,,,700
AB00450,PLAT,16,240M070,,,680
AB00450,PLAT,23,240M070,,,670
AB00450,PLAT,LG,240M070,,,490
AB00450,09,MT,270M100,,,230
AB00450,09,12,270M100,,,710
AB00450,09,13,270M100,,,685
AB00450,09,14,270M100,,,635
AB00450,09,15,270M100,,,625
AB00450,09,16,270M100,,,585
AB00450,09,23,270M100,,,585
AB00450,09,LG,270M100,,,310
AB00450,14,MT,270M100,,,415
AB00450,14,12,270M100,,,895
AB00450,14,13,270M100,,,870
AB00450,14,14,270M100,,,820
AB00450,14,15,270M100,,,810
AB00450,14,16,270M100,,,770
AB00450,14,23,270M100,,,770
AB00450,14,LG,270M100,,,495
AB00450,18,MT,270M100,,,610
AB00450,18,12,270M100,,,1085
AB00450,18,13,270M100,,,1060
AB00450,18,14,270M100,,,1015
AB00450,18,15,270M100,,,1005
AB00450,18,16,270M100,,,960
AB00450,18,23,270M100,,,960
AB00450,18,LG,270M100,,,685
AB00450,PLAT,MT,270M100,,,495
AB00450,PLAT,12,270M100,,,975
AB00450,PLAT,13,270M100,,,950
AB00450,PLAT,14,270M100,,,900
AB00450,PLAT,15,270M100,,,890
AB00450,PLAT,16,270M100,,,850
AB00450,PLAT,23,270M100,,,850
AB00450,PLAT,LG,270M100,,,575
AB00500,09,MT,140M050,,,110
AB00500,09,12,140M050,,,295
AB00500,09,13,140M050,,,280
AB00500,09,14,140M050,,,265
AB00500,09,15,140M050,,,260
AB00500,09,16,140M050,,,250
AB00500,09,23,140M050,,,250
AB00500,09,LG,140M050,,,170
AB00500,14,MT,140M050,,,180
AB00500,14,12,140M050,,,370
AB00500,14,13,140M050,,,355
AB00500,14,14,140M050,,,340
AB00500,14,15,140M050,,,335
AB00500,14,16,140M050,,,325
AB00500,14,23,140M050,,,325
AB00500,14,LG,140M050,,,245
AB00500,18,MT,140M050,,,260
AB00500,18,12,140M050,,,450
AB00500,18,13,140M050,,,430
AB00500,18,14,140M050,,,420
AB00500,18,15,140M050,,,410
AB00500,18,16,140M050,,,400
AB00500,18,23,140M050,,,400
AB00500,18,LG,140M050,,,325
AB00500,PLAT,MT,140M050,,,215
AB00500,PLAT,12,140M050,,,405
AB00500,PLAT,13,140M050,,,385
AB00500,PLAT,14,140M050,,,375
AB00500,PLAT,15,140M050,,,365
AB00500,PLAT,16,140M050,,,355
AB00500,PLAT,23,140M050,,,355
AB00500,PLAT,LG,140M050,,,280
AB00500,09,MT,190M100,,,125
AB00500,09,12,190M100,,,455
AB00500,09,13,190M100,,,425
AB00500,09,14,190M100,,,405
AB00500,09,15,190M100,,,395
AB00500,09,16,190M100,,,375
AB00500,09,23,190M100,,,355
AB00500,09,LG,190M100,,,210
AB00500,14,MT,190M100,,,210
AB00500,14,12,190M100,,,540
AB00500,14,13,190M100,,,515
AB00500,14,14,190M100,,,490
AB00500,14,15,190M100,,,480
AB00500,14,16,190M100,,,465
AB00500,14,23,190M100,,,445
AB00500,14,LG,190M100,,,295
AB00500,18,MT,190M100,,,305
AB00500,18,12,190M100,,,635
AB00500,18,13,190M100,,,605
AB00500,18,14,190M100,,,585
AB00500,18,15,190M100,,,575
AB00500,18,16,190M100,,,555
AB00500,18,23,190M100,,,535
AB00500,18,LG,190M100,,,385
AB00500,PLAT,MT,190M100,,,250
AB00500,PLAT,12,190M100,,,580
AB00500,PLAT,13,190M100,,,550
AB00500,PLAT,14,190M100,,,530
AB00500,PLAT,15,190M100,,,520
AB00500,PLAT,16,190M100,,,500
AB00500,PLAT,23,190M100,,,480
AB00500,PLAT,LG,190M100,,,335
AB00500,09,MT,240M150,,,145
AB00500,09,12,240M150,,,835
AB00500,09,13,240M150,,,775
AB00500,09,14,240M150,,,730
AB00500,09,15,240M150,,,715
AB00500,09,16,240M150,,,670
AB00500,09,23,240M150,,,655
AB00500,09,LG,240M150,,,265
AB00500,14,MT,240M150,,,255
AB00500,14,12,240M150,,,945
AB00500,14,13,240M150,,,885
AB00500,14,14,240M150,,,835
AB00500,14,15,240M150,,,820
AB00500,14,16,240M150,,,775
AB00500,14,23,240M150,,,760
AB00500,14,LG,240M150,,,375
AB00500,18,MT,240M150,,,370
AB00500,18,12,240M150,,,1055
AB00500,18,13,240M150,,,995
AB00500,18,14,240M150,,,950
AB00500,18,15,240M150,,,935
AB00500,18,16,240M150,,,890
AB00500,18,23,240M150,,,875
AB00500,18,LG,240M150,,,485
AB00500,PLAT,MT,240M150,,,300
AB00500,PLAT,12,240M150,,,990
AB00500,PLAT,13,240M150,,,930
AB00500,PLAT,14,240M150,,,885
AB00500,PLAT,15,240M150,,,870
AB00500,PLAT,16,240M150,,,825
AB00500,PLAT,23,240M150,,,810
AB00500,PLAT,LG,240M150,,,420
AB00500,09,MT,270M200,,,180
AB00500,09,12,270M200,,,1140
AB00500,09,13,270M200,,,1090
AB00500,09,14,270M200,,,995
AB00500,09,15,270M200,,,975
AB00500,09,16,270M200,,,900
AB00500,09,23,270M200,,,890
AB00500,09,LG,270M200,,,335
AB00500,14,MT,270M200,,,320
AB00500,14,12,270M200,,,1280
AB00500,14,13,270M200,,,1225
AB00500,14,14,270M200,,,1135
AB00500,14,15,270M200,,,1115
AB00500,14,16,270M200,,,1040
AB00500,14,23,270M200,,,1030
AB00500,14,LG,270M200,,,470
AB00500,18,MT,270M200,,,465
AB00500,18,12,270M200,,,1425
AB00500,18,13,270M200,,,1370
AB00500,18,14,270M200,,,1280
AB00500,18,15,270M200,,,1255
AB00500,18,16,270M200,,,1185
AB00500,18,23,270M200,,,1175
AB00500,18,LG,270M200,,,615
AB00500,PLAT,MT,270M200,,,380
AB00500,PLAT,12,270M200,,,1340
AB00500,PLAT,13,270M200,,,1285
AB00500,PLAT,14,270M200,,,1195
AB00500,PLAT,15,270M200,,,1170
AB00500,PLAT,16,270M200,,,1100
AB00500,PLAT,23,270M200,,,1090
AB00500,PLAT,LG,270M200,,,530
AB00550,09,MT,140M025,,,125
AB00550,09,12,140M025,,,220
AB00550,09,13,140M025,,,210
AB00550,09,14,140M025,,,205
AB00550,09,15,140M025,,,200
AB00550,09,16,140M025,,,195
AB00550,09,23,140M025,,,195
AB00550,09,LG,140M025,,,160
AB00550,14,MT,140M025,,,215
AB00550,14,12,140M025,,,310
AB00550,14,13,140M025,,,300
AB00550,14,14,140M025,,,295
AB00550,14,15,140M025,,,290
AB00550,14,16,140M025,,,285
AB00550,14,23,140M025,,,285
AB00550,14,LG,140M025,,,250
AB00550,18,MT,140M025,,,310
AB00550,18,12,140M025,,,405
AB00550,18,13,140M025,,,395
AB00550,18,14,140M025,,,390
AB00550,18,15,140M025,,,385
AB00550,18,16,140M025,,,380
AB00550,18,23,140M025,,,380
AB00550,18,LG,140M025,,,340
AB00550,PLAT,MT,140M025,,,255
AB00550,PLAT,12,140M025,,,350
AB00550,PLAT,13,140M025,,,340
AB00550,PLAT,14,140M025,,,335
AB00550,PLAT,15,140M025,,,330
AB00550,PLAT,16,140M025,,,325
AB00550,PLAT,23,140M025,,,325
AB00550,PLAT,LG,140M025,,,285
AB00550,09,MT,190M050,,,150
AB00550,09,12,190M050,,,330
AB00550,09,13,190M050,,,315
AB00550,09,14,190M050,,,300
AB00550,09,15,190M050,,,295
AB00550,09,16,190M050,,,285
AB00550,09,23,190M050,,,275
AB00550,09,LG,190M050,,,195
AB00550,14,MT,190M050,,,260
AB00550,14,12,190M050,,,440
AB00550,14,13,190M050,,,425
AB00550,14,14,190M050,,,410
AB00550,14,15,190M050,,,405
AB00550,14,16,190M050,,,395
AB00550,14,23,190M050,,,385
AB00550,14,LG,190M050,,,305
AB00550,18,MT,190M050,,,375
AB00550,18,12,190M050,,,555
AB00550,18,13,190M050,,,540
AB00550,18,14,190M050,,,525
AB00550,18,15,190M050,,,520
AB00550,18,16,190M050,,,510
AB00550,18,23,190M050,,,500
AB00550,18,LG,190M050,,,420
AB00550,PLAT,MT,190M050,,,305
AB00550,PLAT,12,190M050,,,485
AB00550,PLAT,13,190M050,,,470
AB00550,PLAT,14,190M050,,,460
AB00550,PLAT,15,190M050,,,455
AB00550,PLAT,16,190M050,,,445
AB00550,PLAT,23,190M050,,,435
AB00550,PLAT,LG,190M050,,,350
AB00550,09,MT,240M070,,,175
AB00550,09,12,240M070,,,500
AB00550,09,13,240M070,,,470
AB00550,09,14,240M070,,,450
AB00550,09,15,240M070,,,445
AB00550,09,16,240M070,,,420
AB00550,09,23,240M070,,,415
AB00550,09,LG,240M070,,,235
AB00550,14,MT,240M070,,,310
AB00550,14,12,240M070,,,635
AB00550,14,13,240M070,,,605
AB00550,14,14,240M070,,,585
AB00550,14,15,240M070,,,580
AB00550,14,16,240M070,,,555
AB00550,14,23,240M070,,,550
AB00550,14,LG,240M070,,,365
AB00550,18,MT,240M070,,,450
AB00550,18,12,240M070,,,775
AB00550,18,13,240M070,,,745
AB00550,18,14,240M070,,,725
AB00550,18,15,240M070,,,720
AB00550,18,16,240M070,,,695
AB00550,18,23,240M070,,,690
AB00550,18,LG,240M070,,,510
AB00550,PLAT,MT,240M070,,,370
AB00550,PLAT,12,240M070,,,695
AB00550,PLAT,13,240M070,,,665
AB00550,PLAT,14,240M070,,,645
AB00550,PLAT,15,240M070,,,635
AB00550,PLAT,16,240M070,,,615
AB00550,PLAT,23,240M070,,,605
AB00550,PLAT,LG,240M070,,,425
AB00550,09,MT,270M100,,,195
AB00550,09,12,270M100,,,670
AB00550,09,13,270M100,,,645
AB00550,09,14,270M100,,,600
AB00550,09,15,270M100,,,590
AB00550,09,16,270M100,,,545
AB00550,09,23,270M100,,,545
AB00550,09,LG,270M100,,,270
AB00550,14,MT,270M100,,,345
AB00550,14,12,270M100,,,820
AB00550,14,13,270M100,,,795
AB00550,14,14,270M100,,,745
AB00550,14,15,270M100,,,735
AB00550,14,16,270M100,,,695
AB00550,14,23,270M100,,,695
AB00550,14,LG,270M100,,,420
AB00550,18,MT,270M100,,,500
AB00550,18,12,270M100,,,975
AB00550,18,13,270M100,,,950
AB00550,18,14,270M100,,,905
AB00550,18,15,270M100,,,895
AB00550,18,16,270M100,,,850
AB00550,18,23,270M100,,,850
AB00550,18,LG,270M100,,,575
AB00550,PLAT,MT,270M100,,,405
AB00550,PLAT,12,270M100,,,885
AB00550,PLAT,13,270M100,,,860
AB00550,PLAT,14,270M100,,,810
AB00550,PLAT,15,270M100,,,800
AB00550,PLAT,16,270M100,,,760
AB00550,PLAT,23,270M100,,,760
AB00550,PLAT,LG,270M100,,,485
AB00600,09,MT,140M050,,,170
AB00600,09,12,140M050,,,355
AB00600,09,13,140M050,,,340
AB00600,09,14,140M050,,,325
AB00600,09,15,140M050,,,320
AB00600,09,16,140M050,,,310
AB00600,09,23,140M050,,,310
AB00600,09,LG,140M050,,,235
AB00600,14,MT,140M050,,,300
AB00600,14,12,140M050,,,485
AB00600,14,13,140M050,,,465
AB00600,14,14,140M050,,,455
AB00600,14,15,140M050,,,450
AB00600,14,16,140M050,,,440
AB00600,14,23,140M050,,,440
AB00600,14,LG,140M050,,,360
AB00600,18,MT,140M050,,,435
AB00600,18,12,140M050,,,620
AB00600,18,13,140M050,,,600
AB00600,18,14,140M050,,,590
AB00600,18,15,140M050,,,585
AB00600,18,16,140M050,,,575
AB00600,18,23,140M050,,,575
AB00600,18,LG,140M050,,,495
AB00600,PLAT,MT,140M050,,,355
AB00600,PLAT,12,140M050,,,540
AB00600,PLAT,13,140M050,,,525
AB00600,PLAT,14,140M050,,,510
AB00600,PLAT,15,140M050,,,505
AB00600,PLAT,16,140M050,,,495
AB00600,PLAT,23,140M050,,,495
AB00600,PLAT,LG,140M050,,,420
AB00600,09,MT,190M100,,,215
AB00600,09,12,190M100,,,565
AB00600,09,13,190M100,,,535
AB00600,09,14,190M100,,,510
AB00600,09,15,190M100,,,500
AB00600,09,16,190M100,,,480
AB00600,09,23,190M100,,,460
AB00600,09,LG,190M100,,,300
AB00600,14,MT,190M100,,,385
AB00600,14,12,190M100,,,730
AB00600,14,13,190M100,,,700
AB00600,14,14,190M100,,,675
AB00600,14,15,190M100,,,670
AB00600,14,16,190M100,,,650
AB00600,14,23,190M100,,,630
AB00600,14,LG,190M100,,,470
AB00600,18,MT,190M100,,,560
AB00600,18,12,190M100,,,910
AB00600,18,13,190M100,,,880
AB00600,18,14,190M100,,,855
AB00600,18,15,190M100,,,845
AB00600,18,16,190M100,,,825
AB00600,18,23,190M100,,,805
AB00600,18,LG,190M100,,,645
AB00600,PLAT,MT,190M100,,,455
AB00600,PLAT,12,190M100,,,805
AB00600,PLAT,13,190M100,,,775
AB00600,PLAT,14,190M100,,,750
AB00600,PLAT,15,190M100,,,740
AB00600,PLAT,16,190M100,,,720
AB00600,PLAT,23,190M100,,,700
AB00600,PLAT,LG,190M100,,,540
AB00600,09,MT,240M150,,,290
AB00600,09,12,240M150,,,980
AB00600,09,13,240M150,,,915
AB00600,09,14,240M150,,,870
AB00600,09,15,240M150,,,855
AB00600,09,16,240M150,,,810
AB00600,09,23,240M150,,,795
AB00600,09,LG,240M150,,,410
AB00600,14,MT,240M150,,,525
AB00600,14,12,240M150,,,1215
AB00600,14,13,240M150,,,1150
AB00600,14,14,240M150,,,1105
AB00600,14,15,240M150,,,1090
AB00600,14,16,240M150,,,1045
AB00600,14,23,240M150,,,1030
AB00600,14,LG,240M150,,,645
AB00600,18,MT,240M150,,,770
AB00600,18,12,240M150,,,1460
AB00600,18,13,240M150,,,1400
AB00600,18,14,240M150,,,1355
AB00600,18,15,240M150,,,1340
AB00600,18,16,240M150,,,1290
AB00600,18,23,240M150,,,1275
AB00600,18,LG,240M150,,,890
AB00600,PLAT,MT,240M150,,,625
AB00600,PLAT,12,240M150,,,1315
AB00600,PLAT,13,240M150,,,1255
AB00600,PLAT,14,240M150,,,1210
AB00600,PLAT,15,240M150,,,1195
AB00600,PLAT,16,240M150,,,1145
AB00600,PLAT,23,240M150,,,1130
AB00600,PLAT,LG,240M150,,,745
AB00600,09,MT,270M200,,,345
AB00600,09,12,270M200,,,1305
AB00600,09,13,270M200,,,1255
AB00600,09,14,270M200,,,1160
AB00600,09,15,270M200,,,1140
AB00600,09,16,270M200,,,1070
AB00600,09,23,270M200,,,1060
AB00600,09,LG,270M200,,,500
AB00600,14,MT,270M200,,,635
AB00600,14,12,270M200,,,1590
AB00600,14,13,270M200,,,1540
AB00600,14,14,270M200,,,1445
AB00600,14,15,270M200,,,1425
AB00600,14,16,270M200,,,1355
AB00600,14,23,270M200,,,1345
AB00600,14,LG,270M200,,,785
AB00600,18,MT,270M200,,,930
AB00600,18,12,270M200,,,1890
AB00600,18,13,270M200,,,1840
AB00600,18,14,270M200,,,1745
AB00600,18,15,270M200,,,1725
AB00600,18,16,270M200,,,1655
AB00600,18,23,270M200,,,1640
AB00600,18,LG,270M200,,,1085
AB00600,PLAT,MT,270M200,,,755
AB00600,PLAT,12,270M200,,,1715
AB00600,PLAT,13,270M200,,,1665
AB00600,PLAT,14,270M200,,,1570
AB00600,PLAT,15,270M200,,,1550
AB00600,PLAT,16,270M200,,,1475
AB00600,PLAT,23,270M200,,,1465
AB00600,PLAT,LG,270M200,,,910
AB00650,09,MT,140M025,,,165
AB00650,09,12,140M025,,,260
AB00650,09,13,140M025,,,250
AB00650,09,14,140M025,,,245
AB00650,09,15,140M025,,,240
AB00650,09,16,140M025,,,235
AB00650,09,23,140M025,,,235
AB00650,09,LG,140M025,,,195
AB00650,14,MT,140M025,,,285
AB00650,14,12,140M025,,,380
AB00650,14,13,140M025,,,370
AB00650,14,14,140M025,,,365
AB00650,14,15,140M025,,,360
AB00650,14,16,140M025,,,355
AB00650,14,23,140M025,,,355
AB00650,14,LG,140M025,,,320
AB00650,18,MT,140M025,,,415
AB00650,18,12,140M025,,,510
AB00650,18,13,140M025,,,500
AB00650,18,14,140M025,,,495
AB00650,18,15,140M025,,,490
AB00650,18,16,140M025,,,485
AB00650,18,23,140M025,,,485
AB00650,18,LG,140M025,,,445
AB00650,PLAT,MT,140M025,,,340
AB00650,PLAT,12,140M025,,,435
AB00650,PLAT,13,140M025,,,425
AB00650,PLAT,14,140M025,,,420
AB00650,PLAT,15,140M025,,,415
AB00650,PLAT,16,140M025,,,410
AB00650,PLAT,23,140M025,,,410
AB00650,PLAT,LG,140M025,,,370
AB00650,09,MT,200M050,,,180
AB00650,09,12,200M050,,,360
AB00650,09,13,200M050,,,345
AB00650,09,14,200M050,,,335
AB00650,09,15,200M050,,,330
AB00650,09,16,200M050,,,320
AB00650,09,23,200M050,,,310
AB00650,09,LG,200M050,,,225
AB00650,14,MT,200M050,,,320
AB00650,14,12,200M050,,,500
AB00650,14,13,200M050,,,485
AB00650,14,14,200M050,,,475
AB00650,14,15,200M050,,,470
AB00650,14,16,200M050,,,460
AB00650,14,23,200M050,,,450
AB00650,14,LG,200M050,,,365
AB00650,18,MT,200M050,,,470
AB00650,18,12,200M050,,,650
AB00650,18,13,200M050,,,630
AB00650,18,14,200M050,,,620
AB00650,18,15,200M050,,,615
AB00650,18,16,200M050,,,605
AB00650,18,23,200M050,,,595
AB00650,18,LG,200M050,,,515
AB00650,PLAT,MT,200M050,,,380
AB00650,PLAT,12,200M050,,,560
AB00650,PLAT,13,200M050,,,545
AB00650,PLAT,14,200M050,,,535
AB00650,PLAT,15,200M050,,,530
AB00650,PLAT,16,200M050,,,520
AB00650,PLAT,23,200M050,,,510
AB00650,PLAT,LG,200M050,,,425
AB00650,09,MT,240M070,,,255
AB00650,09,12,240M070,,,580
AB00650,09,13,240M070,,,550
AB00650,09,14,240M070,,,530
AB00650,09,15,240M070,,,525
AB00650,09,16,240M070,,,500
AB00650,09,23,240M070,,,495
AB00650,09,LG,240M070,,,310
AB00650,14,MT,240M070,,,460
AB00650,14,12,240M070,,,785
AB00650,14,13,240M070,,,755
AB00650,14,14,240M070,,,735
AB00650,14,15,240M070,,,730
AB00650,14,16,240M070,,,705
AB00650,14,23,240M070,,,700
AB00650,14,LG,240M070,,,515
AB00650,18,MT,240M070,,,675
AB00650,18,12,240M070,,,1000
AB00650,18,13,240M070,,,970
AB00650,18,14,240M070,,,950
AB00650,18,15,240M070,,,945
AB00650,18,16,240M070,,,920
AB00650,18,23,240M070,,,915
AB00650,18,LG,240M070,,,730
AB00650,PLAT,MT,240M070,,,550
AB00650,PLAT,12,240M070,,,875
AB00650,PLAT,13,240M070,,,845
AB00650,PLAT,14,240M070,,,825
AB00650,PLAT,15,240M070,,,815
AB00650,PLAT,16,240M070,,,795
AB00650,PLAT,23,240M070,,,790
AB00650,PLAT,LG,240M070,,,605
AB00650,09,MT,280M100,,,300
AB00650,09,12,280M100,,,760
AB00650,09,13,280M100,,,735
AB00650,09,14,280M100,,,690
AB00650,09,15,280M100,,,680
AB00650,09,16,280M100,,,640
AB00650,09,23,280M100,,,640
AB00650,09,LG,280M100,,,375
AB00650,14,MT,280M100,,,545
AB00650,14,12,280M100,,,1005
AB00650,14,13,280M100,,,980
AB00650,14,14,280M100,,,935
AB00650,14,15,280M100,,,925
AB00650,14,16,280M100,,,885
AB00650,14,23,280M100,,,885
AB00650,14,LG,280M100,,,620
AB00650,18,MT,280M100,,,805
AB00650,18,12,280M100,,,1260
AB00650,18,13,280M100,,,1235
AB00650,18,14,280M100,,,1190
AB00650,18,15,280M100,,,1180
AB00650,18,16,280M100,,,1140
AB00650,18,23,280M100,,,1140
AB00650,18,LG,280M100,,,875
AB00650,PLAT,MT,280M100,,,650
AB00650,PLAT,12,280M100,,,1110
AB00650,PLAT,13,280M100,,,1085
AB00650,PLAT,14,280M100,,,1040
AB00650,PLAT,15,280M100,,,1030
AB00650,PLAT,16,280M100,,,990
AB00650,PLAT,23,280M100,,,990
AB00650,PLAT,LG,280M100,,,725
AB00700,09,MT,140M050,,,110
AB00700,09,12,140M050,,,275
AB00700,09,13,140M050,,,260
AB00700,09,14,140M050,,,245
AB00700,09,15,140M050,,,240
AB00700,09,16,140M050,,,230
AB00700,09,23,140M050,,,230
AB00700,09,LG,140M050,,,160
AB00700,14,MT,140M050,,,180
AB00700,14,12,140M050,,,350
AB00700,14,13,140M050,,,330
AB00700,14,14,140M050,,,320
AB00700,14,15,140M050,,,315
AB00700,14,16,140M050,,,305
AB00700,14,23,140M050,,,305
AB00700,14,LG,140M050,,,235
AB00700,18,MT,140M050,,,260
AB00700,18,12,140M050,,,425
AB00700,18,13,140M050,,,410
AB00700,18,14,140M050,,,400
AB00700,18,15,140M050,,,390
AB00700,18,16,140M050,,,380
AB00700,18,23,140M050,,,380
AB00700,18,LG,140M050,,,310
AB00700,PLAT,MT,140M050,,,215
AB00700,PLAT,12,140M050,,,380
AB00700,PLAT,13,140M050,,,365
AB00700,PLAT,14,140M050,,,350
AB00700,PLAT,15,140M050,,,345
AB00700,PLAT,16,140M050,,,335
AB00700,PLAT,23,140M050,,,335
AB00700,PLAT,LG,140M050,,,265
AB00700,09,MT,190M100,,,145
AB00700,09,12,190M100,,,515
AB00700,09,13,190M100,,,485
AB00700,09,14,190M100,,,460
AB00700,09,15,190M100,,,450
AB00700,09,16,190M100,,,425
AB00700,09,23,190M100,,,405
AB00700,09,LG,190M100,,,230
AB00700,14,MT,190M100,,,250
AB00700,14,12,190M100,,,620
AB00700,14,13,190M100,,,590
AB00700,14,14,190M100,,,565
AB00700,14,15,190M100,,,555
AB00700,14,16,190M100,,,535
AB00700,14,23,190M100,,,510
AB00700,14,LG,190M100,,,335
AB00700,18,MT,190M100,,,360
AB00700,18,12,190M100,,,730
AB00700,18,13,190M100,,,700
AB00700,18,14,190M100,,,675
AB00700,18,15,190M100,,,665
AB00700,18,16,190M100,,,645
AB00700,18,23,190M100,,,625
AB00700,18,LG,190M100,,,445
AB00700,PLAT,MT,190M100,,,295
AB00700,PLAT,12,190M100,,,665
AB00700,PLAT,13,190M100,,,635
AB00700,PLAT,14,190M100,,,610
AB00700,PLAT,15,190M100,,,600
AB00700,PLAT,16,190M100,,,580
AB00700,PLAT,23,190M100,,,560
AB00700,PLAT,LG,190M100,,,380
AB00700,09,MT,240M150,,,175
AB00700,09,12,240M150,,,790
AB00700,09,13,240M150,,,735
AB00700,09,14,240M150,,,695
AB00700,09,15,240M150,,,680
AB00700,09,16,240M150,,,640
AB00700,09,23,240M150,,,625
AB00700,09,LG,240M150,,,280
AB00700,14,MT,240M150,,,305
AB00700,14,12,240M150,,,925
AB00700,14,13,240M150,,,870
AB00700,14,14,240M150,,,825
AB00700,14,15,240M150,,,815
AB00700,14,16,240M150,,,770
AB00700,14,23,240M150,,,760
AB00700,14,LG,240M150,,,410
AB00700,18,MT,240M150,,,440
AB00700,18,12,240M150,,,1060
AB00700,18,13,240M150,,,1005
AB00700,18,14,240M150,,,965
AB00700,18,15,240M150,,,950
AB00700,18,16,240M150,,,910
AB00700,18,23,240M150,,,895
AB00700,18,LG,240M150,,,545
AB00700,PLAT,MT,240M150,,,360
AB00700,PLAT,12,240M150,,,980
AB00700,PLAT,13,240M150,,,925
AB00700,PLAT,14,240M150,,,885
AB00700,PLAT,15,240M150,,,870
AB00700,PLAT,16,240M150,,,830
AB00700,PLAT,23,240M150,,,815
AB00700,PLAT,LG,240M150,,,465
AB00700,09,MT,270M200,,,195
AB00700,09,12,270M200,,,1030
AB00700,09,13,270M200,,,985
AB00700,09,14,270M200,,,905
AB00700,09,15,270M200,,,885
AB00700,09,16,270M200,,,825
AB00700,09,23,270M200,,,815
AB00700,09,LG,270M200,,,330
AB00700,14,MT,270M200,,,350
AB00700,14,12,270M200,,,1180
AB00700,14,13,270M200,,,1135
AB00700,14,14,270M200,,,1055
AB00700,14,15,270M200,,,1040
AB00700,14,16,270M200,,,975
AB00700,14,23,270M200,,,965
AB00700,14,LG,270M200,,,480
AB00700,18,MT,270M200,,,510
AB00700,18,12,270M200,,,1340
AB00700,18,13,270M200,,,1295
AB00700,18,14,270M200,,,1215
AB00700,18,15,270M200,,,1200
AB00700,18,16,270M200,,,1135
AB00700,18,23,270M200,,,1125
AB00700,18,LG,270M200,,,640
AB00700,PLAT,MT,270M200,,,415
AB00700,PLAT,12,270M200,,,1250
AB00700,PLAT,13,270M200,,,1205
AB00700,PLAT,14,270M200,,,1120
AB00700,PLAT,15,270M200,,,1105
AB00700,PLAT,16,270M200,,,1040
AB00700,PLAT,23,270M200,,,1030
AB00700,PLAT,LG,270M200,,,545
AB00750,09,MT,150M025,,,110
AB00750,09,12,150M025,,,200
AB00750,09,13,150M025,,,190
AB00750,09,14,150M025,,,185
AB00750,09,15,150M025,,,180
AB00750,09,16,150M025,,,175
AB00750,09,23,150M025,,,175
AB00750,09,LG,150M025,,,135
AB00750,14,MT,150M025,,,180
AB00750,14,12,150M025,,,275
AB00750,14,13,150M025,,,265
AB00750,14,14,150M025,,,260
AB00750,14,15,150M025,,,255
AB00750,14,16,150M025,,,250
AB00750,14,23,150M025,,,250
AB00750,14,LG,150M025,,,210
AB00750,18,MT,150M025,,,260
AB00750,18,12,150M025,,,350
AB00750,18,13,150M025,,,345
AB00750,18,14,150M025,,,335
AB00750,18,15,150M025,,,335
AB00750,18,16,150M025,,,330
AB00750,18,23,150M025,,,330
AB00750,18,LG,150M025,,,290
AB00750,PLAT,MT,150M025,,,215
AB00750,PLAT,12,150M025,,,305
AB00750,PLAT,13,150M025,,,300
AB00750,PLAT,14,150M025,,,290
AB00750,PLAT,15,150M025,,,290
AB00750,PLAT,16,150M025,,,280
AB00750,PLAT,23,150M025,,,280
AB00750,PLAT,LG,150M025,,,245
AB00750,09,MT,220M050,,,145
AB00750,09,12,220M050,,,320
AB00750,09,13,220M050,,,305
AB00750,09,14,220M050,,,295
AB00750,09,15,220M050,,,290
AB00750,09,16,220M050,,,280
AB00750,09,23,220M050,,,270
AB00750,09,LG,220M050,,,190
AB00750,14,MT,220M050,,,255
AB00750,14,12,220M050,,,430
AB00750,14,13,220M050,,,415
AB00750,14,14,220M050,,,405
AB00750,14,15,220M050,,,400
AB00750,14,16,220M050,,,390
AB00750,14,23,220M050,,,375
AB00750,14,LG,220M050,,,295
AB00750,18,MT,220M050,,,370
AB00750,18,12,220M050,,,545
AB00750,18,13,220M050,,,530
AB00750,18,14,220M050,,,515
AB00750,18,15,220M050,,,510
AB00750,18,16,220M050,,,500
AB00750,18,23,220M050,,,490
AB00750,18,LG,220M050,,,410
AB00750,PLAT,MT,220M050,,,300
AB00750,PLAT,12,220M050,,,475
AB00750,PLAT,13,220M050,,,460
AB00750,PLAT,14,220M050,,,450
AB00750,PLAT,15,220M050,,,445
AB00750,PLAT,16,220M050,,,435
AB00750,PLAT,23,220M050,,,425
AB00750,PLAT,LG,220M050,,,345
AB00750,09,MT,250M070,,,170
AB00750,09,12,250M070,,,500
AB00750,09,13,250M070,,,470
AB00750,09,14,250M070,,,450
AB00750,09,15,250M070,,,440
AB00750,09,16,250M070,,,420
AB00750,09,23,250M070,,,410
AB00750,09,LG,250M070,,,225
AB00750,14,MT,250M070,,,300
AB00750,14,12,250M070,,,630
AB00750,14,13,250M070,,,600
AB00750,14,14,250M070,,,575
AB00750,14,15,250M070,,,570
AB00750,14,16,250M070,,,550
AB00750,14,23,250M070,,,540
AB00750,14,LG,250M070,,,355
AB00750,18,MT,250M070,,,435
AB00750,18,12,250M070,,,765
AB00750,18,13,250M070,,,735
AB00750,18,14,250M070,,,710
AB00750,18,15,250M070,,,705
AB00750,18,16,250M070,,,685
AB00750,18,23,250M070,,,675
AB00750,18,LG,250M070,,,490
AB00750,PLAT,MT,250M070,,,355
AB00750,PLAT,12,250M070,,,685
AB00750,PLAT,13,250M070,,,655
AB00750,PLAT,14,250M070,,,635
AB00750,PLAT,15,250M070,,,625
AB00750,PLAT,16,250M070,,,605
AB00750,PLAT,23,250M070,,,595
AB00750,PLAT,LG,250M070,,,410
AB00750,09,MT,280M100,,,175
AB00750,09,12,280M100,,,645
AB00750,09,13,280M100,,,620
AB00750,09,14,280M100,,,575
AB00750,09,15,280M100,,,565
AB00750,09,16,280M100,,,530
AB00750,09,23,280M100,,,525
AB00750,09,LG,280M100,,,250
AB00750,14,MT,280M100,,,310
AB00750,14,12,280M100,,,780
AB00750,14,13,280M100,,,755
AB00750,14,14,280M100,,,705
AB00750,14,15,280M100,,,695
AB00750,14,16,280M100,,,660
AB00750,14,23,280M100,,,655
AB00750,14,LG,280M100,,,385
AB00750,18,MT,280M100,,,450
AB00750,18,12,280M100,,,920
AB00750,18,13,280M100,,,895
AB00750,18,14,280M100,,,845
AB00750,18,15,280M100,,,835
AB00750,18,16,280M100,,,800
AB00750,18,23,280M100,,,795
AB00750,18,LG,280M100,,,525
AB00750,PLAT,MT,280M100,,,365
AB00750,PLAT,12,280M100,,,835
AB00750,PLAT,13,280M100,,,810
AB00750,PLAT,14,280M100,,,765
AB00750,PLAT,15,280M100,,,755
AB00750,PLAT,16,280M100,,,720
AB00750,PLAT,23,280M100,,,715
AB00750,PLAT,LG,280M100,,,440
AB00800,09,MT,140M050,,,115
AB00800,09,12,140M050,,,290
AB00800,09,13,140M050,,,275
AB00800,09,14,140M050,,,260
AB00800,09,15,140M050,,,255
AB00800,09,16,140M050,,,245
AB00800,09,23,140M050,,,245
AB00800,09,LG,140M050,,,170
AB00800,14,MT,140M050,,,190
AB00800,14,12,140M050,,,370
AB00800,14,13,140M050,,,350
AB00800,14,14,140M050,,,340
AB00800,14,15,140M050,,,330
AB00800,14,16,140M050,,,325
AB00800,14,23,140M050,,,325
AB00800,14,LG,140M050,,,250
AB00800,18,MT,140M050,,,275
AB00800,18,12,140M050,,,450
AB00800,18,13,140M050,,,435
AB00800,18,14,140M050,,,420
AB00800,18,15,140M050,,,415
AB00800,18,16,140M050,,,405
AB00800,18,23,140M050,,,405
AB00800,18,LG,140M050,,,330
AB00800,PLAT,MT,140M050,,,225
AB00800,PLAT,12,140M050,,,400
AB00800,PLAT,13,140M050,,,385
AB00800,PLAT,14,140M050,,,375
AB00800,PLAT,15,140M050,,,365
AB00800,PLAT,16,140M050,,,355
AB00800,PLAT,23,140M050,,,355
AB00800,PLAT,LG,140M050,,,280
AB00800,09,MT,190M100,,,170
AB00800,09,12,190M100,,,510
AB00800,09,13,190M100,,,485
AB00800,09,14,190M100,,,460
AB00800,09,15,190M100,,,450
AB00800,09,16,190M100,,,430
AB00800,09,23,190M100,,,410
AB00800,09,LG,190M100,,,250
AB00800,14,MT,190M100,,,295
AB00800,14,12,190M100,,,640
AB00800,14,13,190M100,,,610
AB00800,14,14,190M100,,,585
AB00800,14,15,190M100,,,575
AB00800,14,16,190M100,,,555
AB00800,14,23,190M100,,,540
AB00800,14,LG,190M100,,,375
AB00800,18,MT,190M100,,,425
AB00800,18,12,190M100,,,770
AB00800,18,13,190M100,,,745
AB00800,18,14,190M100,,,720
AB00800,18,15,190M100,,,710
AB00800,18,16,190M100,,,690
AB00800,18,23,190M100,,,670
AB00800,18,LG,190M100,,,510
AB00800,PLAT,MT,190M100,,,350
AB00800,PLAT,12,190M100,,,695
AB00800,PLAT,13,190M100,,,665
AB00800,PLAT,14,190M100,,,640
AB00800,PLAT,15,190M100,,,630
AB00800,PLAT,16,190M100,,,610
AB00800,PLAT,23,190M100,,,595
AB00800,PLAT,LG,190M100,,,430
AB00800,09,MT,240M150,,,205
AB00800,09,12,240M150,,,825
AB00800,09,13,240M150,,,770
AB00800,09,14,240M150,,,725
AB00800,09,15,240M150,,,715
AB00800,09,16,240M150,,,670
AB00800,09,23,240M150,,,660
AB00800,09,LG,240M150,,,310
AB00800,14,MT,240M150,,,365
AB00800,14,12,240M150,,,980
AB00800,14,13,240M150,,,925
AB00800,14,14,240M150,,,885
AB00800,14,15,240M150,,,870
AB00800,14,16,240M150,,,830
AB00800,14,23,240M150,,,815
AB00800,14,LG,240M150,,,470
AB00800,18,MT,240M150,,,530
AB00800,18,12,240M150,,,1150
AB00800,18,13,240M150,,,1095
AB00800,18,14,240M150,,,1050
AB00800,18,15,240M150,,,1040
AB00800,18,16,240M150,,,995
AB00800,18,23,240M150,,,985
AB00800,18,LG,240M150,,,635
AB00800,PLAT,MT,240M150,,,430
AB00800,PLAT,12,240M150,,,1050
AB00800,PLAT,13,240M150,,,995
AB00800,PLAT,14,240M150,,,955
AB00800,PLAT,15,240M150,,,940
AB00800,PLAT,16,240M150,,,900
AB00800,PLAT,23,240M150,,,885
AB00800,PLAT,LG,240M150,,,535
AB00800,09,MT,270M200,,,310
AB00800,09,12,270M200,,,1415
AB00800,09,13,270M200,,,1295
AB00800,09,14,270M200,,,1160
AB00800,09,15,270M200,,,1110
AB00800,09,16,270M200,,,1040
AB00800,09,23,270M200,,,1040
AB00800,09,LG,270M200,,,455
AB00800,14,MT,270M200,,,565
AB00800,14,12,270M200,,,1670
AB00800,14,13,270M200,,,1545
AB00800,14,14,270M200,,,1415
AB00800,14,15,270M200,,,1365
AB00800,14,16,270M200,,,1295
AB00800,14,23,270M200,,,1295
AB00800,14,LG,270M200,,,710
AB00800,18,MT,270M200,,,830
AB00800,18,12,270M200,,,1935
AB00800,18,13,270M200,,,1810
AB00800,18,14,270M200,,,1680
AB00800,18,15,270M200,,,1630
AB00800,18,16,270M200,,,1560
AB00800,18,23,270M200,,,1560
AB00800,18,LG,270M200,,,975
AB00800,PLAT,MT,270M200,,,675
AB00800,PLAT,12,270M200,,,1780
AB00800,PLAT,13,270M200,,,1655
AB00800,PLAT,14,270M200,,,1525
AB00800,PLAT,15,270M200,,,1475
AB00800,PLAT,16,270M200,,,1405
AB00800,PLAT,23,270M200,,,1405
AB00800,PLAT,LG,270M200,,,820
AB00850,09,MT,150M025,,,115
AB00850,09,12,150M025,,,205
AB00850,09,13,150M025,,,195
AB00850,09,14,150M025,,,190
AB00850,09,15,150M025,,,185
AB00850,09,16,150M025,,,180
AB00850,09,23,150M025,,,180
AB00850,09,LG,150M025,,,145
AB00850,14,MT,150M025,,,190
AB00850,14,12,150M025,,,285
AB00850,14,13,150M025,,,275
AB00850,14,14,150M025,,,270
AB00850,14,15,150M025,,,265
AB00850,14,16,150M025,,,260
AB00850,14,23,150M025,,,260
AB00850,14,LG,150M025,,,220
AB00850,18,MT,150M025,,,275
AB00850,18,12,150M025,,,365
AB00850,18,13,150M025,,,360
AB00850,18,14,150M025,,,350
AB00850,18,15,150M025,,,350
AB00850,18,16,150M025,,,340
AB00850,18,23,150M025,,,340
AB00850,18,LG,150M025,,,305
AB00850,PLAT,MT,150M025,,,225
AB00850,PLAT,12,150M025,,,320
AB00850,PLAT,13,150M025,,,310
AB00850,PLAT,14,150M025,,,305
AB00850,PLAT,15,150M025,,,300
AB00850,PLAT,16,150M025,,,295
AB00850,PLAT,23,150M025,,,295
AB00850,PLAT,LG,150M025,,,255
AB00850,09,MT,220M050,,,145
AB00850,09,12,220M050,,,320
AB00850,09,13,220M050,,,305
AB00850,09,14,220M050,,,295
AB00850,09,15,220M050,,,290
AB00850,09,16,220M050,,,280
AB00850,09,23,220M050,,,270
AB00850,09,LG,220M050,,,190
AB00850,14,MT,220M050,,,255
AB00850,14,12,220M050,,,430
AB00850,14,13,220M050,,,415
AB00850,14,14,220M050,,,405
AB00850,14,15,220M050,,,400
AB00850,14,16,220M050,,,390
AB00850,14,23,220M050,,,375
AB00850,14,LG,220M050,,,295
AB00850,18,MT,220M050,,,370
AB00850,18,12,220M050,,,545
AB00850,18,13,220M050,,,530
AB00850,18,14,220M050,,,515
AB00850,18,15,220M050,,,510
AB00850,18,16,220M050,,,500
AB00850,18,23,220M050,,,490
AB00850,18,LG,220M050,,,410
AB00850,PLAT,MT,220M050,,,300
AB00850,PLAT,12,220M050,,,475
AB00850,PLAT,13,220M050,,,460
AB00850,PLAT,14,220M050,,,450
AB00850,PLAT,15,220M050,,,445
AB00850,PLAT,16,220M050,,,435
AB00850,PLAT,23,220M050,,,425
AB00850,PLAT,LG,220M050,,,345
AB00850,09,MT,250M070,,,175
AB00850,09,12,250M070,,,410
AB00850,09,13,250M070,,,390
AB00850,09,14,250M070,,,375
AB00850,09,15,250M070,,,365
AB00850,09,16,250M070,,,350
AB00850,09,23,250M070,,,340
AB00850,09,LG,250M070,,,225
AB00850,14,MT,250M070,,,305
AB00850,14,12,250M070,,,545
AB00850,14,13,250M070,,,520
AB00850,14,14,250M070,,,505
AB00850,14,15,250M070,,,495
AB00850,14,16,250M070,,,485
AB00850,14,23,250M070,,,470
AB00850,14,LG,250M070,,,355
AB00850,18,MT,250M070,,,440
AB00850,18,12,250M070,,,680
AB00850,18,13,250M070,,,660
AB00850,18,14,250M070,,,640
AB00850,18,15,250M070,,,635
AB00850,18,16,250M070,,,620
AB00850,18,23,250M070,,,605
AB00850,18,LG,250M070,,,495
AB00850,PLAT,MT,250M070,,,360
AB00850,PLAT,12,250M070,,,600
AB00850,PLAT,13,250M070,,,580
AB00850,PLAT,14,250M070,,,560
AB00850,PLAT,15,250M070,,,555
AB00850,PLAT,16,250M070,,,540
AB00850,PLAT,23,250M070,,,525
AB00850,PLAT,LG,250M070,,,415
AB00850,09,MT,280M100,,,185
AB00850,09,12,280M100,,,645
AB00850,09,13,280M100,,,620
AB00850,09,14,280M100,,,575
AB00850,09,15,280M100,,,565
AB00850,09,16,280M100,,,525
AB00850,09,23,280M100,,,525
AB00850,09,LG,280M100,,,255
AB00850,14,MT,280M100,,,325
AB00850,14,12,280M100,,,790
AB00850,14,13,280M100,,,760
AB00850,14,14,280M100,,,715
AB00850,14,15,280M100,,,705
AB00850,14,16,280M100,,,665
AB00850,14,23,280M100,,,665
AB00850,14,LG,280M100,,,400
AB00850,18,MT,280M100,,,470
AB00850,18,12,280M100,,,935
AB00850,18,13,280M100,,,910
AB00850,18,14,280M100,,,865
AB00850,18,15,280M100,,,855
AB00850,18,16,280M100,,,815
AB00850,18,23,280M100,,,815
AB00850,18,LG,280M100,,,545
AB00850,PLAT,MT,280M100,,,385
AB00850,PLAT,12,280M100,,,850
AB00850,PLAT,13,280M100,,,825
AB00850,PLAT,14,280M100,,,775
AB00850,PLAT,15,280M100,,,765
AB00850,PLAT,16,280M100,,,725
AB00850,PLAT,23,280M100,,,725
AB00850,PLAT,LG,280M100,,,460
AB00900,09,MT,140M050,,,115
AB00900,09,12,140M050,,,305
AB00900,09,13,140M050,,,290
AB00900,09,14,140M050,,,275
AB00900,09,15,140M050,,,270
AB00900,09,16,140M050,,,260
AB00900,09,23,140M050,,,260
AB00900,09,LG,140M050,,,175
AB00900,14,MT,140M050,,,195
AB00900,14,12,140M050,,,390
AB00900,14,13,140M050,,,370
AB00900,14,14,140M050,,,355
AB00900,14,15,140M050,,,350
AB00900,14,16,140M050,,,340
AB00900,14,23,140M050,,,340
AB00900,14,LG,140M050,,,260
AB00900,18,MT,140M050,,,280
AB00900,18,12,140M050,,,475
AB00900,18,13,140M050,,,455
AB00900,18,14,140M050,,,440
AB00900,18,15,140M050,,,435
AB00900,18,16,140M050,,,425
AB00900,18,23,140M050,,,425
AB00900,18,LG,140M050,,,345
AB00900,PLAT,MT,140M050,,,230
AB00900,PLAT,12,140M050,,,425
AB00900,PLAT,13,140M050,,,405
AB00900,PLAT,14,140M050,,,390
AB00900,PLAT,15,140M050,,,385
AB00900,PLAT,16,140M050,,,375
AB00900,PLAT,23,140M050,,,375
AB00900,PLAT,LG,140M050,,,295
AB00900,09,MT,190M100,,,170
AB00900,09,12,190M100,,,505
AB00900,09,13,190M100,,,480
AB00900,09,14,190M100,,,455
AB00900,09,15,190M100,,,445
AB00900,09,16,190M100,,,425
AB00900,09,23,190M100,,,405
AB00900,09,LG,190M100,,,250
AB00900,14,MT,190M100,,,295
AB00900,14,12,190M100,,,635
AB00900,14,13,190M100,,,605
AB00900,14,14,190M100,,,580
AB00900,14,15,190M100,,,570
AB00900,14,16,190M100,,,550
AB00900,14,23,190M100,,,530
AB00900,14,LG,190M100,,,380
AB00900,18,MT,190M100,,,425
AB00900,18,12,190M100,,,765
AB00900,18,13,190M100,,,735
AB00900,18,14,190M100,,,715
AB00900,18,15,190M100,,,705
AB00900,18,16,190M100,,,685
AB00900,18,23,190M100,,,665
AB00900,18,LG,190M100,,,510
AB00900,PLAT,MT,190M100,,,350
AB00900,PLAT,12,190M100,,,690
AB00900,PLAT,13,190M100,,,660
AB00900,PLAT,14,190M100,,,635
AB00900,PLAT,15,190M100,,,625
AB00900,PLAT,16,190M100,,,605
AB00900,PLAT,23,190M100,,,585
AB00900,PLAT,LG,190M100,,,435
AB00900,09,MT,240M150,,,195
AB00900,09,12,240M150,,,855
AB00900,09,13,240M150,,,800
AB00900,09,14,240M150,,,755
AB00900,09,15,240M150,,,740
AB00900,09,16,240M150,,,695
AB00900,09,23,240M150,,,680
AB00900,09,LG,240M150,,,310
AB00900,14,MT,240M150,,,350
AB00900,14,12,240M150,,,1010
AB00900,14,13,240M150,,,950
AB00900,14,14,240M150,,,905
AB00900,14,15,240M150,,,895
AB00900,14,16,240M150,,,850
AB00900,14,23,240M150,,,835
AB00900,14,LG,240M150,,,460
AB00900,18,MT,240M150,,,510
AB00900,18,12,240M150,,,1170
AB00900,18,13,240M150,,,1110
AB00900,18,14,240M150,,,1065
AB00900,18,15,240M150,,,1050
AB00900,18,16,240M150,,,1010
AB00900,18,23,240M150,,,995
AB00900,18,LG,240M150,,,620
AB00900,PLAT,MT,240M150,,,415
AB00900,PLAT,12,240M150,,,1075
AB00900,PLAT,13,240M150,,,1015
AB00900,PLAT,14,240M150,,,975
AB00900,PLAT,15,240M150,,,960
AB00900,PLAT,16,240M150,,,915
AB00900,PLAT,23,240M150,,,900
AB00900,PLAT,LG,240M150,,,530
AB00900,09,MT,270M200,,,240
AB00900,09,12,270M200,,,1155
AB00900,09,13,270M200,,,1105
AB00900,09,14,270M200,,,1015
AB00900,09,15,270M200,,,995
AB00900,09,16,270M200,,,930
AB00900,09,23,270M200,,,920
AB00900,09,LG,270M200,,,385
AB00900,14,MT,270M200,,,425
AB00900,14,12,270M200,,,1345
AB00900,14,13,270M200,,,1295
AB00900,14,14,270M200,,,1205
AB00900,14,15,270M200,,,1185
AB00900,14,16,270M200,,,1115
AB00900,14,23,270M200,,,1105
AB00900,14,LG,270M200,,,570
AB00900,18,MT,270M200,,,625
AB00900,18,12,270M200,,,1540
AB00900,18,13,270M200,,,1495
AB00900,18,14,270M200,,,1405
AB00900,18,15,270M200,,,1385
AB00900,18,16,270M200,,,1315
AB00900,18,23,270M200,,,1305
AB00900,18,LG,270M200,,,770
AB00900,PLAT,MT,270M200,,,510
AB00900,PLAT,12,270M200,,,1425
AB00900,PLAT,13,270M200,,,1375
AB00900,PLAT,14,270M200,,,1285
AB00900,PLAT,15,270M200,,,1265
AB00900,PLAT,16,270M200,,,1200
AB00900,PLAT,23,270M200,,,1190
AB00900,PLAT,LG,270M200,,,655
AB00950,09,MT,150M025,,,110
AB00950,09,12,150M025,,,200
AB00950,09,13,150M025,,,190
AB00950,09,14,150M025,,,185
AB00950,09,15,150M025,,,180
AB00950,09,16,150M025,,,175
AB00950,09,23,150M025,,,175
AB00950,09,LG,150M025,,,135
AB00950,14,MT,150M025,,,180
AB00950,14,12,150M025,,,275
AB00950,14,13,150M025,,,265
AB00950,14,14,150M025,,,260
AB00950,14,15,150M025,,,255
AB00950,14,16,150M025,,,250
AB00950,14,23,150M025,,,250
AB00950,14,LG,150M025,,,210
AB00950,18,MT,150M025,,,260
AB00950,18,12,150M025,,,350
AB00950,18,13,150M025,,,345
AB00950,18,14,150M025,,,335
AB00950,18,15,150M025,,,335
AB00950,18,16,150M025,,,330
AB00950,18,23,150M025,,,330
AB00950,18,LG,150M025,,,290
AB00950,PLAT,MT,150M025,,,215
AB00950,PLAT,12,150M025,,,305
AB00950,PLAT,13,150M025,,,300
AB00950,PLAT,14,150M025,,,290
AB00950,PLAT,15,150M025,,,290
AB00950,PLAT,16,150M025,,,280
AB00950,PLAT,23,150M025,,,280
AB00950,PLAT,LG,150M025,,,245
AB00950,09,MT,210M050,,,135
AB00950,09,12,210M050,,,315
AB00950,09,13,210M050,,,300
AB00950,09,14,210M050,,,285
AB00950,09,15,210M050,,,280
AB00950,09,16,210M050,,,270
AB00950,09,23,210M050,,,260
AB00950,09,LG,210M050,,,180
AB00950,14,MT,210M050,,,230
AB00950,14,12,210M050,,,410
AB00950,14,13,210M050,,,395
AB00950,14,14,210M050,,,385
AB00950,14,15,210M050,,,380
AB00950,14,16,210M050,,,370
AB00950,14,23,210M050,,,360
AB00950,14,LG,210M050,,,275
AB00950,18,MT,210M050,,,330
AB00950,18,12,210M050,,,515
AB00950,18,13,210M050,,,500
AB00950,18,14,210M050,,,485
AB00950,18,15,210M050,,,480
AB00950,18,16,210M050,,,470
AB00950,18,23,210M050,,,460
AB00950,18,LG,210M050,,,375
AB00950,PLAT,MT,210M050,,,275
AB00950,PLAT,12,210M050,,,455
AB00950,PLAT,13,210M050,,,440
AB00950,PLAT,14,210M050,,,425
AB00950,PLAT,15,210M050,,,420
AB00950,PLAT,16,210M050,,,410
AB00950,PLAT,23,210M050,,,400
AB00950,PLAT,LG,210M050,,,315
AB00950,09,MT,250M070,,,155
AB00950,09,12,250M070,,,395
AB00950,09,13,250M070,,,370
AB00950,09,14,250M070,,,355
AB00950,09,15,250M070,,,350
AB00950,09,16,250M070,,,335
AB00950,09,23,250M070,,,320
AB00950,09,LG,250M070,,,210
AB00950,14,MT,250M070,,,270
AB00950,14,12,250M070,,,510
AB00950,14,13,250M070,,,490
AB00950,14,14,250M070,,,470
AB00950,14,15,250M070,,,465
AB00950,14,16,250M070,,,450
AB00950,14,23,250M070,,,435
AB00950,14,LG,250M070,,,325
AB00950,18,MT,250M070,,,390
AB00950,18,12,250M070,,,630
AB00950,18,13,250M070,,,610
AB00950,18,14,250M070,,,590
AB00950,18,15,250M070,,,585
AB00950,18,16,250M070,,,570
AB00950,18,23,250M070,,,555
AB00950,18,LG,250M070,,,445
AB00950,PLAT,MT,250M070,,,320
AB00950,PLAT,12,250M070,,,560
AB00950,PLAT,13,250M070,,,535
AB00950,PLAT,14,250M070,,,520
AB00950,PLAT,15,250M070,,,515
AB00950,PLAT,16,250M070,,,500
AB00950,PLAT,23,250M070,,,485
AB00950,PLAT,LG,250M070,,,375
AB00950,09,MT,280M100,,,165
AB00950,09,12,280M100,,,630
AB00950,09,13,280M100,,,605
AB00950,09,14,280M100,,,560
AB00950,09,15,280M100,,,550
AB00950,09,16,280M100,,,505
AB00950,09,23,280M100,,,505
AB00950,09,LG,280M100,,,240
AB00950,14,MT,280M100,,,290
AB00950,14,12,280M100,,,755
AB00950,14,13,280M100,,,730
AB00950,14,14,280M100,,,680
AB00950,14,15,280M100,,,670
AB00950,14,16,280M100,,,630
AB00950,14,23,280M100,,,630
AB00950,14,LG,280M100,,,365
AB00950,18,MT,280M100,,,420
AB00950,18,12,280M100,,,885
AB00950,18,13,280M100,,,860
AB00950,18,14,280M100,,,815
AB00950,18,15,280M100,,,805
AB00950,18,16,280M100,,,760
AB00950,18,23,280M100,,,760
AB00950,18,LG,280M100,,,495
AB00950,PLAT,MT,280M100,,,345
AB00950,PLAT,12,280M100,,,805
AB00950,PLAT,13,280M100,,,780
AB00950,PLAT,14,280M100,,,735
AB00950,PLAT,15,280M100,,,725
AB00950,PLAT,16,280M100,,,685
AB00950,PLAT,23,280M100,,,685
AB00950,PLAT,LG,280M100,,,415
AB01050,09,MT,170M025,,,140
AB01050,09,12,170M025,,,230
AB01050,09,13,170M025,,,220
AB01050,09,14,170M025,,,215
AB01050,09,15,170M025,,,210
AB01050,09,16,170M025,,,205
AB01050,09,23,170M025,,,205
AB01050,09,LG,170M025,,,165
AB01050,14,MT,170M025,,,240
AB01050,14,12,170M025,,,335
AB01050,14,13,170M025,,,325
AB01050,14,14,170M025,,,315
AB01050,14,15,170M025,,,315
AB01050,14,16,170M025,,,310
AB01050,14,23,170M025,,,310
AB01050,14,LG,170M025,,,265
AB01050,18,MT,170M025,,,345
AB01050,18,12,170M025,,,440
AB01050,18,13,170M025,,,430
AB01050,18,14,170M025,,,425
AB01050,18,15,170M025,,,420
AB01050,18,16,170M025,,,415
AB01050,18,23,170M025,,,415
AB01050,18,LG,170M025,,,375
AB01050,PLAT,MT,170M025,,,285
AB01050,PLAT,12,170M025,,,375
AB01050,PLAT,13,170M025,,,365
AB01050,PLAT,14,170M025,,,360
AB01050,PLAT,15,170M025,,,355
AB01050,PLAT,16,170M025,,,350
AB01050,PLAT,23,170M025,,,350
AB01050,PLAT,LG,170M025,,,310
AB01050,09,MT,240M050,,,190
AB01050,09,12,240M050,,,365
AB01050,09,13,240M050,,,350
AB01050,09,14,240M050,,,335
AB01050,09,15,240M050,,,330
AB01050,09,16,240M050,,,320
AB01050,09,23,240M050,,,310
AB01050,09,LG,240M050,,,230
AB01050,14,MT,240M050,,,340
AB01050,14,12,240M050,,,510
AB01050,14,13,240M050,,,495
AB01050,14,14,240M050,,,485
AB01050,14,15,240M050,,,480
AB01050,14,16,240M050,,,470
AB01050,14,23,240M050,,,460
AB01050,14,LG,240M050,,,380
AB01050,18,MT,240M050,,,495
AB01050,18,12,240M050,,,665
AB01050,18,13,240M050,,,650
AB01050,18,14,240M050,,,640
AB01050,18,15,240M050,,,635
AB01050,18,16,240M050,,,625
AB01050,18,23,240M050,,,615
AB01050,18,LG,240M050,,,535
AB01050,PLAT,MT,240M050,,,400
AB01050,PLAT,12,240M050,,,575
AB01050,PLAT,13,240M050,,,560
AB01050,PLAT,14,240M050,,,550
AB01050,PLAT,15,240M050,,,540
AB01050,PLAT,16,240M050,,,530
AB01050,PLAT,23,240M050,,,520
AB01050,PLAT,LG,240M050,,,440
AB01050,09,MT,280M070,,,250
AB01050,09,12,280M070,,,580
AB01050,09,13,280M070,,,560
AB01050,09,14,280M070,,,530
AB01050,09,15,280M070,,,520
AB01050,09,16,280M070,,,490
AB01050,09,23,280M070,,,490
AB01050,09,LG,280M070,,,300
AB01050,14,MT,280M070,,,445
AB01050,14,12,280M070,,,775
AB01050,14,13,280M070,,,760
AB01050,14,14,280M070,,,725
AB01050,14,15,280M070,,,720
AB01050,14,16,280M070,,,690
AB01050,14,23,280M070,,,690
AB01050,14,LG,280M070,,,500
AB01050,18,MT,280M070,,,655
AB01050,18,12,280M070,,,985
AB01050,18,13,280M070,,,965
AB01050,18,14,280M070,,,935
AB01050,18,15,280M070,,,925
AB01050,18,16,280M070,,,895
AB01050,18,23,280M070,,,895
AB01050,18,LG,280M070,,,705
AB01050,PLAT,MT,280M070,,,530
AB01050,PLAT,12,280M070,,,860
AB01050,PLAT,13,280M070,,,845
AB01050,PLAT,14,280M070,,,810
AB01050,PLAT,15,280M070,,,805
AB01050,PLAT,16,280M070,,,775
AB01050,PLAT,23,280M070,,,775
AB01050,PLAT,LG,280M070,,,585
AB01050,09,MT,330M100,,,320
AB01050,09,12,330M100,,,915
AB01050,09,13,330M100,,,885
AB01050,09,14,330M100,,,835
AB01050,09,15,330M100,,,805
AB01050,09,16,330M100,,,750
AB01050,09,23,330M100,,,735
AB01050,09,LG,330M100,,,390
AB01050,14,MT,330M100,,,585
AB01050,14,12,330M100,,,1180
AB01050,14,13,330M100,,,1150
AB01050,14,14,330M100,,,1100
AB01050,14,15,330M100,,,1070
AB01050,14,16,330M100,,,1015
AB01050,14,23,330M100,,,1000
AB01050,14,LG,330M100,,,655
AB01050,18,MT,330M100,,,860
AB01050,18,12,330M100,,,1455
AB01050,18,13,330M100,,,1425
AB01050,18,14,330M100,,,1375
AB01050,18,15,330M100,,,1345
AB01050,18,16,330M100,,,1290
AB01050,18,23,330M100,,,1275
AB01050,18,LG,330M100,,,930
AB01050,PLAT,MT,330M100,,,695
AB01050,PLAT,12,330M100,,,1295
AB01050,PLAT,13,330M100,,,1265
AB01050,PLAT,14,330M100,,,1215
AB01050,PLAT,15,330M100,,,1185
AB01050,PLAT,16,330M100,,,1125
AB01050,PLAT,23,330M100,,,1110
AB01050,PLAT,LG,330M100,,,765
AB01300,09,MT,170M050,,,105
AB01300,09,12,170M050,,,285
AB01300,09,13,170M050,,,270
AB01300,09,14,170M050,,,260
AB01300,09,15,170M050,,,255
AB01300,09,16,170M050,,,245
AB01300,09,23,170M050,,,235
AB01300,09,LG,170M050,,,155
AB01300,14,MT,170M050,,,170
AB01300,14,12,170M050,,,355
AB01300,14,13,170M050,,,340
AB01300,14,14,170M050,,,330
AB01300,14,15,170M050,,,325
AB01300,14,16,170M050,,,315
AB01300,14,23,170M050,,,305
AB01300,14,LG,170M050,,,225
AB01300,18,MT,170M050,,,245
AB01300,18,12,170M050,,,430
AB01300,18,13,170M050,,,415
AB01300,18,14,170M050,,,400
AB01300,18,15,170M050,,,395
AB01300,18,16,170M050,,,385
AB01300,18,23,170M050,,,375
AB01300,18,LG,170M050,,,295
AB01300,PLAT,MT,170M050,,,200
AB01300,PLAT,12,170M050,,,385
AB01300,PLAT,13,170M050,,,370
AB01300,PLAT,14,170M050,,,360
AB01300,PLAT,15,170M050,,,355
AB01300,PLAT,16,170M050,,,345
AB01300,PLAT,23,170M050,,,335
AB01300,PLAT,LG,170M050,,,255
AB01300,09,MT,230M100,,,145
AB01300,09,12,230M100,,,600
AB01300,09,13,230M100,,,560
AB01300,09,14,230M100,,,530
AB01300,09,15,230M100,,,520
AB01300,09,16,230M100,,,490
AB01300,09,23,230M100,,,480
AB01300,09,LG,230M100,,,225
AB01300,14,MT,230M100,,,250
AB01300,14,12,230M100,,,705
AB01300,14,13,230M100,,,665
AB01300,14,14,230M100,,,635
AB01300,14,15,230M100,,,625
AB01300,14,16,230M100,,,595
AB01300,14,23,230M100,,,585
AB01300,14,LG,230M100,,,330
AB01300,18,MT,230M100,,,360
AB01300,18,12,230M100,,,815
AB01300,18,13,230M100,,,775
AB01300,18,14,230M100,,,745
AB01300,18,15,230M100,,,735
AB01300,18,16,230M100,,,705
AB01300,18,23,230M100,,,695
AB01300,18,LG,230M100,,,440
AB01300,PLAT,MT,230M100,,,295
AB01300,PLAT,12,230M100,,,750
AB01300,PLAT,13,230M100,,,710
AB01300,PLAT,14,230M100,,,680
AB01300,PLAT,15,230M100,,,670
AB01300,PLAT,16,230M100,,,640
AB01300,PLAT,23,230M100,,,630
AB01300,PLAT,LG,230M100,,,375
AB01300,09,MT,290M150,,,205
AB01300,09,12,290M150,,,1030
AB01300,09,13,290M150,,,940
AB01300,09,14,290M150,,,840
AB01300,09,15,290M150,,,805
AB01300,09,16,290M150,,,750
AB01300,09,23,290M150,,,750
AB01300,09,LG,290M150,,,315
AB01300,14,MT,290M150,,,370
AB01300,14,12,290M150,,,1190
AB01300,14,13,290M150,,,1100
AB01300,14,14,290M150,,,1005
AB01300,14,15,290M150,,,965
AB01300,14,16,290M150,,,915
AB01300,14,23,290M150,,,915
AB01300,14,LG,290M150,,,480
AB01300,18,MT,290M150,,,535
AB01300,18,12,290M150,,,1360
AB01300,18,13,290M150,,,1270
AB01300,18,14,290M150,,,1170
AB01300,18,15,290M150,,,1135
AB01300,18,16,290M150,,,1080
AB01300,18,23,290M150,,,1080
AB01300,18,LG,290M150,,,645
AB01300,PLAT,MT,290M150,,,440
AB01300,PLAT,12,290M150,,,1260
AB01300,PLAT,13,290M150,,,1170
AB01300,PLAT,14,290M150,,,1075
AB01300,PLAT,15,290M150,,,1035
AB01300,PLAT,16,290M150,,,985
AB01300,PLAT,23,290M150,,,985
AB01300,PLAT,LG,290M150,,,550
AB01300,09,MT,320M200,,,210
AB01300,09,12,320M200,,,1305
AB01300,09,13,320M200,,,1185
AB01300,09,14,320M200,,,1055
AB01300,09,15,320M200,,,1005
AB01300,09,16,320M200,,,935
AB01300,09,23,320M200,,,935
AB01300,09,LG,320M200,,,355
AB01300,14,MT,320M200,,,380
AB01300,14,12,320M200,,,1470
AB01300,14,13,320M200,,,1350
AB01300,14,14,320M200,,,1220
AB01300,14,15,320M200,,,1170
AB01300,14,16,320M200,,,1100
AB01300,14,23,320M200,,,1100
AB01300,14,LG,320M200,,,520
AB01300,18,MT,320M200,,,550
AB01300,18,12,320M200,,,1645
AB01300,18,13,320M200,,,1525
AB01300,18,14,320M200,,,1395
AB01300,18,15,320M200,,,1345
AB01300,18,16,320M200,,,1275
AB01300,18,23,320M200,,,1275
AB01300,18,LG,320M200,,,695
AB01300,PLAT,MT,320M200,,,450
AB01300,PLAT,12,320M200,,,1540
AB01300,PLAT,13,320M200,,,1420
AB01300,PLAT,14,320M200,,,1290
AB01300,PLAT,15,320M200,,,1240
AB01300,PLAT,16,320M200,,,1170
AB01300,PLAT,23,320M200,,,1170
AB01300,PLAT,LG,320M200,,,590
AB01350,09,MT,170M025,,,110
AB01350,09,12,170M025,,,190
AB01350,09,13,170M025,,,180
AB01350,09,14,170M025,,,175
AB01350,09,15,170M025,,,175
AB01350,09,16,170M025,,,170
AB01350,09,23,170M025,,,170
AB01350,09,LG,170M025,,,135
AB01350,14,MT,170M025,,,180
AB01350,14,12,170M025,,,260
AB01350,14,13,170M025,,,255
AB01350,14,14,170M025,,,250
AB01350,14,15,170M025,,,245
AB01350,14,16,170M025,,,240
AB01350,14,23,170M025,,,240
AB01350,14,LG,170M025,,,210
AB01350,18,MT,170M025,,,260
AB01350,18,12,170M025,,,340
AB01350,18,13,170M025,,,330
AB01350,18,14,170M025,,,325
AB01350,18,15,170M025,,,325
AB01350,18,16,170M025,,,320
AB01350,18,23,170M025,,,320
AB01350,18,LG,170M025,,,285
AB01350,PLAT,MT,170M025,,,215
AB01350,PLAT,12,170M025,,,295
AB01350,PLAT,13,170M025,,,285
AB01350,PLAT,14,170M025,,,280
AB01350,PLAT,15,170M025,,,280
AB01350,PLAT,16,170M025,,,275
AB01350,PLAT,23,170M025,,,275
AB01350,PLAT,LG,170M025,,,240
AB01350,09,MT,230M050,,,130
AB01350,09,12,230M050,,,305
AB01350,09,13,230M050,,,290
AB01350,09,14,230M050,,,280
AB01350,09,15,230M050,,,275
AB01350,09,16,230M050,,,265
AB01350,09,23,230M050,,,255
AB01350,09,LG,230M050,,,170
AB01350,14,MT,230M050,,,220
AB01350,14,12,230M050,,,400
AB01350,14,13,230M050,,,385
AB01350,14,14,230M050,,,370
AB01350,14,15,230M050,,,365
AB01350,14,16,230M050,,,355
AB01350,14,23,230M050,,,345
AB01350,14,LG,230M050,,,260
AB01350,18,MT,230M050,,,320
AB01350,18,12,230M050,,,495
AB01350,18,13,230M050,,,480
AB01350,18,14,230M050,,,470
AB01350,18,15,230M050,,,465
AB01350,18,16,230M050,,,455
AB01350,18,23,230M050,,,445
AB01350,18,LG,230M050,,,360
AB01350,PLAT,MT,230M050,,,260
AB01350,PLAT,12,230M050,,,440
AB01350,PLAT,13,230M050,,,425
AB01350,PLAT,14,230M050,,,410
AB01350,PLAT,15,230M050,,,405
AB01350,PLAT,16,230M050,,,395
AB01350,PLAT,23,230M050,,,385
AB01350,PLAT,LG,230M050,,,300
AB01350,09,MT,280M070,,,195
AB01350,09,12,280M070,,,520
AB01350,09,13,280M070,,,500
AB01350,09,14,280M070,,,470
AB01350,09,15,280M070,,,460
AB01350,09,16,280M070,,,435
AB01350,09,23,280M070,,,435
AB01350,09,LG,280M070,,,250
AB01350,14,MT,280M070,,,350
AB01350,14,12,280M070,,,670
AB01350,14,13,280M070,,,655
AB01350,14,14,280M070,,,620
AB01350,14,15,280M070,,,615
AB01350,14,16,280M070,,,585
AB01350,14,23,280M070,,,585
AB01350,14,LG,280M070,,,400
AB01350,18,MT,280M070,,,510
AB01350,18,12,280M070,,,830
AB01350,18,13,280M070,,,810
AB01350,18,14,280M070,,,780
AB01350,18,15,280M070,,,775
AB01350,18,16,280M070,,,745
AB01350,18,23,280M070,,,745
AB01350,18,LG,280M070,,,560
AB01350,PLAT,MT,280M070,,,415
AB01350,PLAT,12,280M070,,,735
AB01350,PLAT,13,280M070,,,720
AB01350,PLAT,14,280M070,,,685
AB01350,PLAT,15,280M070,,,680
AB01350,PLAT,16,280M070,,,650
AB01350,PLAT,23,280M070,,,650
AB01350,PLAT,LG,280M070,,,465
AB01350,09,MT,320M100,,,210
AB01350,09,12,320M100,,,760
AB01350,09,13,320M100,,,700
AB01350,09,14,320M100,,,635
AB01350,09,15,320M100,,,610
AB01350,09,16,320M100,,,575
AB01350,09,23,320M100,,,575
AB01350,09,LG,320M100,,,285
AB01350,14,MT,320M100,,,380
AB01350,14,12,320M100,,,925
AB01350,14,13,320M100,,,865
AB01350,14,14,320M100,,,800
AB01350,14,15,320M100,,,775
AB01350,14,16,320M100,,,740
AB01350,14,23,320M100,,,740
AB01350,14,LG,320M100,,,450
AB01350,18,MT,320M100,,,550
AB01350,18,12,320M100,,,1100
AB01350,18,13,320M100,,,1040
AB01350,18,14,320M100,,,975
AB01350,18,15,320M100,,,950
AB01350,18,16,320M100,,,915
AB01350,18,23,320M100,,,915
AB01350,18,LG,320M100,,,625
AB01350,PLAT,MT,320M100,,,450
AB01350,PLAT,12,320M100,,,995
AB01350,PLAT,13,320M100,,,935
AB01350,PLAT,14,320M100,,,870
AB01350,PLAT,15,320M100,,,845
AB01350,PLAT,16,320M100,,,810
AB01350,PLAT,23,320M100,,,810
AB01350,PLAT,LG,320M100,,,520
B0100,09,MT,,,,860
B0100,09,LG,,,,975
B0100,14,MT,,,,1590
B0100,14,LG,,,,1710
B0100,18,MT,,,,2360
B0100,18,LG,,,,2475
B0100,PLAT,MT,,,,1905
B0100,PLAT,LG,,,,2025
B1000,09,MT,0100,,,360
B1000,09,12,0100,,,765
B1000,09,13,0100,,,730
B1000,09,14,0100,,,700
B1000,09,15,0100,,,685
B1000,09,16,0100,,,665
B1000,09,23,0100,,,665
B1000,09,LG,0100,,,500
B1000,14,MT,0100,,,625
B1000,14,12,0100,,,1030
B1000,14,13,0100,,,995
B1000,14,14,0100,,,965
B1000,14,15,0100,,,950
B1000,14,16,0100,,,930
B1000,14,23,0100,,,930
B1000,14,LG,0100,,,765
B1000,18,MT,0100,,,900
B1000,18,12,0100,,,1310
B1000,18,13,0100,,,1270
B1000,18,14,0100,,,1245
B1000,18,15,0100,,,1230
B1000,18,16,0100,,,1205
B1000,18,23,0100,,,1205
B1000,18,LG,0100,,,1040
B1000,PLAT,MT,0100,,,740
B1000,PLAT,12,0100,,,1145
B1000,PLAT,13,0100,,,1105
B1000,PLAT,14,0100,,,1080
B1000,PLAT,15,0100,,,1065
B1000,PLAT,16,0100,,,1045
B1000,PLAT,23,0100,,,1045
B1000,PLAT,LG,0100,,,875
B1000,09,MT,0200,,,425
B1000,09,12,0200,,,1170
B1000,09,13,0200,,,1105
B1000,09,14,0200,,,1055
B1000,09,15,0200,,,1035
B1000,09,16,0200,,,995
B1000,09,23,0200,,,950
B1000,09,LG,0200,,,620
B1000,14,MT,0200,,,745
B1000,14,12,0200,,,1490
B1000,14,13,0200,,,1430
B1000,14,14,0200,,,1380
B1000,14,15,0200,,,1355
B1000,14,16,0200,,,1315
B1000,14,23,0200,,,1275
B1000,14,LG,0200,,,945
B1000,18,MT,0200,,,1085
B1000,18,12,0200,,,1830
B1000,18,13,0200,,,1765
B1000,18,14,0200,,,1715
B1000,18,15,0200,,,1695
B1000,18,16,0200,,,1655
B1000,18,23,0200,,,1610
B1000,18,LG,0200,,,1280
B1000,PLAT,MT,0200,,,885
B1000,PLAT,12,0200,,,1630
B1000,PLAT,13,0200,,,1570
B1000,PLAT,14,0200,,,1515
B1000,PLAT,15,0200,,,1495
B1000,PLAT,16,0200,,,1455
B1000,PLAT,23,0200,,,1415
B1000,PLAT,LG,0200,,,1080
B1000,09,MT,0300,,,475
B1000,09,12,0300,,,1565
B1000,09,13,0300,,,1475
B1000,09,14,0300,,,1400
B1000,09,15,0300,,,1370
B1000,09,16,0300,,,1305
B1000,09,23,0300,,,1245
B1000,09,LG,0300,,,725
B1000,14,MT,0300,,,845
B1000,14,12,0300,,,1935
B1000,14,13,0300,,,1845
B1000,14,14,0300,,,1765
B1000,14,15,0300,,,1735
B1000,14,16,0300,,,1675
B1000,14,23,0300,,,1615
B1000,14,LG,0300,,,1095
B1000,18,MT,0300,,,1230
B1000,18,12,0300,,,2320
B1000,18,13,0300,,,2230
B1000,18,14,0300,,,2155
B1000,18,15,0300,,,2125
B1000,18,16,0300,,,2060
B1000,18,23,0300,,,2000
B1000,18,LG,0300,,,1480
B1000,PLAT,MT,0300,,,1005
B1000,PLAT,12,0300,,,2095
B1000,PLAT,13,0300,,,2000
B1000,PLAT,14,0300,,,1925
B1000,PLAT,15,0300,,,1895
B1000,PLAT,16,0300,,,1835
B1000,PLAT,23,0300,,,1775
B1000,PLAT,LG,0300,,,1255
B1000,09,MT,0400,,,525
B1000,09,12,0400,,,2340
B1000,09,13,0400,,,2180
B1000,09,14,0400,,,2055
B1000,09,15,0400,,,2015
B1000,09,16,0400,,,1895
B1000,09,23,0400,,,1855
B1000,09,LG,0400,,,835
B1000,14,MT,0400,,,940
B1000,14,12,0400,,,2755
B1000,14,13,0400,,,2595
B1000,14,14,0400,,,2470
B1000,14,15,0400,,,2430
B1000,14,16,0400,,,2310
B1000,14,23,0400,,,2270
B1000,14,LG,0400,,,1250
B1000,18,MT,0400,,,1375
B1000,18,12,0400,,,3185
B1000,18,13,0400,,,3025
B1000,18,14,0400,,,2905
B1000,18,15,0400,,,2865
B1000,18,16,0400,,,2745
B1000,18,23,0400,,,2705
B1000,18,LG,0400,,,1685
B1000,PLAT,MT,0400,,,1120
B1000,PLAT,12,0400,,,2930
B1000,PLAT,13,0400,,,2770
B1000,PLAT,14,0400,,,2650
B1000,PLAT,15,0400,,,2610
B1000,PLAT,16,0400,,,2490
B1000,PLAT,23,0400,,,2450
B1000,PLAT,LG,0400,,,1430
B1000,09,MT,0500,,,555
B1000,09,12,0500,,,2915
B1000,09,13,0500,,,2790
B1000,09,14,0500,,,2560
B1000,09,15,0500,,,2510
B1000,09,16,0500,,,2330
B1000,09,23,0500,,,2305
B1000,09,LG,0500,,,930
B1000,14,MT,0500,,,990
B1000,14,12,0500,,,3355
B1000,14,13,0500,,,3230
B1000,14,14,0500,,,3000
B1000,14,15,0500,,,2945
B1000,14,16,0500,,,2770
B1000,14,23,0500,,,2745
B1000,14,LG,0500,,,1365
B1000,18,MT,0500,,,1450
B1000,18,12,0500,,,3815
B1000,18,13,0500,,,3685
B1000,18,14,0500,,,3455
B1000,18,15,0500,,,3405
B1000,18,16,0500,,,3225
B1000,18,23,0500,,,3200
B1000,18,LG,0500,,,1825
B1000,PLAT,MT,0500,,,1180
B1000,PLAT,12,0500,,,3545
B1000,PLAT,13,0500,,,3415
B1000,PLAT,14,0500,,,3185
B1000,PLAT,15,0500,,,3135
B1000,PLAT,16,0500,,,2955
B1000,PLAT,23,0500,,,2930
B1000,PLAT,LG,0500,,,1555
B1000,09,MT,0600,,,530
B1000,09,12,0600,,,3865
B1000,09,13,0600,,,3500
B1000,09,14,0600,,,3105
B1000,09,15,0600,,,2950
B1000,09,16,0600,,,2735
B1000,09,23,0600,,,2735
B1000,09,LG,0600,,,970
B1000,14,MT,0600,,,935
B1000,14,12,0600,,,4270
B1000,14,13,0600,,,3905
B1000,14,14,0600,,,3510
B1000,14,15,0600,,,3355
B1000,14,16,0600,,,3145
B1000,14,23,0600,,,3145
B1000,14,LG,0600,,,1375
B1000,18,MT,0600,,,1360
B1000,18,12,0600,,,4695
B1000,18,13,0600,,,4330
B1000,18,14,0600,,,3935
B1000,18,15,0600,,,3780
B1000,18,16,0600,,,3565
B1000,18,23,0600,,,3565
B1000,18,LG,0600,,,1800
B1000,PLAT,MT,0600,,,1110
B1000,PLAT,12,0600,,,4445
B1000,PLAT,13,0600,,,4080
B1000,PLAT,14,0600,,,3685
B1000,PLAT,15,0600,,,3530
B1000,PLAT,16,0600,,,3315
B1000,PLAT,23,0600,,,3315
B1000,PLAT,LG,0600,,,1550
B1000,09,MT,0700,,,545
B1000,09,12,0700,,,4720
B1000,09,13,0700,,,4510
B1000,09,14,0700,,,4160
B1000,09,15,0700,,,3950
B1000,09,16,0700,,,3565
B1000,09,23,0700,,,3460
B1000,09,LG,0700,,,1040
B1000,14,MT,0700,,,960
B1000,14,12,0700,,,5135
B1000,14,13,0700,,,4925
B1000,14,14,0700,,,4575
B1000,14,15,0700,,,4365
B1000,14,16,0700,,,3980
B1000,14,23,0700,,,3875
B1000,14,LG,0700,,,1455
B1000,18,MT,0700,,,1400
B1000,18,12,0700,,,5575
B1000,18,13,0700,,,5365
B1000,18,14,0700,,,5015
B1000,18,15,0700,,,4800
B1000,18,16,0700,,,4415
B1000,18,23,0700,,,4310
B1000,18,LG,0700,,,1895
B1000,PLAT,MT,0700,,,1140
B1000,PLAT,12,0700,,,5315
B1000,PLAT,13,0700,,,5105
B1000,PLAT,14,0700,,,4755
B1000,PLAT,15,0700,,,4545
B1000,PLAT,16,0700,,,4160
B1000,PLAT,23,0700,,,4055
B1000,PLAT,LG,0700,,,1635
B1000,09,MT,0800,,,670
B1000,09,12,0800,,,5430
B1000,09,13,0800,,,5190
B1000,09,14,0800,,,4790
B1000,09,15,0800,,,4550
B1000,09,16,0800,,,4110
B1000,09,23,0800,,,3990
B1000,09,LG,0800,,,1225
B1000,14,MT,0800,,,1200
B1000,14,12,0800,,,5960
B1000,14,13,0800,,,5720
B1000,14,14,0800,,,5320
B1000,14,15,0800,,,5080
B1000,14,16,0800,,,4640
B1000,14,23,0800,,,4520
B1000,14,LG,0800,,,1755
B1000,18,MT,0800,,,1755
B1000,18,12,0800,,,6515
B1000,18,13,0800,,,6275
B1000,18,14,0800,,,5875
B1000,18,15,0800,,,5635
B1000,18,16,0800,,,5195
B1000,18,23,0800,,,5075
B1000,18,LG,0800,,,2310
B1000,PLAT,MT,0800,,,1430
B1000,PLAT,12,0800,,,6190
B1000,PLAT,13,0800,,,5950
B1000,PLAT,14,0800,,,5550
B1000,PLAT,15,0800,,,5310
B1000,PLAT,16,0800,,,4870
B1000,PLAT,23,0800,,,4745
B1000,PLAT,LG,0800,,,1985
B1000,09,MT,1000,,,725
B1000,09,12,1000,,,7685
B1000,09,13,1000,,,7125
B1000,09,14,1000,,,6565
B1000,09,15,1000,,,6360
B1000,09,16,1000,,,6005
B1000,09,23,1000,,,5445
B1000,09,LG,1000,,,1420
B1000,14,MT,1000,,,1300
B1000,14,12,1000,,,8260
B1000,14,13,1000,,,7700
B1000,14,14,1000,,,7140
B1000,14,15,1000,,,6935
B1000,14,16,1000,,,6580
B1000,14,23,1000,,,6020
B1000,14,LG,1000,,,1995
B1000,18,MT,1000,,,1905
B1000,18,12,1000,,,8865
B1000,18,13,1000,,,8305
B1000,18,14,1000,,,7745
B1000,18,15,1000,,,7540
B1000,18,16,1000,,,7185
B1000,18,23,1000,,,6625
B1000,18,LG,1000,,,2600
B1000,PLAT,MT,1000,,,1550
B1000,PLAT,12,1000,,,8510
B1000,PLAT,13,1000,,,7950
B1000,PLAT,14,1000,,,7390
B1000,PLAT,15,1000,,,7185
B1000,PLAT,16,1000,,,6830
B1000,PLAT,23,1000,,,6270
B1000,PLAT,LG,1000,,,2245
B1000,09,MT,1200,,,840
B1000,09,12,1200,,,10480
B1000,09,13,1200,,,9760
B1000,09,14,1200,,,8800
B1000,09,15,1200,,,6875
B1000,09,16,1200,,,6455
B1000,09,23,1200,,,6755
B1000,09,LG,1200,,,1655
B1000,14,MT,1200,,,1485
B1000,14,12,1200,,,11125
B1000,14,13,1200,,,10405
B1000,14,14,1200,,,9445
B1000,14,15,1200,,,7520
B1000,14,16,1200,,,7100
B1000,14,23,1200,,,7400
B1000,14,LG,1200,,,2300
B1000,18,MT,1200,,,2165
B1000,18,12,1200,,,11800
B1000,18,13,1200,,,11080
B1000,18,14,1200,,,10120
B1000,18,15,1200,,,8200
B1000,18,16,1200,,,7775
B1000,18,23,1200,,,8075
B1000,18,LG,1200,,,2975
B1000,PLAT,MT,1200,,,1765
B1000,PLAT,12,1200,,,11405
B1000,PLAT,13,1200,,,10680
B1000,PLAT,14,1200,,,9720
B1000,PLAT,15,1200,,,7800
B1000,PLAT,16,1200,,,7380
B1000,PLAT,23,1200,,,7680
B1000,PLAT,LG,1200,,,2575
B1000,09,MT,1400,,,985
B1000,09,12,1400,,,11945
B1000,09,13,1400,,,10685
B1000,09,14,1400,,,9495
B1000,09,15,1400,,,9140
B1000,09,16,1400,,,8580
B1000,09,23,1400,,,8230
B1000,09,LG,1400,,,1925
B1000,14,MT,1400,,,1760
B1000,14,12,1400,,,12720
B1000,14,13,1400,,,11460
B1000,14,14,1400,,,10265
B1000,14,15,1400,,,9915
B1000,14,16,1400,,,9355
B1000,14,23,1400,,,9005
B1000,14,LG,1400,,,2700
B1000,18,MT,1400,,,2570
B1000,18,12,1400,,,13530
B1000,18,13,1400,,,12270
B1000,18,14,1400,,,11075
B1000,18,15,1400,,,10725
B1000,18,16,1400,,,10165
B1000,18,23,1400,,,9815
B1000,18,LG,1400,,,3510
B1000,PLAT,MT,1400,,,2095
B1000,PLAT,12,1400,,,13050
B1000,PLAT,13,1400,,,11790
B1000,PLAT,14,1400,,,10600
B1000,PLAT,15,1400,,,10250
B1000,PLAT,16,1400,,,9690
B1000,PLAT,23,1400,,,9340
B1000,PLAT,LG,1400,,,3035
B1001,09,MT,0200,,,495
B1001,09,12,0200,,,1210
B1001,09,13,0200,,,1150
B1001,09,14,0200,,,1100
B1001,09,15,0200,,,1080
B1001,09,16,0200,,,1040
B1001,09,23,0200,,,1000
B1001,09,LG,0200,,,680
B1001,14,MT,0200,,,880
B1001,14,12,0200,,,1595
B1001,14,13,0200,,,1535
B1001,14,14,0200,,,1485
B1001,14,15,0200,,,1465
B1001,14,16,0200,,,1425
B1001,14,23,0200,,,1385
B1001,14,LG,0200,,,1065
B1001,18,MT,0200,,,1285
B1001,18,12,0200,,,2000
B1001,18,13,0200,,,1940
B1001,18,14,0200,,,1890
B1001,18,15,0200,,,1870
B1001,18,16,0200,,,1830
B1001,18,23,0200,,,1790
B1001,18,LG,0200,,,1470
B1001,PLAT,MT,0200,,,1045
B1001,PLAT,12,0200,,,1760
B1001,PLAT,13,0200,,,1700
B1001,PLAT,14,0200,,,1650
B1001,PLAT,15,0200,,,1630
B1001,PLAT,16,0200,,,1590
B1001,PLAT,23,0200,,,1550
B1001,PLAT,LG,0200,,,1230
B1001,09,MT,0250,,,495
B1001,09,12,0250,,,1650
B1001,09,13,0250,,,1550
B1001,09,14,0250,,,1475
B1001,09,15,0250,,,1450
B1001,09,16,0250,,,1375
B1001,09,23,0250,,,1350
B1001,09,LG,0250,,,710
B1001,14,MT,0250,,,880
B1001,14,12,0250,,,2035
B1001,14,13,0250,,,1935
B1001,14,14,0250,,,1860
B1001,14,15,0250,,,1835
B1001,14,16,0250,,,1760
B1001,14,23,0250,,,1735
B1001,14,LG,0250,,,1095
B1001,18,MT,0250,,,1285
B1001,18,12,0250,,,2435
B1001,18,13,0250,,,2335
B1001,18,14,0250,,,2260
B1001,18,15,0250,,,2235
B1001,18,16,0250,,,2160
B1001,18,23,0250,,,2135
B1001,18,LG,0250,,,1500
B1001,PLAT,MT,0250,,,1045
B1001,PLAT,12,0250,,,2200
B1001,PLAT,13,0250,,,2100
B1001,PLAT,14,0250,,,2025
B1001,PLAT,15,0250,,,2000
B1001,PLAT,16,0250,,,1925
B1001,PLAT,23,0250,,,1900
B1001,PLAT,LG,0250,,,1260
B1001,09,MT,0300,,,585
B1001,09,12,0300,,,1950
B1001,09,13,0300,,,1830
B1001,09,14,0300,,,1740
B1001,09,15,0300,,,1710
B1001,09,16,0300,,,1620
B1001,09,23,0300,,,1590
B1001,09,LG,0300,,,825
B1001,14,MT,0300,,,1050
B1001,14,12,0300,,,2415
B1001,14,13,0300,,,2295
B1001,14,14,0300,,,2205
B1001,14,15,0300,,,2175
B1001,14,16,0300,,,2085
B1001,14,23,0300,,,2055
B1001,14,LG,0300,,,1290
B1001,18,MT,0300,,,1540
B1001,18,12,0300,,,2905
B1001,18,13,0300,,,2785
B1001,18,14,0300,,,2695
B1001,18,15,0300,,,2665
B1001,18,16,0300,,,2575
B1001,18,23,0300,,,2545
B1001,18,LG,0300,,,1780
B1001,PLAT,MT,0300,,,1255
B1001,PLAT,12,0300,,,2615
B1001,PLAT,13,0300,,,2495
B1001,PLAT,14,0300,,,2405
B1001,PLAT,15,0300,,,2375
B1001,PLAT,16,0300,,,2285
B1001,PLAT,23,0300,,,2255
B1001,PLAT,LG,0300,,,1490
B1001,09,MT,0350,,,585
B1001,09,12,0350,,,2170
B1001,09,13,0350,,,2030
B1001,09,14,0350,,,1925
B1001,09,15,0350,,,1890
B1001,09,16,0350,,,1785
B1001,09,23,0350,,,1750
B1001,09,LG,0350,,,855
B1001,14,MT,0350,,,1050
B1001,14,12,0350,,,2635
B1001,14,13,0350,,,2495
B1001,14,14,0350,,,2390
B1001,14,15,0350,,,2355
B1001,14,16,0350,,,2250
B1001,14,23,0350,,,2215
B1001,14,LG,0350,,,1325
B1001,18,MT,0350,,,1540
B1001,18,12,0350,,,3125
B1001,18,13,0350,,,2985
B1001,18,14,0350,,,2880
B1001,18,15,0350,,,2845
B1001,18,16,0350,,,2740
B1001,18,23,0350,,,2705
B1001,18,LG,0350,,,1810
B1001,PLAT,MT,0350,,,1255
B1001,PLAT,12,0350,,,2835
B1001,PLAT,13,0350,,,2695
B1001,PLAT,14,0350,,,2590
B1001,PLAT,15,0350,,,2555
B1001,PLAT,16,0350,,,2450
B1001,PLAT,23,0350,,,2415
B1001,PLAT,LG,0350,,,1525
B1001,09,MT,0400,,,600
B1001,09,12,0400,,,2405
B1001,09,13,0400,,,2245
B1001,09,14,0400,,,2125
B1001,09,15,0400,,,2085
B1001,09,16,0400,,,1965
B1001,09,23,0400,,,1925
B1001,09,LG,0400,,,905
B1001,14,MT,0400,,,1080
B1001,14,12,0400,,,2885
B1001,14,13,0400,,,2725
B1001,14,14,0400,,,2605
B1001,14,15,0400,,,2565
B1001,14,16,0400,,,2445
B1001,14,23,0400,,,2405
B1001,14,LG,0400,,,1385
B1001,18,MT,0400,,,1580
B1001,18,12,0400,,,3385
B1001,18,13,0400,,,3225
B1001,18,14,0400,,,3105
B1001,18,15,0400,,,3065
B1001,18,16,0400,,,2945
B1001,18,23,0400,,,2905
B1001,18,LG,0400,,,1885
B1001,PLAT,MT,0400,,,1285
B1001,PLAT,12,0400,,,3090
B1001,PLAT,13,0400,,,2930
B1001,PLAT,14,0400,,,2810
B1001,PLAT,15,0400,,,2770
B1001,PLAT,16,0400,,,2650
B1001,PLAT,23,0400,,,2610
B1001,PLAT,LG,0400,,,1590
B1001,09,MT,0450,,,600
B1001,09,12,0450,,,2625
B1001,09,13,0450,,,2445
B1001,09,14,0450,,,2310
B1001,09,15,0450,,,2265
B1001,09,16,0450,,,2130
B1001,09,23,0450,,,2085
B1001,09,LG,0450,,,940
B1001,14,MT,0450,,,1080
B1001,14,12,0450,,,3105
B1001,14,13,0450,,,2925
B1001,14,14,0450,,,2790
B1001,14,15,0450,,,2745
B1001,14,16,0450,,,2610
B1001,14,23,0450,,,2565
B1001,14,LG,0450,,,1415
B1001,18,MT,0450,,,1580
B1001,18,12,0450,,,3605
B1001,18,13,0450,,,3425
B1001,18,14,0450,,,3290
B1001,18,15,0450,,,3245
B1001,18,16,0450,,,3110
B1001,18,23,0450,,,3065
B1001,18,LG,0450,,,1920
B1001,PLAT,MT,0450,,,1285
B1001,PLAT,12,0450,,,3310
B1001,PLAT,13,0450,,,3130
B1001,PLAT,14,0450,,,2995
B1001,PLAT,15,0450,,,2950
B1001,PLAT,16,0450,,,2815
B1001,PLAT,23,0450,,,2770
B1001,PLAT,LG,0450,,,1625
B1001,09,MT,0500,,,600
B1001,09,12,0500,,,2890
B1001,09,13,0500,,,2765
B1001,09,14,0500,,,2540
B1001,09,15,0500,,,2490
B1001,09,16,0500,,,2290
B1001,09,23,0500,,,2290
B1001,09,LG,0500,,,965
B1001,14,MT,0500,,,1080
B1001,14,12,0500,,,3370
B1001,14,13,0500,,,3245
B1001,14,14,0500,,,3020
B1001,14,15,0500,,,2970
B1001,14,16,0500,,,2770
B1001,14,23,0500,,,2770
B1001,14,LG,0500,,,1445
B1001,18,MT,0500,,,1580
B1001,18,12,0500,,,3870
B1001,18,13,0500,,,3745
B1001,18,14,0500,,,3520
B1001,18,15,0500,,,3470
B1001,18,16,0500,,,3270
B1001,18,23,0500,,,3270
B1001,18,LG,0500,,,1945
B1001,PLAT,MT,0500,,,1285
B1001,PLAT,12,0500,,,3575
B1001,PLAT,13,0500,,,3450
B1001,PLAT,14,0500,,,3225
B1001,PLAT,15,0500,,,3175
B1001,PLAT,16,0500,,,2975
B1001,PLAT,23,0500,,,2975
B1001,PLAT,LG,0500,,,1650
B1001,09,MT,0550,,,615
B1001,09,12,0550,,,3625
B1001,09,13,0550,,,3295
B1001,09,14,0550,,,2940
B1001,09,15,0550,,,2800
B1001,09,16,0550,,,2610
B1001,09,23,0550,,,2610
B1001,09,LG,0550,,,1015
B1001,14,MT,0550,,,1095
B1001,14,12,0550,,,4105
B1001,14,13,0550,,,3775
B1001,14,14,0550,,,3415
B1001,14,15,0550,,,3280
B1001,14,16,0550,,,3085
B1001,14,23,0550,,,3085
B1001,14,LG,0550,,,1490
B1001,18,MT,0550,,,1595
B1001,18,12,0550,,,4605
B1001,18,13,0550,,,4275
B1001,18,14,0550,,,3920
B1001,18,15,0550,,,3780
B1001,18,16,0550,,,3590
B1001,18,23,0550,,,3590
B1001,18,LG,0550,,,1995
B1001,PLAT,MT,0550,,,1300
B1001,PLAT,12,0550,,,4310
B1001,PLAT,13,0550,,,3980
B1001,PLAT,14,0550,,,3625
B1001,PLAT,15,0550,,,3485
B1001,PLAT,16,0550,,,3295
B1001,PLAT,23,0550,,,3295
B1001,PLAT,LG,0550,,,1700
B1001,09,MT,0600,,,660
B1001,09,12,0600,,,3940
B1001,09,13,0600,,,3580
B1001,09,14,0600,,,3190
B1001,09,15,0600,,,3040
B1001,09,16,0600,,,2830
B1001,09,23,0600,,,2830
B1001,09,LG,0600,,,1090
B1001,14,MT,0600,,,1180
B1001,14,12,0600,,,4460
B1001,14,13,0600,,,4100
B1001,14,14,0600,,,3710
B1001,14,15,0600,,,3560
B1001,14,16,0600,,,3350
B1001,14,23,0600,,,3350
B1001,14,LG,0600,,,1610
B1001,18,MT,0600,,,1720
B1001,18,12,0600,,,5005
B1001,18,13,0600,,,4645
B1001,18,14,0600,,,4255
B1001,18,15,0600,,,4105
B1001,18,16,0600,,,3895
B1001,18,23,0600,,,3895
B1001,18,LG,0600,,,2155
B1001,PLAT,MT,0600,,,1405
B1001,PLAT,12,0600,,,4685
B1001,PLAT,13,0600,,,4325
B1001,PLAT,14,0600,,,3935
B1001,PLAT,15,0600,,,3785
B1001,PLAT,16,0600,,,3575
B1001,PLAT,23,0600,,,3575
B1001,PLAT,LG,0600,,,1835
B1001,09,MT,0650,,,705
B1001,09,12,0650,,,4255
B1001,09,13,0650,,,3865
B1001,09,14,0650,,,3445
B1001,09,15,0650,,,3280
B1001,09,16,0650,,,3055
B1001,09,23,0650,,,3055
B1001,09,LG,0650,,,1170
B1001,14,MT,0650,,,1265
B1001,14,12,0650,,,4815
B1001,14,13,0650,,,4425
B1001,14,14,0650,,,4005
B1001,14,15,0650,,,3840
B1001,14,16,0650,,,3615
B1001,14,23,0650,,,3615
B1001,14,LG,0650,,,1730
B1001,18,MT,0650,,,1850
B1001,18,12,0650,,,5400
B1001,18,13,0650,,,5010
B1001,18,14,0650,,,4590
B1001,18,15,0650,,,4425
B1001,18,16,0650,,,4200
B1001,18,23,0650,,,4200
B1001,18,LG,0650,,,2315
B1001,PLAT,MT,0650,,,1505
B1001,PLAT,12,0650,,,5055
B1001,PLAT,13,0650,,,4665
B1001,PLAT,14,0650,,,4245
B1001,PLAT,15,0650,,,4080
B1001,PLAT,16,0650,,,3855
B1001,PLAT,23,0650,,,3855
B1001,PLAT,LG,0650,,,1970
B1001,09,MT,0700,,,705
B1001,09,12,0700,,,4525
B1001,09,13,0700,,,4105
B1001,09,14,0700,,,3650
B1001,09,15,0700,,,3475
B1001,09,16,0700,,,3230
B1001,09,23,0700,,,3230
B1001,09,LG,0700,,,1200
B1001,14,MT,0700,,,1265
B1001,14,12,0700,,,5085
B1001,14,13,0700,,,4665
B1001,14,14,0700,,,4210
B1001,14,15,0700,,,4035
B1001,14,16,0700,,,3790
B1001,14,23,0700,,,3790
B1001,14,LG,0700,,,1760
B1001,18,MT,0700,,,1850
B1001,18,12,0700,,,5670
B1001,18,13,0700,,,5250
B1001,18,14,0700,,,4795
B1001,18,15,0700,,,4620
B1001,18,16,0700,,,4375
B1001,18,23,0700,,,4375
B1001,18,LG,0700,,,2345
B1001,PLAT,MT,0700,,,1505
B1001,PLAT,12,0700,,,5325
B1001,PLAT,13,0700,,,4905
B1001,PLAT,14,0700,,,4450
B1001,PLAT,15,0700,,,4275
B1001,PLAT,16,0700,,,4030
B1001,PLAT,23,0700,,,4030
B1001,PLAT,LG,0700,,,2000
B1001,09,MT,0800,,,760
B1001,09,12,0800,,,5515
B1001,09,13,0800,,,5275
B1001,09,14,0800,,,4875
B1001,09,15,0800,,,4635
B1001,09,16,0800,,,4195
B1001,09,23,0800,,,4075
B1001,09,LG,0800,,,1315
B1001,14,MT,0800,,,1370
B1001,14,12,0800,,,6125
B1001,14,13,0800,,,5885
B1001,14,14,0800,,,5485
B1001,14,15,0800,,,5245
B1001,14,16,0800,,,4805
B1001,14,23,0800,,,4685
B1001,14,LG,0800,,,1925
B1001,18,MT,0800,,,2005
B1001,18,12,0800,,,6760
B1001,18,13,0800,,,6520
B1001,18,14,0800,,,6120
B1001,18,15,0800,,,5880
B1001,18,16,0800,,,5440
B1001,18,23,0800,,,5320
B1001,18,LG,0800,,,2560
B1001,PLAT,MT,0800,,,1630
B1001,PLAT,12,0800,,,6385
B1001,PLAT,13,0800,,,6145
B1001,PLAT,14,0800,,,5745
B1001,PLAT,15,0800,,,5505
B1001,PLAT,16,0800,,,5065
B1001,PLAT,23,0800,,,4945
B1001,PLAT,LG,0800,,,2185
B1001,09,MT,0900,,,800
B1001,09,12,0900,,,6685
B1001,09,13,0900,,,6100
B1001,09,14,0900,,,5605
B1001,09,15,0900,,,5290
B1001,09,16,0900,,,4975
B1001,09,23,0900,,,4705
B1001,09,LG,0900,,,1420
B1001,14,MT,0900,,,1445
B1001,14,12,0900,,,7330
B1001,14,13,0900,,,6745
B1001,14,14,0900,,,6250
B1001,14,15,0900,,,5935
B1001,14,16,0900,,,5620
B1001,14,23,0900,,,5350
B1001,14,LG,0900,,,2065
B1001,18,MT,0900,,,2120
B1001,18,12,0900,,,8005
B1001,18,13,0900,,,7420
B1001,18,14,0900,,,6925
B1001,18,15,0900,,,6610
B1001,18,16,0900,,,6295
B1001,18,23,0900,,,6025
B1001,18,LG,0900,,,2740
B1001,PLAT,MT,0900,,,1725
B1001,PLAT,12,0900,,,7605
B1001,PLAT,13,0900,,,7020
B1001,PLAT,14,0900,,,6525
B1001,PLAT,15,0900,,,6210
B1001,PLAT,16,0900,,,5895
B1001,PLAT,23,0900,,,5625
B1001,PLAT,LG,0900,,,2340
B1001,09,MT,1000,,,800
B1001,09,12,1000,,,7635
B1001,09,13,1000,,,7085
B1001,09,14,1000,,,6535
B1001,09,15,1000,,,6335
B1001,09,16,1000,,,5985
B1001,09,23,1000,,,5435
B1001,09,LG,1000,,,1485
B1001,14,MT,1000,,,1445
B1001,14,12,1000,,,8280
B1001,14,13,1000,,,7730
B1001,14,14,1000,,,7180
B1001,14,15,1000,,,6980
B1001,14,16,1000,,,6630
B1001,14,23,1000,,,6080
B1001,14,LG,1000,,,2130
B1001,18,MT,1000,,,2120
B1001,18,12,1000,,,8955
B1001,18,13,1000,,,8405
B1001,18,14,1000,,,7855
B1001,18,15,1000,,,7655
B1001,18,16,1000,,,7305
B1001,18,23,1000,,,6755
B1001,18,LG,1000,,,2805
B1001,PLAT,MT,1000,,,1725
B1001,PLAT,12,1000,,,8555
B1001,PLAT,13,1000,,,8005
B1001,PLAT,14,1000,,,7455
B1001,PLAT,15,1000,,,7255
B1001,PLAT,16,1000,,,6905
B1001,PLAT,23,1000,,,6355
B1001,PLAT,LG,1000,,,2405
B1001,09,MT,1100,,,925
B1001,09,12,1100,,,8435
B1001,09,13,1100,,,7830
B1001,09,14,1100,,,7225
B1001,09,15,1100,,,7005
B1001,09,16,1100,,,6620
B1001,09,23,1100,,,6015
B1001,09,LG,1100,,,1670
B1001,14,MT,1100,,,1640
B1001,14,12,1100,,,9150
B1001,14,13,1100,,,8545
B1001,14,14,1100,,,7940
B1001,14,15,1100,,,7720
B1001,14,16,1100,,,7335
B1001,14,23,1100,,,6730
B1001,14,LG,1100,,,2385
B1001,18,MT,1100,,,2395
B1001,18,12,1100,,,9905
B1001,18,13,1100,,,9300
B1001,18,14,1100,,,8695
B1001,18,15,1100,,,8475
B1001,18,16,1100,,,8090
B1001,18,23,1100,,,7485
B1001,18,LG,1100,,,3140
B1001,PLAT,MT,1100,,,1950
B1001,PLAT,12,1100,,,9460
B1001,PLAT,13,1100,,,8855
B1001,PLAT,14,1100,,,8250
B1001,PLAT,15,1100,,,8030
B1001,PLAT,16,1100,,,7645
B1001,PLAT,23,1100,,,7040
B1001,PLAT,LG,1100,,,2695
B1001,09,MT,1200,,,925
B1001,09,12,1200,,,10555
B1001,09,13,1200,,,9835
B1001,09,14,1200,,,8875
B1001,09,15,1200,,,6955
B1001,09,16,1200,,,6535
B1001,09,23,1200,,,6835
B1001,09,LG,1200,,,1735
B1001,14,MT,1200,,,1640
B1001,14,12,1200,,,11270
B1001,14,13,1200,,,10550
B1001,14,14,1200,,,9590
B1001,14,15,1200,,,7670
B1001,14,16,1200,,,7250
B1001,14,23,1200,,,7550
B1001,14,LG,1200,,,2450
B1001,18,MT,1200,,,2395
B1001,18,12,1200,,,12025
B1001,18,13,1200,,,11305
B1001,18,14,1200,,,10345
B1001,18,15,1200,,,8425
B1001,18,16,1200,,,8005
B1001,18,23,1200,,,8305
B1001,18,LG,1200,,,3205
B1001,PLAT,MT,1200,,,1950
B1001,PLAT,12,1200,,,11580
B1001,PLAT,13,1200,,,10860
B1001,PLAT,14,1200,,,9900
B1001,PLAT,15,1200,,,7980
B1001,PLAT,16,1200,,,7560
B1001,PLAT,23,1200,,,7860
B1001,PLAT,LG,1200,,,2760
B1002,09,MT,0100,,,335
B1002,09,12,0100,,,715
B1002,09,13,0100,,,680
B1002,09,14,0100,,,655
B1002,09,15,0100,,,640
B1002,09,16,0100,,,620
B1002,09,23,0100,,,620
B1002,09,LG,0100,,,465
B1002,14,MT,0100,,,575
B1002,14,12,0100,,,960
B1002,14,13,0100,,,925
B1002,14,14,0100,,,900
B1002,14,15,0100,,,885
B1002,14,16,0100,,,865
B1002,14,23,0100,,,865
B1002,14,LG,0100,,,710
B1002,18,MT,0100,,,830
B1002,18,12,0100,,,1210
B1002,18,13,0100,,,1175
B1002,18,14,0100,,,1150
B1002,18,15,0100,,,1135
B1002,18,16,0100,,,1115
B1002,18,23,0100,,,1115
B1002,18,LG,0100,,,960
B1002,PLAT,MT,0100,,,680
B1002,PLAT,12,0100,,,1060
B1002,PLAT,13,0100,,,1025
B1002,PLAT,14,0100,,,1000
B1002,PLAT,15,0100,,,985
B1002,PLAT,16,0100,,,965
B1002,PLAT,23,0100,,,965
B1002,PLAT,LG,0100,,,810
B1002,09,MT,0200,,,355
B1002,09,12,0200,,,1070
B1002,09,13,0200,,,1010
B1002,09,14,0200,,,960
B1002,09,15,0200,,,940
B1002,09,16,0200,,,900
B1002,09,23,0200,,,860
B1002,09,LG,0200,,,540
B1002,14,MT,0200,,,615
B1002,14,12,0200,,,1335
B1002,14,13,0200,,,1275
B1002,14,14,0200,,,1225
B1002,14,15,0200,,,1205
B1002,14,16,0200,,,1165
B1002,14,23,0200,,,1125
B1002,14,LG,0200,,,805
B1002,18,MT,0200,,,890
B1002,18,12,0200,,,1605
B1002,18,13,0200,,,1545
B1002,18,14,0200,,,1495
B1002,18,15,0200,,,1475
B1002,18,16,0200,,,1435
B1002,18,23,0200,,,1395
B1002,18,LG,0200,,,1075
B1002,PLAT,MT,0200,,,725
B1002,PLAT,12,0200,,,1445
B1002,PLAT,13,0200,,,1385
B1002,PLAT,14,0200,,,1335
B1002,PLAT,15,0200,,,1315
B1002,PLAT,16,0200,,,1275
B1002,PLAT,23,0200,,,1235
B1002,PLAT,LG,0200,,,915
B1002,09,MT,0300,,,380
B1002,09,12,0300,,,1455
B1002,09,13,0300,,,1365
B1002,09,14,0300,,,1290
B1002,09,15,0300,,,1260
B1002,09,16,0300,,,1200
B1002,09,23,0300,,,1140
B1002,09,LG,0300,,,630
B1002,14,MT,0300,,,670
B1002,14,12,0300,,,1740
B1002,14,13,0300,,,1650
B1002,14,14,0300,,,1575
B1002,14,15,0300,,,1545
B1002,14,16,0300,,,1485
B1002,14,23,0300,,,1425
B1002,14,LG,0300,,,915
B1002,18,MT,0300,,,965
B1002,18,12,0300,,,2040
B1002,18,13,0300,,,1950
B1002,18,14,0300,,,1875
B1002,18,15,0300,,,1845
B1002,18,16,0300,,,1785
B1002,18,23,0300,,,1725
B1002,18,LG,0300,,,1215
B1002,PLAT,MT,0300,,,790
B1002,PLAT,12,0300,,,1865
B1002,PLAT,13,0300,,,1775
B1002,PLAT,14,0300,,,1700
B1002,PLAT,15,0300,,,1670
B1002,PLAT,16,0300,,,1610
B1002,PLAT,23,0300,,,1550
B1002,PLAT,LG,0300,,,1040
B1002,09,MT,0400,,,450
B1002,09,12,0400,,,2255
B1002,09,13,0400,,,2095
B1002,09,14,0400,,,1975
B1002,09,15,0400,,,1935
B1002,09,16,0400,,,1815
B1002,09,23,0400,,,1775
B1002,09,LG,0400,,,755
B1002,14,MT,0400,,,795
B1002,14,12,0400,,,2595
B1002,14,13,0400,,,2435
B1002,14,14,0400,,,2315
B1002,14,15,0400,,,2275
B1002,14,16,0400,,,2155
B1002,14,23,0400,,,2115
B1002,14,LG,0400,,,1095
B1002,18,MT,0400,,,1155
B1002,18,12,0400,,,2960
B1002,18,13,0400,,,2800
B1002,18,14,0400,,,2680
B1002,18,15,0400,,,2640
B1002,18,16,0400,,,2520
B1002,18,23,0400,,,2480
B1002,18,LG,0400,,,1460
B1002,PLAT,MT,0400,,,940
B1002,PLAT,12,0400,,,2745
B1002,PLAT,13,0400,,,2585
B1002,PLAT,14,0400,,,2465
B1002,PLAT,15,0400,,,2425
B1002,PLAT,16,0400,,,2305
B1002,PLAT,23,0400,,,2265
B1002,PLAT,LG,0400,,,1245
B1002,09,MT,0500,,,450
B1002,09,12,0500,,,2765
B1002,09,13,0500,,,2640
B1002,09,14,0500,,,2415
B1002,09,15,0500,,,2365
B1002,09,16,0500,,,2190
B1002,09,23,0500,,,2165
B1002,09,LG,0500,,,815
B1002,14,MT,0500,,,795
B1002,14,12,0500,,,3115
B1002,14,13,0500,,,2990
B1002,14,14,0500,,,2765
B1002,14,15,0500,,,2715
B1002,14,16,0500,,,2540
B1002,14,23,0500,,,2515
B1002,14,LG,0500,,,1165
B1002,18,MT,0500,,,1160
B1002,18,12,0500,,,3475
B1002,18,13,0500,,,3350
B1002,18,14,0500,,,3125
B1002,18,15,0500,,,3075
B1002,18,16,0500,,,2900
B1002,18,23,0500,,,2875
B1002,18,LG,0500,,,1525
B1002,PLAT,MT,0500,,,945
B1002,PLAT,12,0500,,,3265
B1002,PLAT,13,0500,,,3140
B1002,PLAT,14,0500,,,2915
B1002,PLAT,15,0500,,,2865
B1002,PLAT,16,0500,,,2690
B1002,PLAT,23,0500,,,2665
B1002,PLAT,LG,0500,,,1315
B1002,09,MT,0600,,,535
B1002,09,12,0600,,,3815
B1002,09,13,0600,,,3455
B1002,09,14,0600,,,3065
B1002,09,15,0600,,,2915
B1002,09,16,0600,,,2705
B1002,09,23,0600,,,2705
B1002,09,LG,0600,,,965
B1002,14,MT,0600,,,940
B1002,14,12,0600,,,4220
B1002,14,13,0600,,,3860
B1002,14,14,0600,,,3470
B1002,14,15,0600,,,3320
B1002,14,16,0600,,,3110
B1002,14,23,0600,,,3110
B1002,14,LG,0600,,,1370
B1002,18,MT,0600,,,1370
B1002,18,12,0600,,,4650
B1002,18,13,0600,,,4290
B1002,18,14,0600,,,3900
B1002,18,15,0600,,,3750
B1002,18,16,0600,,,3540
B1002,18,23,0600,,,3540
B1002,18,LG,0600,,,1800
B1002,PLAT,MT,0600,,,1120
B1002,PLAT,12,0600,,,4395
B1002,PLAT,13,0600,,,4035
B1002,PLAT,14,0600,,,3645
B1002,PLAT,15,0600,,,3495
B1002,PLAT,16,0600,,,3285
B1002,PLAT,23,0600,,,3285
B1002,PLAT,LG,0600,,,1545
B1002,09,MT,0700,,,580
B1002,09,12,0700,,,4745
B1002,09,13,0700,,,4535
B1002,09,14,0700,,,4185
B1002,09,15,0700,,,3975
B1002,09,16,0700,,,3590
B1002,09,23,0700,,,3485
B1002,09,LG,0700,,,1070
B1002,14,MT,0700,,,1025
B1002,14,12,0700,,,5190
B1002,14,13,0700,,,4980
B1002,14,14,0700,,,4630
B1002,14,15,0700,,,4420
B1002,14,16,0700,,,4035
B1002,14,23,0700,,,3930
B1002,14,LG,0700,,,1515
B1002,18,MT,0700,,,1490
B1002,18,12,0700,,,5660
B1002,18,13,0700,,,5450
B1002,18,14,0700,,,5100
B1002,18,15,0700,,,4890
B1002,18,16,0700,,,4505
B1002,18,23,0700,,,4400
B1002,18,LG,0700,,,1985
B1002,PLAT,MT,0700,,,1215
B1002,PLAT,12,0700,,,5385
B1002,PLAT,13,0700,,,5175
B1002,PLAT,14,0700,,,4825
B1002,PLAT,15,0700,,,4615
B1002,PLAT,16,0700,,,4230
B1002,PLAT,23,0700,,,4125
B1002,PLAT,LG,0700,,,1710
B1002,09,MT,0800,,,585
B1002,09,12,0800,,,5340
B1002,09,13,0800,,,5100
B1002,09,14,0800,,,4700
B1002,09,15,0800,,,4460
B1002,09,16,0800,,,4020
B1002,09,23,0800,,,3900
B1002,09,LG,0800,,,1140
B1002,14,MT,0800,,,1035
B1002,14,12,0800,,,5795
B1002,14,13,0800,,,5555
B1002,14,14,0800,,,5155
B1002,14,15,0800,,,4915
B1002,14,16,0800,,,4475
B1002,14,23,0800,,,4355
B1002,14,LG,0800,,,1595
B1002,18,MT,0800,,,1510
B1002,18,12,0800,,,6265
B1002,18,13,0800,,,6025
B1002,18,14,0800,,,5625
B1002,18,15,0800,,,5385
B1002,18,16,0800,,,4945
B1002,18,23,0800,,,4825
B1002,18,LG,0800,,,2065
B1002,PLAT,MT,0800,,,1230
B1002,PLAT,12,0800,,,5990
B1002,PLAT,13,0800,,,5750
B1002,PLAT,14,0800,,,5350
B1002,PLAT,15,0800,,,5110
B1002,PLAT,16,0800,,,4670
B1002,PLAT,23,0800,,,4550
B1002,PLAT,LG,0800,,,1790
B1002,09,MT,1000,,,640
B1002,09,12,1000,,,7175
B1002,09,13,1000,,,6525
B1002,09,14,1000,,,5975
B1002,09,15,1000,,,5625
B1002,09,16,1000,,,5275
B1002,09,23,1000,,,4975
B1002,09,LG,1000,,,1325
B1002,14,MT,1000,,,1140
B1002,14,12,1000,,,7675
B1002,14,13,1000,,,7025
B1002,14,14,1000,,,6475
B1002,14,15,1000,,,6125
B1002,14,16,1000,,,5775
B1002,14,23,1000,,,5475
B1002,14,LG,1000,,,1825
B1002,18,MT,1000,,,1665
B1002,18,12,1000,,,8200
B1002,18,13,1000,,,7550
B1002,18,14,1000,,,7000
B1002,18,15,1000,,,6650
B1002,18,16,1000,,,6300
B1002,18,23,1000,,,6000
B1002,18,LG,1000,,,2350
B1002,PLAT,MT,1000,,,1355
B1002,PLAT,12,1000,,,7890
B1002,PLAT,13,1000,,,7240
B1002,PLAT,14,1000,,,6690
B1002,PLAT,15,1000,,,6340
B1002,PLAT,16,1000,,,5990
B1002,PLAT,23,1000,,,5690
B1002,PLAT,LG,1000,,,2040
B1002,09,MT,1200,,,810
B1002,09,12,1200,,,10440
B1002,09,13,1200,,,9720
B1002,09,14,1200,,,8760
B1002,09,15,1200,,,6840
B1002,09,16,1200,,,6420
B1002,09,23,1200,,,6720
B1002,09,LG,1200,,,1620
B1002,14,MT,1200,,,1465
B1002,14,12,1200,,,11090
B1002,14,13,1200,,,10370
B1002,14,14,1200,,,9410
B1002,14,15,1200,,,7490
B1002,14,16,1200,,,7070
B1002,14,23,1200,,,7370
B1002,14,LG,1200,,,2270
B1002,18,MT,1200,,,2145
B1002,18,12,1200,,,11775
B1002,18,13,1200,,,11055
B1002,18,14,1200,,,10095
B1002,18,15,1200,,,8175
B1002,18,16,1200,,,7755
B1002,18,23,1200,,,8055
B1002,18,LG,1200,,,2955
B1002,PLAT,MT,1200,,,1745
B1002,PLAT,12,1200,,,11370
B1002,PLAT,13,1200,,,10650
B1002,PLAT,14,1200,,,9690
B1002,PLAT,15,1200,,,7770
B1002,PLAT,16,1200,,,7350
B1002,PLAT,23,1200,,,7650
B1002,PLAT,LG,1200,,,2550
B1004,09,MT,0200,,,425
B1004,09,12,0200,,,1170
B1004,09,13,0200,,,1110
B1004,09,14,0200,,,1060
B1004,09,15,0200,,,1035
B1004,09,16,0200,,,995
B1004,09,23,0200,,,955
B1004,09,LG,0200,,,620
B1004,14,MT,0200,,,745
B1004,14,12,0200,,,1495
B1004,14,13,0200,,,1430
B1004,14,14,0200,,,1380
B1004,14,15,0200,,,1360
B1004,14,16,0200,,,1320
B1004,14,23,0200,,,1275
B1004,14,LG,0200,,,945
B1004,18,MT,0200,,,1085
B1004,18,12,0200,,,1830
B1004,18,13,0200,,,1770
B1004,18,14,0200,,,1720
B1004,18,15,0200,,,1695
B1004,18,16,0200,,,1655
B1004,18,23,0200,,,1615
B1004,18,LG,0200,,,1280
B1004,PLAT,MT,0200,,,885
B1004,PLAT,12,0200,,,1635
B1004,PLAT,13,0200,,,1570
B1004,PLAT,14,0200,,,1520
B1004,PLAT,15,0200,,,1500
B1004,PLAT,16,0200,,,1455
B1004,PLAT,23,0200,,,1415
B1004,PLAT,LG,0200,,,1080
B1004,09,MT,0300,,,475
B1004,09,12,0300,,,1540
B1004,09,13,0300,,,1445
B1004,09,14,0300,,,1370
B1004,09,15,0300,,,1340
B1004,09,16,0300,,,1280
B1004,09,23,0300,,,1220
B1004,09,LG,0300,,,730
B1004,14,MT,0300,,,845
B1004,14,12,0300,,,1905
B1004,14,13,0300,,,1815
B1004,14,14,0300,,,1740
B1004,14,15,0300,,,1710
B1004,14,16,0300,,,1650
B1004,14,23,0300,,,1585
B1004,14,LG,0300,,,1100
B1004,18,MT,0300,,,1230
B1004,18,12,0300,,,2295
B1004,18,13,0300,,,2200
B1004,18,14,0300,,,2125
B1004,18,15,0300,,,2095
B1004,18,16,0300,,,2035
B1004,18,23,0300,,,1975
B1004,18,LG,0300,,,1485
B1004,PLAT,MT,0300,,,1005
B1004,PLAT,12,0300,,,2065
B1004,PLAT,13,0300,,,1975
B1004,PLAT,14,0300,,,1900
B1004,PLAT,15,0300,,,1865
B1004,PLAT,16,0300,,,1805
B1004,PLAT,23,0300,,,1745
B1004,PLAT,LG,0300,,,1255
B1004,09,MT,0400,,,525
B1004,09,12,0400,,,2355
B1004,09,13,0400,,,2190
B1004,09,14,0400,,,2070
B1004,09,15,0400,,,2030
B1004,09,16,0400,,,1910
B1004,09,23,0400,,,1870
B1004,09,LG,0400,,,840
B1004,14,MT,0400,,,940
B1004,14,12,0400,,,2770
B1004,14,13,0400,,,2605
B1004,14,14,0400,,,2485
B1004,14,15,0400,,,2445
B1004,14,16,0400,,,2325
B1004,14,23,0400,,,2285
B1004,14,LG,0400,,,1255
B1004,18,MT,0400,,,1375
B1004,18,12,0400,,,3200
B1004,18,13,0400,,,3040
B1004,18,14,0400,,,2920
B1004,18,15,0400,,,2880
B1004,18,16,0400,,,2760
B1004,18,23,0400,,,2720
B1004,18,LG,0400,,,1690
B1004,PLAT,MT,0400,,,1120
B1004,PLAT,12,0400,,,2945
B1004,PLAT,13,0400,,,2785
B1004,PLAT,14,0400,,,2665
B1004,PLAT,15,0400,,,2625
B1004,PLAT,16,0400,,,2505
B1004,PLAT,23,0400,,,2465
B1004,PLAT,LG,0400,,,1435
B1004,09,MT,0500,,,580
B1004,09,12,0500,,,2840
B1004,09,13,0500,,,2635
B1004,09,14,0500,,,2485
B1004,09,15,0500,,,2435
B1004,09,16,0500,,,2285
B1004,09,23,0500,,,2235
B1004,09,LG,0500,,,955
B1004,14,MT,0500,,,1040
B1004,14,12,0500,,,3300
B1004,14,13,0500,,,3100
B1004,14,14,0500,,,2945
B1004,14,15,0500,,,2895
B1004,14,16,0500,,,2745
B1004,14,23,0500,,,2695
B1004,14,LG,0500,,,1415
B1004,18,MT,0500,,,1525
B1004,18,12,0500,,,3780
B1004,18,13,0500,,,3580
B1004,18,14,0500,,,3430
B1004,18,15,0500,,,3380
B1004,18,16,0500,,,3230
B1004,18,23,0500,,,3180
B1004,18,LG,0500,,,1900
B1004,PLAT,MT,0500,,,1240
B1004,PLAT,12,0500,,,3495
B1004,PLAT,13,0500,,,3295
B1004,PLAT,14,0500,,,3145
B1004,PLAT,15,0500,,,3095
B1004,PLAT,16,0500,,,2945
B1004,PLAT,23,0500,,,2895
B1004,PLAT,LG,0500,,,1615
B1004,09,MT,0600,,,645
B1004,09,12,0600,,,3955
B1004,09,13,0600,,,3590
B1004,09,14,0600,,,3200
B1004,09,15,0600,,,3045
B1004,09,16,0600,,,2835
B1004,09,23,0600,,,2835
B1004,09,LG,0600,,,1080
B1004,14,MT,0600,,,1155
B1004,14,12,0600,,,4460
B1004,14,13,0600,,,4100
B1004,14,14,0600,,,3705
B1004,14,15,0600,,,3555
B1004,14,16,0600,,,3340
B1004,14,23,0600,,,3340
B1004,14,LG,0600,,,1590
B1004,18,MT,0600,,,1685
B1004,18,12,0600,,,4990
B1004,18,13,0600,,,4630
B1004,18,14,0600,,,4235
B1004,18,15,0600,,,4085
B1004,18,16,0600,,,3875
B1004,18,23,0600,,,3875
B1004,18,LG,0600,,,2120
B1004,PLAT,MT,0600,,,1370
B1004,PLAT,12,0600,,,4680
B1004,PLAT,13,0600,,,4315
B1004,PLAT,14,0600,,,3925
B1004,PLAT,15,0600,,,3770
B1004,PLAT,16,0600,,,3560
B1004,PLAT,23,0600,,,3560
B1004,PLAT,LG,0600,,,1805
B1004,09,MT,0700,,,700
B1004,09,12,0700,,,4530
B1004,09,13,0700,,,4110
B1004,09,14,0700,,,3650
B1004,09,15,0700,,,3475
B1004,09,16,0700,,,3230
B1004,09,23,0700,,,3230
B1004,09,LG,0700,,,1195
B1004,14,MT,0700,,,1250
B1004,14,12,0700,,,5080
B1004,14,13,0700,,,4660
B1004,14,14,0700,,,4205
B1004,14,15,0700,,,4030
B1004,14,16,0700,,,3785
B1004,14,23,0700,,,3785
B1004,14,LG,0700,,,1750
B1004,18,MT,0700,,,1830
B1004,18,12,0700,,,5660
B1004,18,13,0700,,,5240
B1004,18,14,0700,,,4785
B1004,18,15,0700,,,4610
B1004,18,16,0700,,,4365
B1004,18,23,0700,,,4365
B1004,18,LG,0700,,,2325
B1004,PLAT,MT,0700,,,1490
B1004,PLAT,12,0700,,,5320
B1004,PLAT,13,0700,,,4900
B1004,PLAT,14,0700,,,4445
B1004,PLAT,15,0700,,,4270
B1004,PLAT,16,0700,,,4020
B1004,PLAT,23,0700,,,4020
B1004,PLAT,LG,0700,,,1985
B1004,09,MT,1000,,,855
B1004,09,12,1000,,,7700
B1004,09,13,1000,,,7150
B1004,09,14,1000,,,6595
B1004,09,15,1000,,,6395
B1004,09,16,1000,,,6045
B1004,09,23,1000,,,5495
B1004,09,LG,1000,,,1535
B1004,14,MT,1000,,,1545
B1004,14,12,1000,,,8390
B1004,14,13,1000,,,7840
B1004,14,14,1000,,,7290
B1004,14,15,1000,,,7090
B1004,14,16,1000,,,6740
B1004,14,23,1000,,,6185
B1004,14,LG,1000,,,2230
B1004,18,MT,1000,,,2270
B1004,18,12,1000,,,9115
B1004,18,13,1000,,,8565
B1004,18,14,1000,,,8010
B1004,18,15,1000,,,7810
B1004,18,16,1000,,,7460
B1004,18,23,1000,,,6910
B1004,18,LG,1000,,,2950
B1004,PLAT,MT,1000,,,1845
B1004,PLAT,12,1000,,,8690
B1004,PLAT,13,1000,,,8140
B1004,PLAT,14,1000,,,7585
B1004,PLAT,15,1000,,,7385
B1004,PLAT,16,1000,,,7035
B1004,PLAT,23,1000,,,6485
B1004,PLAT,LG,1000,,,2525
B1005,09,MT,0200,,,425
B1005,09,12,0200,,,1170
B1005,09,13,0200,,,1105
B1005,09,14,0200,,,1055
B1005,09,15,0200,,,1035
B1005,09,16,0200,,,995
B1005,09,23,0200,,,950
B1005,09,LG,0200,,,620
B1005,14,MT,0200,,,745
B1005,14,12,0200,,,1490
B1005,14,13,0200,,,1430
B1005,14,14,0200,,,1380
B1005,14,15,0200,,,1355
B1005,14,16,0200,,,1315
B1005,14,23,0200,,,1275
B1005,14,LG,0200,,,940
B1005,18,MT,0200,,,1085
B1005,18,12,0200,,,1830
B1005,18,13,0200,,,1770
B1005,18,14,0200,,,1715
B1005,18,15,0200,,,1695
B1005,18,16,0200,,,1655
B1005,18,23,0200,,,1610
B1005,18,LG,0200,,,1280
B1005,PLAT,MT,0200,,,885
B1005,PLAT,12,0200,,,1630
B1005,PLAT,13,0200,,,1570
B1005,PLAT,14,0200,,,1515
B1005,PLAT,15,0200,,,1495
B1005,PLAT,16,0200,,,1455
B1005,PLAT,23,0200,,,1415
B1005,PLAT,LG,0200,,,1080
B1005,09,MT,0300,,,475
B1005,09,12,0300,,,1535
B1005,09,13,0300,,,1445
B1005,09,14,0300,,,1365
B1005,09,15,0300,,,1335
B1005,09,16,0300,,,1275
B1005,09,23,0300,,,1215
B1005,09,LG,0300,,,725
B1005,14,MT,0300,,,845
B1005,14,12,0300,,,1905
B1005,14,13,0300,,,1810
B1005,14,14,0300,,,1735
B1005,14,15,0300,,,1705
B1005,14,16,0300,,,1645
B1005,14,23,0300,,,1585
B1005,14,LG,0300,,,1095
B1005,18,MT,0300,,,1230
B1005,18,12,0300,,,2290
B1005,18,13,0300,,,2200
B1005,18,14,0300,,,2120
B1005,18,15,0300,,,2090
B1005,18,16,0300,,,2030
B1005,18,23,0300,,,1970
B1005,18,LG,0300,,,1480
B1005,PLAT,MT,0300,,,1005
B1005,PLAT,12,0300,,,2065
B1005,PLAT,13,0300,,,1970
B1005,PLAT,14,0300,,,1895
B1005,PLAT,15,0300,,,1865
B1005,PLAT,16,0300,,,1805
B1005,PLAT,23,0300,,,1740
B1005,PLAT,LG,0300,,,1255
B1005,09,MT,0400,,,525
B1005,09,12,0400,,,2345
B1005,09,13,0400,,,2185
B1005,09,14,0400,,,2065
B1005,09,15,0400,,,2025
B1005,09,16,0400,,,1900
B1005,09,23,0400,,,1860
B1005,09,LG,0400,,,835
B1005,14,MT,0400,,,940
B1005,14,12,0400,,,2760
B1005,14,13,0400,,,2600
B1005,14,14,0400,,,2480
B1005,14,15,0400,,,2440
B1005,14,16,0400,,,2315
B1005,14,23,0400,,,2275
B1005,14,LG,0400,,,1250
B1005,18,MT,0400,,,1375
B1005,18,12,0400,,,3195
B1005,18,13,0400,,,3035
B1005,18,14,0400,,,2910
B1005,18,15,0400,,,2870
B1005,18,16,0400,,,2750
B1005,18,23,0400,,,2710
B1005,18,LG,0400,,,1685
B1005,PLAT,MT,0400,,,1120
B1005,PLAT,12,0400,,,2940
B1005,PLAT,13,0400,,,2780
B1005,PLAT,14,0400,,,2655
B1005,PLAT,15,0400,,,2615
B1005,PLAT,16,0400,,,2495
B1005,PLAT,23,0400,,,2455
B1005,PLAT,LG,0400,,,1430
B1005,09,MT,0500,,,580
B1005,09,12,0500,,,2880
B1005,09,13,0500,,,2755
B1005,09,14,0500,,,2530
B1005,09,15,0500,,,2480
B1005,09,16,0500,,,2280
B1005,09,23,0500,,,2280
B1005,09,LG,0500,,,950
B1005,14,MT,0500,,,1040
B1005,14,12,0500,,,3340
B1005,14,13,0500,,,3215
B1005,14,14,0500,,,2990
B1005,14,15,0500,,,2940
B1005,14,16,0500,,,2740
B1005,14,23,0500,,,2740
B1005,14,LG,0500,,,1410
B1005,18,MT,0500,,,1525
B1005,18,12,0500,,,3825
B1005,18,13,0500,,,3700
B1005,18,14,0500,,,3475
B1005,18,15,0500,,,3425
B1005,18,16,0500,,,3220
B1005,18,23,0500,,,3220
B1005,18,LG,0500,,,1890
B1005,PLAT,MT,0500,,,1240
B1005,PLAT,12,0500,,,3540
B1005,PLAT,13,0500,,,3415
B1005,PLAT,14,0500,,,3190
B1005,PLAT,15,0500,,,3140
B1005,PLAT,16,0500,,,2940
B1005,PLAT,23,0500,,,2940
B1005,PLAT,LG,0500,,,1610
B1005,09,MT,0600,,,645
B1005,09,12,0600,,,3955
B1005,09,13,0600,,,3590
B1005,09,14,0600,,,3195
B1005,09,15,0600,,,3045
B1005,09,16,0600,,,2835
B1005,09,23,0600,,,2835
B1005,09,LG,0600,,,1080
B1005,14,MT,0600,,,1155
B1005,14,12,0600,,,4460
B1005,14,13,0600,,,4095
B1005,14,14,0600,,,3705
B1005,14,15,0600,,,3550
B1005,14,16,0600,,,3340
B1005,14,23,0600,,,3340
B1005,14,LG,0600,,,1585
B1005,18,MT,0600,,,1685
B1005,18,12,0600,,,4990
B1005,18,13,0600,,,4630
B1005,18,14,0600,,,4235
B1005,18,15,0600,,,4085
B1005,18,16,0600,,,3870
B1005,18,23,0600,,,3870
B1005,18,LG,0600,,,2115
B1005,PLAT,MT,0600,,,1370
B1005,PLAT,12,0600,,,4680
B1005,PLAT,13,0600,,,4315
B1005,PLAT,14,0600,,,3920
B1005,PLAT,15,0600,,,3770
B1005,PLAT,16,0600,,,3560
B1005,PLAT,23,0600,,,3560
B1005,PLAT,LG,0600,,,1805
B1005,09,MT,0700,,,700
B1005,09,12,0700,,,4875
B1005,09,13,0700,,,4665
B1005,09,14,0700,,,4315
B1005,09,15,0700,,,4105
B1005,09,16,0700,,,3720
B1005,09,23,0700,,,3615
B1005,09,LG,0700,,,1190
B1005,14,MT,0700,,,1250
B1005,14,12,0700,,,5430
B1005,14,13,0700,,,5220
B1005,14,14,0700,,,4870
B1005,14,15,0700,,,4660
B1005,14,16,0700,,,4270
B1005,14,23,0700,,,4165
B1005,14,LG,0700,,,1745
B1005,18,MT,0700,,,1830
B1005,18,12,0700,,,6010
B1005,18,13,0700,,,5800
B1005,18,14,0700,,,5450
B1005,18,15,0700,,,5235
B1005,18,16,0700,,,4850
B1005,18,23,0700,,,4745
B1005,18,LG,0700,,,2325
B1005,PLAT,MT,0700,,,1490
B1005,PLAT,12,0700,,,5670
B1005,PLAT,13,0700,,,5460
B1005,PLAT,14,0700,,,5105
B1005,PLAT,15,0700,,,4895
B1005,PLAT,16,0700,,,4510
B1005,PLAT,23,0700,,,4405
B1005,PLAT,LG,0700,,,1985
B1005,09,MT,1000,,,775
B1005,09,12,1000,,,7815
B1005,09,13,1000,,,7245
B1005,09,14,1000,,,6680
B1005,09,15,1000,,,6475
B1005,09,16,1000,,,6115
B1005,09,23,1000,,,5545
B1005,09,LG,1000,,,1480
B1005,14,MT,1000,,,1400
B1005,14,12,1000,,,8435
B1005,14,13,1000,,,7870
B1005,14,14,1000,,,7300
B1005,14,15,1000,,,7095
B1005,14,16,1000,,,6735
B1005,14,23,1000,,,6170
B1005,14,LG,1000,,,2100
B1005,18,MT,1000,,,2050
B1005,18,12,1000,,,9085
B1005,18,13,1000,,,8520
B1005,18,14,1000,,,7955
B1005,18,15,1000,,,7745
B1005,18,16,1000,,,7385
B1005,18,23,1000,,,6820
B1005,18,LG,1000,,,2750
B1005,PLAT,MT,1000,,,1665
B1005,PLAT,12,1000,,,8705
B1005,PLAT,13,1000,,,8135
B1005,PLAT,14,1000,,,7570
B1005,PLAT,15,1000,,,7365
B1005,PLAT,16,1000,,,7005
B1005,PLAT,23,1000,,,6435
B1005,PLAT,LG,1000,,,2370
B2011,09,MT,0100,,,450
B2011,09,12,0100,,,780
B2011,09,13,0100,,,750
B2011,09,14,0100,,,730
B2011,09,15,0100,,,720
B2011,09,16,0100,,,700
B2011,09,23,0100,,,700
B2011,09,LG,0100,,,560
B2011,14,MT,0100,,,795
B2011,14,12,0100,,,1125
B2011,14,13,0100,,,1095
B2011,14,14,0100,,,1075
B2011,14,15,0100,,,1065
B2011,14,16,0100,,,1045
B2011,14,23,0100,,,1045
B2011,14,LG,0100,,,910
B2011,18,MT,0100,,,1155
B2011,18,12,0100,,,1490
B2011,18,13,0100,,,1460
B2011,18,14,0100,,,1440
B2011,18,15,0100,,,1430
B2011,18,16,0100,,,1405
B2011,18,23,0100,,,1405
B2011,18,LG,0100,,,1270
B2011,PLAT,MT,0100,,,945
B2011,PLAT,12,0100,,,1275
B2011,PLAT,13,0100,,,1245
B2011,PLAT,14,0100,,,1225
B2011,PLAT,15,0100,,,1215
B2011,PLAT,16,0100,,,1195
B2011,PLAT,23,0100,,,1195
B2011,PLAT,LG,0100,,,1055
B2011,09,MT,0200,,,485
B2011,09,12,0200,,,1195
B2011,09,13,0200,,,1135
B2011,09,14,0200,,,1085
B2011,09,15,0200,,,1065
B2011,09,16,0200,,,1025
B2011,09,23,0200,,,985
B2011,09,LG,0200,,,655
B2011,14,MT,0200,,,865
B2011,14,12,0200,,,1575
B2011,14,13,0200,,,1515
B2011,14,14,0200,,,1465
B2011,14,15,0200,,,1440
B2011,14,16,0200,,,1400
B2011,14,23,0200,,,1360
B2011,14,LG,0200,,,1035
B2011,18,MT,0200,,,1260
B2011,18,12,0200,,,1970
B2011,18,13,0200,,,1910
B2011,18,14,0200,,,1860
B2011,18,15,0200,,,1840
B2011,18,16,0200,,,1795
B2011,18,23,0200,,,1755
B2011,18,LG,0200,,,1430
B2011,PLAT,MT,0200,,,1025
B2011,PLAT,12,0200,,,1740
B2011,PLAT,13,0200,,,1675
B2011,PLAT,14,0200,,,1625
B2011,PLAT,15,0200,,,1605
B2011,PLAT,16,0200,,,1565
B2011,PLAT,23,0200,,,1525
B2011,PLAT,LG,0200,,,1195
B2011,09,MT,0300,,,520
B2011,09,12,0300,,,1880
B2011,09,13,0300,,,1760
B2011,09,14,0300,,,1670
B2011,09,15,0300,,,1640
B2011,09,16,0300,,,1550
B2011,09,23,0300,,,1520
B2011,09,LG,0300,,,755
B2011,14,MT,0300,,,930
B2011,14,12,0300,,,2290
B2011,14,13,0300,,,2170
B2011,14,14,0300,,,2080
B2011,14,15,0300,,,2050
B2011,14,16,0300,,,1960
B2011,14,23,0300,,,1930
B2011,14,LG,0300,,,1165
B2011,18,MT,0300,,,1360
B2011,18,12,0300,,,2720
B2011,18,13,0300,,,2600
B2011,18,14,0300,,,2510
B2011,18,15,0300,,,2480
B2011,18,16,0300,,,2390
B2011,18,23,0300,,,2360
B2011,18,LG,0300,,,1595
B2011,PLAT,MT,0300,,,1110
B2011,PLAT,12,0300,,,2465
B2011,PLAT,13,0300,,,2345
B2011,PLAT,14,0300,,,2255
B2011,PLAT,15,0300,,,2225
B2011,PLAT,16,0300,,,2135
B2011,PLAT,23,0300,,,2105
B2011,PLAT,LG,0300,,,1340
B2011,09,MT,0400,,,580
B2011,09,12,0400,,,2780
B2011,09,13,0400,,,2540
B2011,09,14,0400,,,2280
B2011,09,15,0400,,,2180
B2011,09,16,0400,,,2035
B2011,09,23,0400,,,2035
B2011,09,LG,0400,,,870
B2011,14,MT,0400,,,1040
B2011,14,12,0400,,,3240
B2011,14,13,0400,,,3000
B2011,14,14,0400,,,2740
B2011,14,15,0400,,,2640
B2011,14,16,0400,,,2500
B2011,14,23,0400,,,2500
B2011,14,LG,0400,,,1330
B2011,18,MT,0400,,,1525
B2011,18,12,0400,,,3725
B2011,18,13,0400,,,3485
B2011,18,14,0400,,,3220
B2011,18,15,0400,,,3120
B2011,18,16,0400,,,2980
B2011,18,23,0400,,,2980
B2011,18,LG,0400,,,1815
B2011,PLAT,MT,0400,,,1240
B2011,PLAT,12,0400,,,3440
B2011,PLAT,13,0400,,,3200
B2011,PLAT,14,0400,,,2940
B2011,PLAT,15,0400,,,2835
B2011,PLAT,16,0400,,,2695
B2011,PLAT,23,0400,,,2695
B2011,PLAT,LG,0400,,,1530
B2011,09,MT,0500,,,600
B2011,09,12,0500,,,3365
B2011,09,13,0500,,,3065
B2011,09,14,0500,,,2735
B2011,09,15,0500,,,2605
B2011,09,16,0500,,,2430
B2011,09,23,0500,,,2430
B2011,09,LG,0500,,,960
B2011,14,MT,0500,,,1080
B2011,14,12,0500,,,3845
B2011,14,13,0500,,,3540
B2011,14,14,0500,,,3215
B2011,14,15,0500,,,3085
B2011,14,16,0500,,,2910
B2011,14,23,0500,,,2910
B2011,14,LG,0500,,,1440
B2011,18,MT,0500,,,1580
B2011,18,12,0500,,,4350
B2011,18,13,0500,,,4045
B2011,18,14,0500,,,3715
B2011,18,15,0500,,,3590
B2011,18,16,0500,,,3410
B2011,18,23,0500,,,3410
B2011,18,LG,0500,,,1940
B2011,PLAT,MT,0500,,,1285
B2011,PLAT,12,0500,,,4055
B2011,PLAT,13,0500,,,3750
B2011,PLAT,14,0500,,,3420
B2011,PLAT,15,0500,,,3290
B2011,PLAT,16,0500,,,3115
B2011,PLAT,23,0500,,,3115
B2011,PLAT,LG,0500,,,1645
B2011,09,MT,0700,,,750
B2011,09,12,0700,,,5350
B2011,09,13,0700,,,4895
B2011,09,14,0700,,,4505
B2011,09,15,0700,,,4260
B2011,09,16,0700,,,4015
B2011,09,23,0700,,,3805
B2011,09,LG,0700,,,1240
B2011,14,MT,0700,,,1355
B2011,14,12,0700,,,5950
B2011,14,13,0700,,,5495
B2011,14,14,0700,,,5110
B2011,14,15,0700,,,4860
B2011,14,16,0700,,,4615
B2011,14,23,0700,,,4405
B2011,14,LG,0700,,,1840
B2011,18,MT,0700,,,1985
B2011,18,12,0700,,,6580
B2011,18,13,0700,,,6125
B2011,18,14,0700,,,5735
B2011,18,15,0700,,,5490
B2011,18,16,0700,,,5245
B2011,18,23,0700,,,5035
B2011,18,LG,0700,,,2470
B2011,PLAT,MT,0700,,,1615
B2011,PLAT,12,0700,,,6210
B2011,PLAT,13,0700,,,5755
B2011,PLAT,14,0700,,,5365
B2011,PLAT,15,0700,,,5120
B2011,PLAT,16,0700,,,4875
B2011,PLAT,23,0700,,,4665
B2011,PLAT,LG,0700,,,2100
B2012,09,MT,0200,,,515
B2012,09,12,0200,,,1235
B2012,09,13,0200,,,1175
B2012,09,14,0200,,,1125
B2012,09,15,0200,,,1105
B2012,09,16,0200,,,1065
B2012,09,23,0200,,,1025
B2012,09,LG,0200,,,705
B2012,14,MT,0200,,,920
B2012,14,12,0200,,,1640
B2012,14,13,0200,,,1580
B2012,14,14,0200,,,1530
B2012,14,15,0200,,,1510
B2012,14,16,0200,,,1470
B2012,14,23,0200,,,1430
B2012,14,LG,0200,,,1110
B2012,18,MT,0200,,,1345
B2012,18,12,0200,,,2065
B2012,18,13,0200,,,2005
B2012,18,14,0200,,,1955
B2012,18,15,0200,,,1935
B2012,18,16,0200,,,1895
B2012,18,23,0200,,,1855
B2012,18,LG,0200,,,1535
B2012,PLAT,MT,0200,,,1095
B2012,PLAT,12,0200,,,1815
B2012,PLAT,13,0200,,,1755
B2012,PLAT,14,0200,,,1705
B2012,PLAT,15,0200,,,1685
B2012,PLAT,16,0200,,,1645
B2012,PLAT,23,0200,,,1605
B2012,PLAT,LG,0200,,,1285
B2012,09,MT,0400,,,650
B2012,09,12,0400,,,2470
B2012,09,13,0400,,,2310
B2012,09,14,0400,,,2190
B2012,09,15,0400,,,2150
B2012,09,16,0400,,,2025
B2012,09,23,0400,,,1985
B2012,09,LG,0400,,,960
B2012,14,MT,0400,,,1175
B2012,14,12,0400,,,2995
B2012,14,13,0400,,,2835
B2012,14,14,0400,,,2710
B2012,14,15,0400,,,2670
B2012,14,16,0400,,,2550
B2012,14,23,0400,,,2510
B2012,14,LG,0400,,,1485
B2012,18,MT,0400,,,1725
B2012,18,12,0400,,,3540
B2012,18,13,0400,,,3380
B2012,18,14,0400,,,3260
B2012,18,15,0400,,,3220
B2012,18,16,0400,,,3100
B2012,18,23,0400,,,3060
B2012,18,LG,0400,,,2035
B2012,PLAT,MT,0400,,,1400
B2012,PLAT,12,0400,,,3220
B2012,PLAT,13,0400,,,3060
B2012,PLAT,14,0400,,,2940
B2012,PLAT,15,0400,,,2900
B2012,PLAT,16,0400,,,2775
B2012,PLAT,23,0400,,,2735
B2012,PLAT,LG,0400,,,1710
B2012,09,MT,0500,,,675
B2012,09,12,0500,,,2970
B2012,09,13,0500,,,2845
B2012,09,14,0500,,,2620
B2012,09,15,0500,,,2570
B2012,09,16,0500,,,2370
B2012,09,23,0500,,,2370
B2012,09,LG,0500,,,1045
B2012,14,MT,0500,,,1220
B2012,14,12,0500,,,3520
B2012,14,13,0500,,,3395
B2012,14,14,0500,,,3170
B2012,14,15,0500,,,3120
B2012,14,16,0500,,,2920
B2012,14,23,0500,,,2920
B2012,14,LG,0500,,,1595
B2012,18,MT,0500,,,1795
B2012,18,12,0500,,,4090
B2012,18,13,0500,,,3965
B2012,18,14,0500,,,3740
B2012,18,15,0500,,,3690
B2012,18,16,0500,,,3490
B2012,18,23,0500,,,3490
B2012,18,LG,0500,,,2165
B2012,PLAT,MT,0500,,,1460
B2012,PLAT,12,0500,,,3755
B2012,PLAT,13,0500,,,3630
B2012,PLAT,14,0500,,,3405
B2012,PLAT,15,0500,,,3355
B2012,PLAT,16,0500,,,3155
B2012,PLAT,23,0500,,,3155
B2012,PLAT,LG,0500,,,1830
B2012,09,MT,0700,,,800
B2012,09,12,0700,,,4625
B2012,09,13,0700,,,4205
B2012,09,14,0700,,,3750
B2012,09,15,0700,,,3575
B2012,09,16,0700,,,3330
B2012,09,23,0700,,,3330
B2012,09,LG,0700,,,1295
B2012,14,MT,0700,,,1445
B2012,14,12,0700,,,5270
B2012,14,13,0700,,,4850
B2012,14,14,0700,,,4395
B2012,14,15,0700,,,4220
B2012,14,16,0700,,,3975
B2012,14,23,0700,,,3975
B2012,14,LG,0700,,,1940
B2012,18,MT,0700,,,2115
B2012,18,12,0700,,,5945
B2012,18,13,0700,,,5525
B2012,18,14,0700,,,5065
B2012,18,15,0700,,,4890
B2012,18,16,0700,,,4645
B2012,18,23,0700,,,4645
B2012,18,LG,0700,,,2615
B2012,PLAT,MT,0700,,,1720
B2012,PLAT,12,0700,,,5545
B2012,PLAT,13,0700,,,5125
B2012,PLAT,14,0700,,,4670
B2012,PLAT,15,0700,,,4495
B2012,PLAT,16,0700,,,4250
B2012,PLAT,23,0700,,,4250
B2012,PLAT,LG,0700,,,2215
B2012,09,MT,1000,,,915
B2012,09,12,1000,,,7450
B2012,09,13,1000,,,6800
B2012,09,14,1000,,,6250
B2012,09,15,1000,,,5900
B2012,09,16,1000,,,5550
B2012,09,23,1000,,,5250
B2012,09,LG,1000,,,1600
B2012,14,MT,1000,,,1660
B2012,14,12,1000,,,8195
B2012,14,13,1000,,,7545
B2012,14,14,1000,,,6995
B2012,14,15,1000,,,6645
B2012,14,16,1000,,,6295
B2012,14,23,1000,,,5995
B2012,14,LG,1000,,,2345
B2012,18,MT,1000,,,2440
B2012,18,12,1000,,,8975
B2012,18,13,1000,,,8325
B2012,18,14,1000,,,7775
B2012,18,15,1000,,,7425
B2012,18,16,1000,,,7075
B2012,18,23,1000,,,6775
B2012,18,LG,1000,,,3125
B2012,PLAT,MT,1000,,,1980
B2012,PLAT,12,1000,,,8515
B2012,PLAT,13,1000,,,7865
B2012,PLAT,14,1000,,,7315
B2012,PLAT,15,1000,,,6965
B2012,PLAT,16,1000,,,6615
B2012,PLAT,23,1000,,,6315
B2012,PLAT,LG,1000,,,2670
B2013,09,MT,0100,,,490
B2013,09,12,0100,,,860
B2013,09,13,0100,,,825
B2013,09,14,0100,,,800
B2013,09,15,0100,,,785
B2013,09,16,0100,,,765
B2013,09,23,0100,,,765
B2013,09,LG,0100,,,605
B2013,14,MT,0100,,,870
B2013,14,12,0100,,,1240
B2013,14,13,0100,,,1205
B2013,14,14,0100,,,1180
B2013,14,15,0100,,,1165
B2013,14,16,0100,,,1145
B2013,14,23,0100,,,1145
B2013,14,LG,0100,,,985
B2013,18,MT,0100,,,1265
B2013,18,12,0100,,,1635
B2013,18,13,0100,,,1600
B2013,18,14,0100,,,1575
B2013,18,15,0100,,,1560
B2013,18,16,0100,,,1540
B2013,18,23,0100,,,1540
B2013,18,LG,0100,,,1385
B2013,PLAT,MT,0100,,,1030
B2013,PLAT,12,0100,,,1405
B2013,PLAT,13,0100,,,1370
B2013,PLAT,14,0100,,,1345
B2013,PLAT,15,0100,,,1330
B2013,PLAT,16,0100,,,1305
B2013,PLAT,23,0100,,,1305
B2013,PLAT,LG,0100,,,1150
B2013,09,MT,0200,,,505
B2013,09,12,0200,,,1210
B2013,09,13,0200,,,1150
B2013,09,14,0200,,,1100
B2013,09,15,0200,,,1080
B2013,09,16,0200,,,1040
B2013,09,23,0200,,,1000
B2013,09,LG,0200,,,680
B2013,14,MT,0200,,,905
B2013,14,12,0200,,,1610
B2013,14,13,0200,,,1550
B2013,14,14,0200,,,1500
B2013,14,15,0200,,,1480
B2013,14,16,0200,,,1440
B2013,14,23,0200,,,1400
B2013,14,LG,0200,,,1080
B2013,18,MT,0200,,,1320
B2013,18,12,0200,,,2025
B2013,18,13,0200,,,1965
B2013,18,14,0200,,,1915
B2013,18,15,0200,,,1895
B2013,18,16,0200,,,1855
B2013,18,23,0200,,,1815
B2013,18,LG,0200,,,1495
B2013,PLAT,MT,0200,,,1075
B2013,PLAT,12,0200,,,1780
B2013,PLAT,13,0200,,,1720
B2013,PLAT,14,0200,,,1670
B2013,PLAT,15,0200,,,1650
B2013,PLAT,16,0200,,,1610
B2013,PLAT,23,0200,,,1570
B2013,PLAT,LG,0200,,,1250
B2013,09,MT,0300,,,535
B2013,09,12,0300,,,1900
B2013,09,13,0300,,,1775
B2013,09,14,0300,,,1685
B2013,09,15,0300,,,1655
B2013,09,16,0300,,,1565
B2013,09,23,0300,,,1535
B2013,09,LG,0300,,,770
B2013,14,MT,0300,,,950
B2013,14,12,0300,,,2315
B2013,14,13,0300,,,2195
B2013,14,14,0300,,,2105
B2013,14,15,0300,,,2075
B2013,14,16,0300,,,1985
B2013,14,23,0300,,,1955
B2013,14,LG,0300,,,1190
B2013,18,MT,0300,,,1390
B2013,18,12,0300,,,2755
B2013,18,13,0300,,,2635
B2013,18,14,0300,,,2545
B2013,18,15,0300,,,2515
B2013,18,16,0300,,,2425
B2013,18,23,0300,,,2395
B2013,18,LG,0300,,,1630
B2013,PLAT,MT,0300,,,1135
B2013,PLAT,12,0300,,,2500
B2013,PLAT,13,0300,,,2380
B2013,PLAT,14,0300,,,2285
B2013,PLAT,15,0300,,,2255
B2013,PLAT,16,0300,,,2165
B2013,PLAT,23,0300,,,2135
B2013,PLAT,LG,0300,,,1370
B2013,09,MT,0700,,,560
B2013,09,12,0700,,,4730
B2013,09,13,0700,,,4520
B2013,09,14,0700,,,4170
B2013,09,15,0700,,,3960
B2013,09,16,0700,,,3575
B2013,09,23,0700,,,3470
B2013,09,LG,0700,,,1050
B2013,14,MT,0700,,,995
B2013,14,12,0700,,,5165
B2013,14,13,0700,,,4950
B2013,14,14,0700,,,4600
B2013,14,15,0700,,,4390
B2013,14,16,0700,,,4005
B2013,14,23,0700,,,3900
B2013,14,LG,0700,,,1480
B2013,18,MT,0700,,,1445
B2013,18,12,0700,,,5615
B2013,18,13,0700,,,5405
B2013,18,14,0700,,,5055
B2013,18,15,0700,,,4845
B2013,18,16,0700,,,4460
B2013,18,23,0700,,,4355
B2013,18,LG,0700,,,1935
B2013,PLAT,MT,0700,,,1180
B2013,PLAT,12,0700,,,5350
B2013,PLAT,13,0700,,,5140
B2013,PLAT,14,0700,,,4790
B2013,PLAT,15,0700,,,4580
B2013,PLAT,16,0700,,,4190
B2013,PLAT,23,0700,,,4085
B2013,PLAT,LG,0700,,,1670
B2013,09,MT,0800,,,740
B2013,09,12,0800,,,5975
B2013,09,13,0800,,,5455
B2013,09,14,0800,,,5010
B2013,09,15,0800,,,4730
B2013,09,16,0800,,,4450
B2013,09,23,0800,,,4210
B2013,09,LG,0800,,,1285
B2013,14,MT,0800,,,1325
B2013,14,12,0800,,,6560
B2013,14,13,0800,,,6040
B2013,14,14,0800,,,5600
B2013,14,15,0800,,,5320
B2013,14,16,0800,,,5040
B2013,14,23,0800,,,4800
B2013,14,LG,0800,,,1875
B2013,18,MT,0800,,,1945
B2013,18,12,0800,,,7180
B2013,18,13,0800,,,6660
B2013,18,14,0800,,,6215
B2013,18,15,0800,,,5935
B2013,18,16,0800,,,5655
B2013,18,23,0800,,,5415
B2013,18,LG,0800,,,2495
B2013,PLAT,MT,0800,,,1580
B2013,PLAT,12,0800,,,6815
B2013,PLAT,13,0800,,,6295
B2013,PLAT,14,0800,,,5855
B2013,PLAT,15,0800,,,5575
B2013,PLAT,16,0800,,,5295
B2013,PLAT,23,0800,,,5055
B2013,PLAT,LG,0800,,,2130
B2014,09,MT,0100,,,280
B2014,09,12,0100,,,670
B2014,09,13,0100,,,635
B2014,09,14,0100,,,610
B2014,09,15,0100,,,595
B2014,09,16,0100,,,575
B2014,09,23,0100,,,575
B2014,09,LG,0100,,,420
B2014,14,MT,0100,,,475
B2014,14,12,0100,,,865
B2014,14,13,0100,,,830
B2014,14,14,0100,,,805
B2014,14,15,0100,,,790
B2014,14,16,0100,,,770
B2014,14,23,0100,,,770
B2014,14,LG,0100,,,615
B2014,18,MT,0100,,,680
B2014,18,12,0100,,,1070
B2014,18,13,0100,,,1035
B2014,18,14,0100,,,1010
B2014,18,15,0100,,,995
B2014,18,16,0100,,,975
B2014,18,23,0100,,,975
B2014,18,LG,0100,,,820
B2014,PLAT,MT,0100,,,560
B2014,PLAT,12,0100,,,950
B2014,PLAT,13,0100,,,915
B2014,PLAT,14,0100,,,890
B2014,PLAT,15,0100,,,875
B2014,PLAT,16,0100,,,855
B2014,PLAT,23,0100,,,855
B2014,PLAT,LG,0100,,,700
B2014,09,MT,0160,,,285
B2014,09,12,0160,,,875
B2014,09,13,0160,,,830
B2014,09,14,0160,,,790
B2014,09,15,0160,,,775
B2014,09,16,0160,,,740
B2014,09,23,0160,,,710
B2014,09,LG,0160,,,455
B2014,14,MT,0160,,,490
B2014,14,12,0160,,,1080
B2014,14,13,0160,,,1030
B2014,14,14,0160,,,990
B2014,14,15,0160,,,975
B2014,14,16,0160,,,945
B2014,14,23,0160,,,910
B2014,14,LG,0160,,,655
B2014,18,MT,0160,,,700
B2014,18,12,0160,,,1290
B2014,18,13,0160,,,1240
B2014,18,14,0160,,,1200
B2014,18,15,0160,,,1185
B2014,18,16,0160,,,1155
B2014,18,23,0160,,,1120
B2014,18,LG,0160,,,865
B2014,PLAT,MT,0160,,,575
B2014,PLAT,12,0160,,,1165
B2014,PLAT,13,0160,,,1120
B2014,PLAT,14,0160,,,1080
B2014,PLAT,15,0160,,,1060
B2014,PLAT,16,0160,,,1030
B2014,PLAT,23,0160,,,1000
B2014,PLAT,LG,0160,,,740
B2014,09,MT,0200,,,350
B2014,09,12,0200,,,1075
B2014,09,13,0200,,,1015
B2014,09,14,0200,,,965
B2014,09,15,0200,,,945
B2014,09,16,0200,,,905
B2014,09,23,0200,,,865
B2014,09,LG,0200,,,545
B2014,14,MT,0200,,,610
B2014,14,12,0200,,,1330
B2014,14,13,0200,,,1270
B2014,14,14,0200,,,1220
B2014,14,15,0200,,,1200
B2014,14,16,0200,,,1160
B2014,14,23,0200,,,1120
B2014,14,LG,0200,,,800
B2014,18,MT,0200,,,880
B2014,18,12,0200,,,1600
B2014,18,13,0200,,,1540
B2014,18,14,0200,,,1490
B2014,18,15,0200,,,1470
B2014,18,16,0200,,,1430
B2014,18,23,0200,,,1390
B2014,18,LG,0200,,,1070
B2014,PLAT,MT,0200,,,720
B2014,PLAT,12,0200,,,1440
B2014,PLAT,13,0200,,,1380
B2014,PLAT,14,0200,,,1330
B2014,PLAT,15,0200,,,1310
B2014,PLAT,16,0200,,,1270
B2014,PLAT,23,0200,,,1230
B2014,PLAT,LG,0200,,,910
B2014,09,MT,0300,,,355
B2014,09,12,0300,,,1425
B2014,09,13,0300,,,1335
B2014,09,14,0300,,,1260
B2014,09,15,0300,,,1230
B2014,09,16,0300,,,1170
B2014,09,23,0300,,,1110
B2014,09,LG,0300,,,600
B2014,14,MT,0300,,,620
B2014,14,12,0300,,,1685
B2014,14,13,0300,,,1595
B2014,14,14,0300,,,1520
B2014,14,15,0300,,,1490
B2014,14,16,0300,,,1430
B2014,14,23,0300,,,1370
B2014,14,LG,0300,,,860
B2014,18,MT,0300,,,895
B2014,18,12,0300,,,1960
B2014,18,13,0300,,,1870
B2014,18,14,0300,,,1795
B2014,18,15,0300,,,1765
B2014,18,16,0300,,,1705
B2014,18,23,0300,,,1645
B2014,18,LG,0300,,,1135
B2014,PLAT,MT,0300,,,730
B2014,PLAT,12,0300,,,1800
B2014,PLAT,13,0300,,,1710
B2014,PLAT,14,0300,,,1635
B2014,PLAT,15,0300,,,1605
B2014,PLAT,16,0300,,,1545
B2014,PLAT,23,0300,,,1485
B2014,PLAT,LG,0300,,,975
B2014,09,MT,0400,,,380
B2014,09,12,0400,,,2180
B2014,09,13,0400,,,2020
B2014,09,14,0400,,,1900
B2014,09,15,0400,,,1860
B2014,09,16,0400,,,1740
B2014,09,23,0400,,,1700
B2014,09,LG,0400,,,680
B2014,14,MT,0400,,,660
B2014,14,12,0400,,,2465
B2014,14,13,0400,,,2305
B2014,14,14,0400,,,2185
B2014,14,15,0400,,,2145
B2014,14,16,0400,,,2025
B2014,14,23,0400,,,1985
B2014,14,LG,0400,,,965
B2014,18,MT,0400,,,955
B2014,18,12,0400,,,2760
B2014,18,13,0400,,,2600
B2014,18,14,0400,,,2480
B2014,18,15,0400,,,2440
B2014,18,16,0400,,,2320
B2014,18,23,0400,,,2280
B2014,18,LG,0400,,,1260
B2014,PLAT,MT,0400,,,785
B2014,PLAT,12,0400,,,2585
B2014,PLAT,13,0400,,,2425
B2014,PLAT,14,0400,,,2305
B2014,PLAT,15,0400,,,2265
B2014,PLAT,16,0400,,,2145
B2014,PLAT,23,0400,,,2105
B2014,PLAT,LG,0400,,,1085
B2014,09,MT,0500,,,370
B2014,09,12,0500,,,2685
B2014,09,13,0500,,,2560
B2014,09,14,0500,,,2335
B2014,09,15,0500,,,2285
B2014,09,16,0500,,,2110
B2014,09,23,0500,,,2085
B2014,09,LG,0500,,,735
B2014,14,MT,0500,,,650
B2014,14,12,0500,,,2965
B2014,14,13,0500,,,2840
B2014,14,14,0500,,,2615
B2014,14,15,0500,,,2565
B2014,14,16,0500,,,2390
B2014,14,23,0500,,,2365
B2014,14,LG,0500,,,1015
B2014,18,MT,0500,,,940
B2014,18,12,0500,,,3255
B2014,18,13,0500,,,3130
B2014,18,14,0500,,,2905
B2014,18,15,0500,,,2855
B2014,18,16,0500,,,2680
B2014,18,23,0500,,,2655
B2014,18,LG,0500,,,1305
B2014,PLAT,MT,0500,,,765
B2014,PLAT,12,0500,,,3085
B2014,PLAT,13,0500,,,2960
B2014,PLAT,14,0500,,,2735
B2014,PLAT,15,0500,,,2685
B2014,PLAT,16,0500,,,2510
B2014,PLAT,23,0500,,,2485
B2014,PLAT,LG,0500,,,1135
B2014,09,MT,0600,,,400
B2014,09,12,0600,,,3680
B2014,09,13,0600,,,3320
B2014,09,14,0600,,,2930
B2014,09,15,0600,,,2780
B2014,09,16,0600,,,2570
B2014,09,23,0600,,,2570
B2014,09,LG,0600,,,830
B2014,14,MT,0600,,,690
B2014,14,12,0600,,,3970
B2014,14,13,0600,,,3610
B2014,14,14,0600,,,3220
B2014,14,15,0600,,,3070
B2014,14,16,0600,,,2860
B2014,14,23,0600,,,2860
B2014,14,LG,0600,,,1120
B2014,18,MT,0600,,,990
B2014,18,12,0600,,,4270
B2014,18,13,0600,,,3910
B2014,18,14,0600,,,3520
B2014,18,15,0600,,,3370
B2014,18,16,0600,,,3160
B2014,18,23,0600,,,3160
B2014,18,LG,0600,,,1420
B2014,PLAT,MT,0600,,,810
B2014,PLAT,12,0600,,,4095
B2014,PLAT,13,0600,,,3735
B2014,PLAT,14,0600,,,3345
B2014,PLAT,15,0600,,,3195
B2014,PLAT,16,0600,,,2985
B2014,PLAT,23,0600,,,2985
B2014,PLAT,LG,0600,,,1245
B2014,09,MT,0700,,,410
B2014,09,12,0700,,,4575
B2014,09,13,0700,,,4365
B2014,09,14,0700,,,4015
B2014,09,15,0700,,,3805
B2014,09,16,0700,,,3420
B2014,09,23,0700,,,3315
B2014,09,LG,0700,,,900
B2014,14,MT,0700,,,705
B2014,14,12,0700,,,4875
B2014,14,13,0700,,,4665
B2014,14,14,0700,,,4315
B2014,14,15,0700,,,4105
B2014,14,16,0700,,,3720
B2014,14,23,0700,,,3615
B2014,14,LG,0700,,,1200
B2014,18,MT,0700,,,1020
B2014,18,12,0700,,,5185
B2014,18,13,0700,,,4975
B2014,18,14,0700,,,4625
B2014,18,15,0700,,,4415
B2014,18,16,0700,,,4030
B2014,18,23,0700,,,3925
B2014,18,LG,0700,,,1510
B2014,PLAT,MT,0700,,,835
B2014,PLAT,12,0700,,,5000
B2014,PLAT,13,0700,,,4790
B2014,PLAT,14,0700,,,4440
B2014,PLAT,15,0700,,,4230
B2014,PLAT,16,0700,,,3845
B2014,PLAT,23,0700,,,3740
B2014,PLAT,LG,0700,,,1325
B2014,09,MT,0800,,,450
B2014,09,12,0800,,,5680
B2014,09,13,0800,,,5160
B2014,09,14,0800,,,4720
B2014,09,15,0800,,,4440
B2014,09,16,0800,,,4160
B2014,09,23,0800,,,3920
B2014,09,LG,0800,,,1000
B2014,14,MT,0800,,,780
B2014,14,12,0800,,,6015
B2014,14,13,0800,,,5495
B2014,14,14,0800,,,5055
B2014,14,15,0800,,,4775
B2014,14,16,0800,,,4495
B2014,14,23,0800,,,4255
B2014,14,LG,0800,,,1335
B2014,18,MT,0800,,,1130
B2014,18,12,0800,,,6360
B2014,18,13,0800,,,5840
B2014,18,14,0800,,,5400
B2014,18,15,0800,,,5120
B2014,18,16,0800,,,4840
B2014,18,23,0800,,,4600
B2014,18,LG,0800,,,1680
B2014,PLAT,MT,0800,,,925
B2014,PLAT,12,0800,,,6155
B2014,PLAT,13,0800,,,5635
B2014,PLAT,14,0800,,,5195
B2014,PLAT,15,0800,,,4915
B2014,PLAT,16,0800,,,4635
B2014,PLAT,23,0800,,,4395
B2014,PLAT,LG,0800,,,1475
B2014,09,MT,1000,,,510
B2014,09,12,1000,,,7340
B2014,09,13,1000,,,6790
B2014,09,14,1000,,,6240
B2014,09,15,1000,,,6040
B2014,09,16,1000,,,5690
B2014,09,23,1000,,,5140
B2014,09,LG,1000,,,1190
B2014,14,MT,1000,,,895
B2014,14,12,1000,,,7725
B2014,14,13,1000,,,7175
B2014,14,14,1000,,,6625
B2014,14,15,1000,,,6425
B2014,14,16,1000,,,6075
B2014,14,23,1000,,,5525
B2014,14,LG,1000,,,1575
B2014,18,MT,1000,,,1295
B2014,18,12,1000,,,8130
B2014,18,13,1000,,,7580
B2014,18,14,1000,,,7030
B2014,18,15,1000,,,6830
B2014,18,16,1000,,,6480
B2014,18,23,1000,,,5930
B2014,18,LG,1000,,,1980
B2014,PLAT,MT,1000,,,1060
B2014,PLAT,12,1000,,,7890
B2014,PLAT,13,1000,,,7340
B2014,PLAT,14,1000,,,6790
B2014,PLAT,15,1000,,,6590
B2014,PLAT,16,1000,,,6240
B2014,PLAT,23,1000,,,5690
B2014,PLAT,LG,1000,,,1740
B2014,09,MT,1200,,,600
B2014,09,12,1200,,,10230
B2014,09,13,1200,,,9510
B2014,09,14,1200,,,8550
B2014,09,15,1200,,,6630
B2014,09,16,1200,,,6210
B2014,09,23,1200,,,6510
B2014,09,LG,1200,,,1410
B2014,14,MT,1200,,,1035
B2014,14,12,1200,,,10665
B2014,14,13,1200,,,9945
B2014,14,14,1200,,,8985
B2014,14,15,1200,,,7065
B2014,14,16,1200,,,6645
B2014,14,23,1200,,,6945
B2014,14,LG,1200,,,1845
B2014,18,MT,1200,,,1485
B2014,18,12,1200,,,11115
B2014,18,13,1200,,,10395
B2014,18,14,1200,,,9435
B2014,18,15,1200,,,7515
B2014,18,16,1200,,,7095
B2014,18,23,1200,,,7395
B2014,18,LG,1200,,,2295
B2014,PLAT,MT,1200,,,1220
B2014,PLAT,12,1200,,,10850
B2014,PLAT,13,1200,,,10130
B2014,PLAT,14,1200,,,9170
B2014,PLAT,15,1200,,,7250
B2014,PLAT,16,1200,,,6830
B2014,PLAT,23,1200,,,7130
B2014,PLAT,LG,1200,,,2030
B2015,09,MT,0100,,,445
B2015,09,12,0100,,,830
B2015,09,13,0100,,,795
B2015,09,14,0100,,,770
B2015,09,15,0100,,,755
B2015,09,16,0100,,,735
B2015,09,23,0100,,,735
B2015,09,LG,0100,,,580
B2015,14,MT,0100,,,785
B2015,14,12,0100,,,1170
B2015,14,13,0100,,,1135
B2015,14,14,0100,,,1110
B2015,14,15,0100,,,1095
B2015,14,16,0100,,,1075
B2015,14,23,0100,,,1075
B2015,14,LG,0100,,,920
B2015,18,MT,0100,,,1140
B2015,18,12,0100,,,1530
B2015,18,13,0100,,,1495
B2015,18,14,0100,,,1465
B2015,18,15,0100,,,1450
B2015,18,16,0100,,,1430
B2015,18,23,0100,,,1430
B2015,18,LG,0100,,,1275
B2015,PLAT,MT,0100,,,930
B2015,PLAT,12,0100,,,1320
B2015,PLAT,13,0100,,,1285
B2015,PLAT,14,0100,,,1260
B2015,PLAT,15,0100,,,1245
B2015,PLAT,16,0100,,,1225
B2015,PLAT,23,0100,,,1225
B2015,PLAT,LG,0100,,,1065
B2015,09,MT,0200,,,495
B2015,09,12,0200,,,1220
B2015,09,13,0200,,,1160
B2015,09,14,0200,,,1110
B2015,09,15,0200,,,1090
B2015,09,16,0200,,,1050
B2015,09,23,0200,,,1005
B2015,09,LG,0200,,,685
B2015,14,MT,0200,,,880
B2015,14,12,0200,,,1605
B2015,14,13,0200,,,1545
B2015,14,14,0200,,,1495
B2015,14,15,0200,,,1475
B2015,14,16,0200,,,1435
B2015,14,23,0200,,,1395
B2015,14,LG,0200,,,1070
B2015,18,MT,0200,,,1285
B2015,18,12,0200,,,2010
B2015,18,13,0200,,,1950
B2015,18,14,0200,,,1900
B2015,18,15,0200,,,1880
B2015,18,16,0200,,,1840
B2015,18,23,0200,,,1800
B2015,18,LG,0200,,,1475
B2015,PLAT,MT,0200,,,1050
B2015,PLAT,12,0200,,,1770
B2015,PLAT,13,0200,,,1710
B2015,PLAT,14,0200,,,1660
B2015,PLAT,15,0200,,,1640
B2015,PLAT,16,0200,,,1600
B2015,PLAT,23,0200,,,1560
B2015,PLAT,LG,0200,,,1240
B2015,09,MT,0300,,,580
B2015,09,12,0300,,,1650
B2015,09,13,0300,,,1560
B2015,09,14,0300,,,1485
B2015,09,15,0300,,,1455
B2015,09,16,0300,,,1395
B2015,09,23,0300,,,1335
B2015,09,LG,0300,,,825
B2015,14,MT,0300,,,1040
B2015,14,12,0300,,,2110
B2015,14,13,0300,,,2020
B2015,14,14,0300,,,1945
B2015,14,15,0300,,,1915
B2015,14,16,0300,,,1855
B2015,14,23,0300,,,1795
B2015,14,LG,0300,,,1285
B2015,18,MT,0300,,,1520
B2015,18,12,0300,,,2595
B2015,18,13,0300,,,2505
B2015,18,14,0300,,,2430
B2015,18,15,0300,,,2400
B2015,18,16,0300,,,2335
B2015,18,23,0300,,,2275
B2015,18,LG,0300,,,1765
B2015,PLAT,MT,0300,,,1235
B2015,PLAT,12,0300,,,2310
B2015,PLAT,13,0300,,,2220
B2015,PLAT,14,0300,,,2145
B2015,PLAT,15,0300,,,2115
B2015,PLAT,16,0300,,,2055
B2015,PLAT,23,0300,,,1995
B2015,PLAT,LG,0300,,,1480
B2015,09,MT,0400,,,730
B2015,09,12,0400,,,2540
B2015,09,13,0400,,,2380
B2015,09,14,0400,,,2260
B2015,09,15,0400,,,2220
B2015,09,16,0400,,,2100
B2015,09,23,0400,,,2060
B2015,09,LG,0400,,,1035
B2015,14,MT,0400,,,1320
B2015,14,12,0400,,,3130
B2015,14,13,0400,,,2970
B2015,14,14,0400,,,2850
B2015,14,15,0400,,,2810
B2015,14,16,0400,,,2690
B2015,14,23,0400,,,2650
B2015,14,LG,0400,,,1630
B2015,18,MT,0400,,,1945
B2015,18,12,0400,,,3755
B2015,18,13,0400,,,3595
B2015,18,14,0400,,,3475
B2015,18,15,0400,,,3435
B2015,18,16,0400,,,3315
B2015,18,23,0400,,,3275
B2015,18,LG,0400,,,2250
B2015,PLAT,MT,0400,,,1580
B2015,PLAT,12,0400,,,3390
B2015,PLAT,13,0400,,,3230
B2015,PLAT,14,0400,,,3110
B2015,PLAT,15,0400,,,3065
B2015,PLAT,16,0400,,,2945
B2015,PLAT,23,0400,,,2905
B2015,PLAT,LG,0400,,,1885
B2015,09,MT,0500,,,745
B2015,09,12,0500,,,3060
B2015,09,13,0500,,,2935
B2015,09,14,0500,,,2710
B2015,09,15,0500,,,2660
B2015,09,16,0500,,,2485
B2015,09,23,0500,,,2460
B2015,09,LG,0500,,,1110
B2015,14,MT,0500,,,1350
B2015,14,12,0500,,,3670
B2015,14,13,0500,,,3545
B2015,14,14,0500,,,3320
B2015,14,15,0500,,,3270
B2015,14,16,0500,,,3095
B2015,14,23,0500,,,3070
B2015,14,LG,0500,,,1720
B2015,18,MT,0500,,,1990
B2015,18,12,0500,,,4305
B2015,18,13,0500,,,4180
B2015,18,14,0500,,,3955
B2015,18,15,0500,,,3905
B2015,18,16,0500,,,3730
B2015,18,23,0500,,,3705
B2015,18,LG,0500,,,2355
B2015,PLAT,MT,0500,,,1615
B2015,PLAT,12,0500,,,3930
B2015,PLAT,13,0500,,,3805
B2015,PLAT,14,0500,,,3580
B2015,PLAT,15,0500,,,3530
B2015,PLAT,16,0500,,,3355
B2015,PLAT,23,0500,,,3330
B2015,PLAT,LG,0500,,,1980
B2015,09,MT,0600,,,750
B2015,09,12,0600,,,4030
B2015,09,13,0600,,,3670
B2015,09,14,0600,,,3280
B2015,09,15,0600,,,3130
B2015,09,16,0600,,,2920
B2015,09,23,0600,,,2920
B2015,09,LG,0600,,,1175
B2015,14,MT,0600,,,1345
B2015,14,12,0600,,,4630
B2015,14,13,0600,,,4270
B2015,14,14,0600,,,3880
B2015,14,15,0600,,,3730
B2015,14,16,0600,,,3520
B2015,14,23,0600,,,3520
B2015,14,LG,0600,,,1775
B2015,18,MT,0600,,,1975
B2015,18,12,0600,,,5255
B2015,18,13,0600,,,4895
B2015,18,14,0600,,,4505
B2015,18,15,0600,,,4355
B2015,18,16,0600,,,4145
B2015,18,23,0600,,,4145
B2015,18,LG,0600,,,2400
B2015,PLAT,MT,0600,,,1605
B2015,PLAT,12,0600,,,4890
B2015,PLAT,13,0600,,,4525
B2015,PLAT,14,0600,,,4135
B2015,PLAT,15,0600,,,3985
B2015,PLAT,16,0600,,,3775
B2015,PLAT,23,0600,,,3775
B2015,PLAT,LG,0600,,,2035
B2015,09,MT,0700,,,820
B2015,09,12,0700,,,4995
B2015,09,13,0700,,,4780
B2015,09,14,0700,,,4430
B2015,09,15,0700,,,4220
B2015,09,16,0700,,,3835
B2015,09,23,0700,,,3730
B2015,09,LG,0700,,,1310
B2015,14,MT,0700,,,1485
B2015,14,12,0700,,,5655
B2015,14,13,0700,,,5445
B2015,14,14,0700,,,5095
B2015,14,15,0700,,,4885
B2015,14,16,0700,,,4500
B2015,14,23,0700,,,4395
B2015,14,LG,0700,,,1975
B2015,18,MT,0700,,,2180
B2015,18,12,0700,,,6350
B2015,18,13,0700,,,6140
B2015,18,14,0700,,,5790
B2015,18,15,0700,,,5580
B2015,18,16,0700,,,5195
B2015,18,23,0700,,,5085
B2015,18,LG,0700,,,2670
B2015,PLAT,MT,0700,,,1770
B2015,PLAT,12,0700,,,5940
B2015,PLAT,13,0700,,,5730
B2015,PLAT,14,0700,,,5380
B2015,PLAT,15,0700,,,5170
B2015,PLAT,16,0700,,,4785
B2015,PLAT,23,0700,,,4680
B2015,PLAT,LG,0700,,,2260
B2015,09,MT,0800,,,855
B2015,09,12,0800,,,6090
B2015,09,13,0800,,,5570
B2015,09,14,0800,,,5130
B2015,09,15,0800,,,4850
B2015,09,16,0800,,,4570
B2015,09,23,0800,,,4330
B2015,09,LG,0800,,,1405
B2015,14,MT,0800,,,1545
B2015,14,12,0800,,,6780
B2015,14,13,0800,,,6260
B2015,14,14,0800,,,5820
B2015,14,15,0800,,,5540
B2015,14,16,0800,,,5260
B2015,14,23,0800,,,5020
B2015,14,LG,0800,,,2095
B2015,18,MT,0800,,,2265
B2015,18,12,0800,,,7505
B2015,18,13,0800,,,6985
B2015,18,14,0800,,,6545
B2015,18,15,0800,,,6260
B2015,18,16,0800,,,5980
B2015,18,23,0800,,,5740
B2015,18,LG,0800,,,2820
B2015,PLAT,MT,0800,,,1840
B2015,PLAT,12,0800,,,7080
B2015,PLAT,13,0800,,,6560
B2015,PLAT,14,0800,,,6115
B2015,PLAT,15,0800,,,5835
B2015,PLAT,16,0800,,,5555
B2015,PLAT,23,0800,,,5315
B2015,PLAT,LG,0800,,,2395
B2015,09,MT,1000,,,945
B2015,09,12,1000,,,7785
B2015,09,13,1000,,,7230
B2015,09,14,1000,,,6680
B2015,09,15,1000,,,6480
B2015,09,16,1000,,,6130
B2015,09,23,1000,,,5580
B2015,09,LG,1000,,,1625
B2015,14,MT,1000,,,1720
B2015,14,12,1000,,,8555
B2015,14,13,1000,,,8005
B2015,14,14,1000,,,7455
B2015,14,15,1000,,,7255
B2015,14,16,1000,,,6905
B2015,14,23,1000,,,6355
B2015,14,LG,1000,,,2400
B2015,18,MT,1000,,,2530
B2015,18,12,1000,,,9365
B2015,18,13,1000,,,8815
B2015,18,14,1000,,,8265
B2015,18,15,1000,,,8065
B2015,18,16,1000,,,7715
B2015,18,23,1000,,,7165
B2015,18,LG,1000,,,3210
B2015,PLAT,MT,1000,,,2055
B2015,PLAT,12,1000,,,8890
B2015,PLAT,13,1000,,,8340
B2015,PLAT,14,1000,,,7790
B2015,PLAT,15,1000,,,7590
B2015,PLAT,16,1000,,,7240
B2015,PLAT,23,1000,,,6685
B2015,PLAT,LG,1000,,,2735
B2015,09,MT,1200,,,1005
B2015,09,12,1200,,,10645
B2015,09,13,1200,,,9925
B2015,09,14,1200,,,8960
B2015,09,15,1200,,,7040
B2015,09,16,1200,,,6620
B2015,09,23,1200,,,6920
B2015,09,LG,1200,,,1815
B2015,14,MT,1200,,,1800
B2015,14,12,1200,,,11435
B2015,14,13,1200,,,10715
B2015,14,14,1200,,,9755
B2015,14,15,1200,,,7830
B2015,14,16,1200,,,7410
B2015,14,23,1200,,,7710
B2015,14,LG,1200,,,2610
B2015,18,MT,1200,,,2630
B2015,18,12,1200,,,12265
B2015,18,13,1200,,,11545
B2015,18,14,1200,,,10585
B2015,18,15,1200,,,8660
B2015,18,16,1200,,,8240
B2015,18,23,1200,,,8540
B2015,18,LG,1200,,,3435
B2015,PLAT,MT,1200,,,2140
B2015,PLAT,12,1200,,,11775
B2015,PLAT,13,1200,,,11055
B2015,PLAT,14,1200,,,10095
B2015,PLAT,15,1200,,,8175
B2015,PLAT,16,1200,,,7755
B2015,PLAT,23,1200,,,8055
B2015,PLAT,LG,1200,,,2950
B2016,09,MT,0100,,,385
B2016,09,12,0100,,,710
B2016,09,13,0100,,,680
B2016,09,14,0100,,,660
B2016,09,15,0100,,,650
B2016,09,16,0100,,,630
B2016,09,23,0100,,,630
B2016,09,LG,0100,,,495
B2016,14,MT,0100,,,675
B2016,14,12,0100,,,1000
B2016,14,13,0100,,,970
B2016,14,14,0100,,,950
B2016,14,15,0100,,,940
B2016,14,16,0100,,,920
B2016,14,23,0100,,,920
B2016,14,LG,0100,,,785
B2016,18,MT,0100,,,975
B2016,18,12,0100,,,1300
B2016,18,13,0100,,,1270
B2016,18,14,0100,,,1250
B2016,18,15,0100,,,1240
B2016,18,16,0100,,,1220
B2016,18,23,0100,,,1220
B2016,18,LG,0100,,,1085
B2016,PLAT,MT,0100,,,795
B2016,PLAT,12,0100,,,1125
B2016,PLAT,13,0100,,,1095
B2016,PLAT,14,0100,,,1075
B2016,PLAT,15,0100,,,1065
B2016,PLAT,16,0100,,,1045
B2016,PLAT,23,0100,,,1045
B2016,PLAT,LG,0100,,,910
B2016,09,MT,0200,,,405
B2016,09,12,0200,,,1130
B2016,09,13,0200,,,1070
B2016,09,14,0200,,,1020
B2016,09,15,0200,,,1000
B2016,09,16,0200,,,960
B2016,09,23,0200,,,920
B2016,09,LG,0200,,,575
B2016,14,MT,0200,,,710
B2016,14,12,0200,,,1435
B2016,14,13,0200,,,1375
B2016,14,14,0200,,,1325
B2016,14,15,0200,,,1305
B2016,14,16,0200,,,1265
B2016,14,23,0200,,,1225
B2016,14,LG,0200,,,885
B2016,18,MT,0200,,,1035
B2016,18,12,0200,,,1755
B2016,18,13,0200,,,1695
B2016,18,14,0200,,,1645
B2016,18,15,0200,,,1625
B2016,18,16,0200,,,1585
B2016,18,23,0200,,,1545
B2016,18,LG,0200,,,1205
B2016,PLAT,MT,0200,,,845
B2016,PLAT,12,0200,,,1570
B2016,PLAT,13,0200,,,1510
B2016,PLAT,14,0200,,,1460
B2016,PLAT,15,0200,,,1440
B2016,PLAT,16,0200,,,1400
B2016,PLAT,23,0200,,,1355
B2016,PLAT,LG,0200,,,1015
B2016,09,MT,0300,,,415
B2016,09,12,0300,,,1775
B2016,09,13,0300,,,1655
B2016,09,14,0300,,,1565
B2016,09,15,0300,,,1535
B2016,09,16,0300,,,1445
B2016,09,23,0300,,,1415
B2016,09,LG,0300,,,645
B2016,14,MT,0300,,,730
B2016,14,12,0300,,,2090
B2016,14,13,0300,,,1970
B2016,14,14,0300,,,1880
B2016,14,15,0300,,,1850
B2016,14,16,0300,,,1760
B2016,14,23,0300,,,1730
B2016,14,LG,0300,,,965
B2016,18,MT,0300,,,1060
B2016,18,12,0300,,,2420
B2016,18,13,0300,,,2300
B2016,18,14,0300,,,2210
B2016,18,15,0300,,,2180
B2016,18,16,0300,,,2090
B2016,18,23,0300,,,2060
B2016,18,LG,0300,,,1295
B2016,PLAT,MT,0300,,,865
B2016,PLAT,12,0300,,,2230
B2016,PLAT,13,0300,,,2105
B2016,PLAT,14,0300,,,2015
B2016,PLAT,15,0300,,,1985
B2016,PLAT,16,0300,,,1895
B2016,PLAT,23,0300,,,1865
B2016,PLAT,LG,0300,,,1100
B2016,09,MT,0400,,,445
B2016,09,12,0400,,,2680
B2016,09,13,0400,,,2435
B2016,09,14,0400,,,2170
B2016,09,15,0400,,,2070
B2016,09,16,0400,,,1925
B2016,09,23,0400,,,1925
B2016,09,LG,0400,,,740
B2016,14,MT,0400,,,785
B2016,14,12,0400,,,3025
B2016,14,13,0400,,,2780
B2016,14,14,0400,,,2515
B2016,14,15,0400,,,2410
B2016,14,16,0400,,,2270
B2016,14,23,0400,,,2270
B2016,14,LG,0400,,,1085
B2016,18,MT,0400,,,1140
B2016,18,12,0400,,,3380
B2016,18,13,0400,,,3135
B2016,18,14,0400,,,2870
B2016,18,15,0400,,,2770
B2016,18,16,0400,,,2625
B2016,18,23,0400,,,2625
B2016,18,LG,0400,,,1440
B2016,PLAT,MT,0400,,,930
B2016,PLAT,12,0400,,,3170
B2016,PLAT,13,0400,,,2925
B2016,PLAT,14,0400,,,2660
B2016,PLAT,15,0400,,,2560
B2016,PLAT,16,0400,,,2415
B2016,PLAT,23,0400,,,2415
B2016,PLAT,LG,0400,,,1230
B2016,09,MT,0500,,,480
B2016,09,12,0500,,,3465
B2016,09,13,0500,,,3315
B2016,09,14,0500,,,3065
B2016,09,15,0500,,,2915
B2016,09,16,0500,,,2640
B2016,09,23,0500,,,2565
B2016,09,LG,0500,,,835
B2016,14,MT,0500,,,855
B2016,14,12,0500,,,3840
B2016,14,13,0500,,,3690
B2016,14,14,0500,,,3440
B2016,14,15,0500,,,3290
B2016,14,16,0500,,,3015
B2016,14,23,0500,,,2940
B2016,14,LG,0500,,,1210
B2016,18,MT,0500,,,1245
B2016,18,12,0500,,,4230
B2016,18,13,0500,,,4080
B2016,18,14,0500,,,3830
B2016,18,15,0500,,,3680
B2016,18,16,0500,,,3405
B2016,18,23,0500,,,3330
B2016,18,LG,0500,,,1600
B2016,PLAT,MT,0500,,,1015
B2016,PLAT,12,0500,,,4000
B2016,PLAT,13,0500,,,3850
B2016,PLAT,14,0500,,,3600
B2016,PLAT,15,0500,,,3450
B2016,PLAT,16,0500,,,3175
B2016,PLAT,23,0500,,,3100
B2016,PLAT,LG,0500,,,1370
B2016,09,MT,0600,,,490
B2016,09,12,0600,,,4065
B2016,09,13,0600,,,3885
B2016,09,14,0600,,,3585
B2016,09,15,0600,,,3405
B2016,09,16,0600,,,3075
B2016,09,23,0600,,,2985
B2016,09,LG,0600,,,910
B2016,14,MT,0600,,,860
B2016,14,12,0600,,,4435
B2016,14,13,0600,,,4255
B2016,14,14,0600,,,3955
B2016,14,15,0600,,,3775
B2016,14,16,0600,,,3445
B2016,14,23,0600,,,3350
B2016,14,LG,0600,,,1280
B2016,18,MT,0600,,,1245
B2016,18,12,0600,,,4820
B2016,18,13,0600,,,4640
B2016,18,14,0600,,,4340
B2016,18,15,0600,,,4160
B2016,18,16,0600,,,3830
B2016,18,23,0600,,,3740
B2016,18,LG,0600,,,1665
B2016,PLAT,MT,0600,,,1020
B2016,PLAT,12,0600,,,4595
B2016,PLAT,13,0600,,,4415
B2016,PLAT,14,0600,,,4110
B2016,PLAT,15,0600,,,3930
B2016,PLAT,16,0600,,,3600
B2016,PLAT,23,0600,,,3510
B2016,PLAT,LG,0600,,,1440
B2016,09,MT,0700,,,495
B2016,09,12,0700,,,5080
B2016,09,13,0700,,,4625
B2016,09,14,0700,,,4240
B2016,09,15,0700,,,3995
B2016,09,16,0700,,,3750
B2016,09,23,0700,,,3540
B2016,09,LG,0700,,,980
B2016,14,MT,0700,,,870
B2016,14,12,0700,,,5455
B2016,14,13,0700,,,4995
B2016,14,14,0700,,,4610
B2016,14,15,0700,,,4365
B2016,14,16,0700,,,4120
B2016,14,23,0700,,,3910
B2016,14,LG,0700,,,1350
B2016,18,MT,0700,,,1260
B2016,18,12,0700,,,5845
B2016,18,13,0700,,,5390
B2016,18,14,0700,,,5005
B2016,18,15,0700,,,4755
B2016,18,16,0700,,,4510
B2016,18,23,0700,,,4300
B2016,18,LG,0700,,,1745
B2016,PLAT,MT,0700,,,1030
B2016,PLAT,12,0700,,,5615
B2016,PLAT,13,0700,,,5160
B2016,PLAT,14,0700,,,4775
B2016,PLAT,15,0700,,,4525
B2016,PLAT,16,0700,,,4280
B2016,PLAT,23,0700,,,4070
B2016,PLAT,LG,0700,,,1515
B2016,09,MT,0800,,,550
B2016,09,12,0800,,,6020
B2016,09,13,0800,,,5580
B2016,09,14,0800,,,5140
B2016,09,15,0800,,,4980
B2016,09,16,0800,,,4700
B2016,09,23,0800,,,4260
B2016,09,LG,0800,,,1095
B2016,14,MT,0800,,,970
B2016,14,12,0800,,,6445
B2016,14,13,0800,,,6005
B2016,14,14,0800,,,5565
B2016,14,15,0800,,,5405
B2016,14,16,0800,,,5120
B2016,14,23,0800,,,4680
B2016,14,LG,0800,,,1520
B2016,18,MT,0800,,,1415
B2016,18,12,0800,,,6885
B2016,18,13,0800,,,6445
B2016,18,14,0800,,,6005
B2016,18,15,0800,,,5845
B2016,18,16,0800,,,5565
B2016,18,23,0800,,,5125
B2016,18,LG,0800,,,1960
B2016,PLAT,MT,0800,,,1155
B2016,PLAT,12,0800,,,6625
B2016,PLAT,13,0800,,,6185
B2016,PLAT,14,0800,,,5745
B2016,PLAT,15,0800,,,5585
B2016,PLAT,16,0800,,,5305
B2016,PLAT,23,0800,,,4865
B2016,PLAT,LG,0800,,,1700
B2016,09,MT,1000,,,610
B2016,09,12,1000,,,8645
B2016,09,13,1000,,,8040
B2016,09,14,1000,,,7240
B2016,09,15,1000,,,5640
B2016,09,16,1000,,,5290
B2016,09,23,1000,,,5540
B2016,09,LG,1000,,,1285
B2016,14,MT,1000,,,1085
B2016,14,12,1000,,,9115
B2016,14,13,1000,,,8515
B2016,14,14,1000,,,7715
B2016,14,15,1000,,,6115
B2016,14,16,1000,,,5765
B2016,14,23,1000,,,6015
B2016,14,LG,1000,,,1760
B2016,18,MT,1000,,,1580
B2016,18,12,1000,,,9615
B2016,18,13,1000,,,9015
B2016,18,14,1000,,,8215
B2016,18,15,1000,,,6610
B2016,18,16,1000,,,6260
B2016,18,23,1000,,,6510
B2016,18,LG,1000,,,2255
B2016,PLAT,MT,1000,,,1290
B2016,PLAT,12,1000,,,9320
B2016,PLAT,13,1000,,,8720
B2016,PLAT,14,1000,,,7920
B2016,PLAT,15,1000,,,6320
B2016,PLAT,16,1000,,,5970
B2016,PLAT,23,1000,,,6220
B2016,PLAT,LG,1000,,,1965
B2017,09,MT,0700,,,450
B2017,09,12,0700,,,4345
B2017,09,LG,0700,,,1405
B2017,14,MT,0700,,,780
B2017,14,12,0700,,,4675
B2017,14,LG,0700,,,1735
B2017,18,MT,0700,,,1130
B2017,18,12,0700,,,5025
B2017,18,LG,0700,,,2085
B2017,PLAT,MT,0700,,,925
B2017,PLAT,12,0700,,,4820
B2017,PLAT,LG,0700,,,1880
B2018,09,MT,0650,,,480
B2018,09,12,0650,,,5245
B2018,09,LG,0650,,,1395
B2018,14,MT,0650,,,835
B2018,14,12,0650,,,5600
B2018,14,LG,0650,,,1755
B2018,18,MT,0650,,,1210
B2018,18,12,0650,,,5975
B2018,18,LG,0650,,,2130
B2018,PLAT,MT,0650,,,990
B2018,PLAT,12,0650,,,5755
B2018,PLAT,LG,0650,,,1910
C0003,09,MT,,,,215
C0003,09,12,,,,530
C0003,09,13,,,,505
C0003,09,14,,,,485
C0003,09,15,,,,480
C0003,09,16,,,,460
C0003,09,23,,,,455
C0003,09,LG,,,,315
C0003,14,MT,,,,395
C0003,14,12,,,,710
C0003,14,13,,,,685
C0003,14,14,,,,665
C0003,14,15,,,,660
C0003,14,16,,,,640
C0003,14,23,,,,630
C0003,14,LG,,,,495
C0003,18,MT,,,,585
C0003,18,12,,,,895
C0003,18,13,,,,870
C0003,18,14,,,,855
C0003,18,15,,,,845
C0003,18,16,,,,830
C0003,18,23,,,,820
C0003,18,LG,,,,680
C0003,PLAT,MT,,,,475
C0003,PLAT,12,,,,785
C0003,PLAT,13,,,,760
C0003,PLAT,14,,,,745
C0003,PLAT,15,,,,735
C0003,PLAT,16,,,,715
C0003,PLAT,23,,,,710
C0003,PLAT,LG,,,,570
C0005,09,MT,,,,150
C0005,09,12,,,,160
C0005,09,13,,,,160
C0005,09,14,,,,160
C0005,09,15,,,,155
C0005,09,16,,,,155
C0005,09,23,,,,155
C0005,09,LG,,,,155
C0005,14,MT,,,,275
C0005,14,12,,,,280
C0005,14,13,,,,280
C0005,14,14,,,,280
C0005,14,15,,,,280
C0005,14,16,,,,280
C0005,14,23,,,,280
C0005,14,LG,,,,275
C0005,18,MT,,,,400
C0005,18,12,,,,410
C0005,18,13,,,,410
C0005,18,14,,,,410
C0005,18,15,,,,410
C0005,18,16,,,,410
C0005,18,23,,,,410
C0005,18,LG,,,,405
C0005,PLAT,MT,,,,325
C0005,PLAT,12,,,,335
C0005,PLAT,13,,,,335
C0005,PLAT,14,,,,335
C0005,PLAT,15,,,,330
C0005,PLAT,16,,,,330
C0005,PLAT,23,,,,330
C0005,PLAT,LG,,,,330
C0007,09,MT,,,,110
C0007,09,12,,,,195
C0007,09,13,,,,185
C0007,09,14,,,,180
C0007,09,15,,,,180
C0007,09,16,,,,175
C0007,09,23,,,,170
C0007,09,LG,,,,130
C0007,14,MT,,,,195
C0007,14,12,,,,280
C0007,14,13,,,,270
C0007,14,14,,,,265
C0007,14,15,,,,265
C0007,14,16,,,,260
C0007,14,23,,,,255
C0007,14,LG,,,,215
C0007,18,MT,,,,280
C0007,18,12,,,,370
C0007,18,13,,,,360
C0007,18,14,,,,355
C0007,18,15,,,,350
C0007,18,16,,,,345
C0007,18,23,,,,340
C0007,18,LG,,,,300
C0007,PLAT,MT,,,,230
C0007,PLAT,12,,,,315
C0007,PLAT,13,,,,310
C0007,PLAT,14,,,,300
C0007,PLAT,15,,,,300
C0007,PLAT,16,,,,295
C0007,PLAT,23,,,,290
C0007,PLAT,LG,,,,250
C0008,09,MT,,,,450
C0008,09,12,,,,1170
C0008,09,13,,,,1155
C0008,09,14,,,,1145
C0008,09,15,,,,1140
C0008,09,16,,,,1125
C0008,09,23,,,,1120
C0008,09,LG,,,,1000
C0008,14,MT,,,,835
C0008,14,12,,,,1560
C0008,14,13,,,,1540
C0008,14,14,,,,1530
C0008,14,15,,,,1525
C0008,14,16,,,,1510
C0008,14,23,,,,1510
C0008,14,LG,,,,1385
C0008,18,MT,,,,1240
C0008,18,12,,,,1965
C0008,18,13,,,,1945
C0008,18,14,,,,1935
C0008,18,15,,,,1930
C0008,18,16,,,,1915
C0008,18,23,,,,1915
C0008,18,LG,,,,1790
C0008,PLAT,MT,,,,1000
C0008,PLAT,12,,,,1725
C0008,PLAT,13,,,,1710
C0008,PLAT,14,,,,1700
C0008,PLAT,15,,,,1690
C0008,PLAT,16,,,,1675
C0008,PLAT,23,,,,1675
C0008,PLAT,LG,,,,1550
C0009,09,MT,,,,120
C0009,09,12,,,,280
C0009,09,13,,,,270
C0009,09,14,,,,265
C0009,09,15,,,,265
C0009,09,16,,,,255
C0009,09,23,,,,255
C0009,09,LG,,,,180
C0009,14,MT,,,,220
C0009,14,12,,,,380
C0009,14,13,,,,370
C0009,14,14,,,,365
C0009,14,15,,,,360
C0009,14,16,,,,350
C0009,14,23,,,,350
C0009,14,LG,,,,275
C0009,18,MT,,,,320
C0009,18,12,,,,480
C0009,18,13,,,,470
C0009,18,14,,,,465
C0009,18,15,,,,460
C0009,18,16,,,,450
C0009,18,23,,,,450
C0009,18,LG,,,,380
C0009,PLAT,MT,,,,260
C0009,PLAT,12,,,,420
C0009,PLAT,13,,,,410
C0009,PLAT,14,,,,405
C0009,PLAT,15,,,,400
C0009,PLAT,16,,,,390
C0009,PLAT,23,,,,390
C0009,PLAT,LG,,,,320
C0010,09,MT,,,,90
C0010,09,12,,,,200
C0010,09,13,,,,195
C0010,09,14,,,,190
C0010,09,15,,,,190
C0010,09,16,,,,180
C0010,09,23,,,,180
C0010,09,LG,,,,135
C0010,14,MT,,,,155
C0010,14,12,,,,265
C0010,14,13,,,,260
C0010,14,14,,,,255
C0010,14,15,,,,255
C0010,14,16,,,,250
C0010,14,23,,,,250
C0010,14,LG,,,,200
C0010,18,MT,,,,225
C0010,18,12,,,,335
C0010,18,13,,,,330
C0010,18,14,,,,325
C0010,18,15,,,,325
C0010,18,16,,,,320
C0010,18,23,,,,320
C0010,18,LG,,,,270
C0010,PLAT,MT,,,,185
C0010,PLAT,12,,,,295
C0010,PLAT,13,,,,290
C0010,PLAT,14,,,,285
C0010,PLAT,15,,,,285
C0010,PLAT,16,,,,275
C0010,PLAT,23,,,,275
C0010,PLAT,LG,,,,230
C0011,09,MT,,,,160
C0011,09,12,,,,275
C0011,09,13,,,,265
C0011,09,14,,,,255
C0011,09,15,,,,255
C0011,09,16,,,,245
C0011,09,23,,,,245
C0011,09,LG,,,,205
C0011,14,MT,,,,295
C0011,14,12,,,,405
C0011,14,13,,,,395
C0011,14,14,,,,390
C0011,14,15,,,,385
C0011,14,16,,,,380
C0011,14,23,,,,380
C0011,14,LG,,,,335
C0011,18,MT,,,,430
C0011,18,12,,,,545
C0011,18,13,,,,535
C0011,18,14,,,,525
C0011,18,15,,,,525
C0011,18,16,,,,515
C0011,18,23,,,,515
C0011,18,LG,,,,475
C0011,PLAT,MT,,,,350
C0011,PLAT,12,,,,465
C0011,PLAT,13,,,,455
C0011,PLAT,14,,,,445
C0011,PLAT,15,,,,440
C0011,PLAT,16,,,,435
C0011,PLAT,23,,,,435
C0011,PLAT,LG,,,,395
C0012,09,MT,,,,120
C0012,09,12,,,,380
C0012,09,13,,,,370
C0012,09,14,,,,360
C0012,09,15,,,,355
C0012,09,16,,,,340
C0012,09,23,,,,340
C0012,09,LG,,,,230
C0012,14,MT,,,,210
C0012,14,12,,,,475
C0012,14,13,,,,460
C0012,14,14,,,,455
C0012,14,15,,,,450
C0012,14,16,,,,435
C0012,14,23,,,,435
C0012,14,LG,,,,325
C0012,18,MT,,,,310
C0012,18,12,,,,570
C0012,18,13,,,,560
C0012,18,14,,,,550
C0012,18,15,,,,545
C0012,18,16,,,,530
C0012,18,23,,,,530
C0012,18,LG,,,,425
C0012,PLAT,MT,,,,250
C0012,PLAT,12,,,,515
C0012,PLAT,13,,,,500
C0012,PLAT,14,,,,495
C0012,PLAT,15,,,,490
C0012,PLAT,16,,,,475
C0012,PLAT,23,,,,475
C0012,PLAT,LG,,,,365
C0014,09,MT,,,,170
C0014,09,12,,,,265
C0014,09,13,,,,255
C0014,09,14,,,,250
C0014,09,15,,,,250
C0014,09,16,,,,245
C0014,09,23,,,,245
C0014,09,LG,,,,205
C0014,14,MT,,,,305
C0014,14,12,,,,400
C0014,14,13,,,,395
C0014,14,14,,,,390
C0014,14,15,,,,390
C0014,14,16,,,,380
C0014,14,23,,,,380
C0014,14,LG,,,,340
C0014,18,MT,,,,450
C0014,18,12,,,,545
C0014,18,13,,,,540
C0014,18,14,,,,535
C0014,18,15,,,,530
C0014,18,16,,,,525
C0014,18,23,,,,525
C0014,18,LG,,,,485
C0014,PLAT,MT,,,,365
C0014,PLAT,12,,,,460
C0014,PLAT,13,,,,455
C0014,PLAT,14,,,,450
C0014,PLAT,15,,,,445
C0014,PLAT,16,,,,440
C0014,PLAT,23,,,,440
C0014,PLAT,LG,,,,400
C0017,09,MT,,,,230
C0017,09,12,,,,635
C0017,09,13,,,,610
C0017,09,14,,,,600
C0017,09,15,,,,595
C0017,09,16,,,,570
C0017,09,23,,,,570
C0017,09,LG,,,,395
C0017,14,MT,,,,425
C0017,14,12,,,,825
C0017,14,13,,,,805
C0017,14,14,,,,795
C0017,14,15,,,,785
C0017,14,16,,,,765
C0017,14,23,,,,765
C0017,14,LG,,,,590
C0017,18,MT,,,,625
C0017,18,12,,,,1030
C0017,18,13,,,,1010
C0017,18,14,,,,995
C0017,18,15,,,,990
C0017,18,16,,,,965
C0017,18,23,,,,965
C0017,18,LG,,,,795
C0017,PLAT,MT,,,,510
C0017,PLAT,12,,,,910
C0017,PLAT,13,,,,890
C0017,PLAT,14,,,,880
C0017,PLAT,15,,,,870
C0017,PLAT,16,,,,850
C0017,PLAT,23,,,,850
C0017,PLAT,LG,,,,675
C0018,09,MT,,,,145
C0018,09,12,,,,465
C0018,09,13,,,,450
C0018,09,14,,,,440
C0018,09,15,,,,435
C0018,09,16,,,,415
C0018,09,23,,,,415
C0018,09,LG,,,,275
C0018,14,MT,,,,260
C0018,14,12,,,,585
C0018,14,13,,,,565
C0018,14,14,,,,555
C0018,14,15,,,,550
C0018,14,16,,,,530
C0018,14,23,,,,530
C0018,14,LG,,,,390
C0018,18,MT,,,,385
C0018,18,12,,,,705
C0018,18,13,,,,685
C0018,18,14,,,,680
C0018,18,15,,,,670
C0018,18,16,,,,655
C0018,18,23,,,,655
C0018,18,LG,,,,515
C0018,PLAT,MT,,,,310
C0018,PLAT,12,,,,635
C0018,PLAT,13,,,,615
C0018,PLAT,14,,,,605
C0018,PLAT,15,,,,600
C0018,PLAT,16,,,,580
C0018,PLAT,23,,,,580
C0018,PLAT,LG,,,,440
C0022,09,MT,,,,105
C0022,09,12,,,,585
C0022,09,13,,,,575
C0022,09,14,,,,540
C0022,09,15,,,,540
C0022,09,16,,,,535
C0022,09,23,,,,485
C0022,09,LG,,,,205
C0022,14,MT,,,,185
C0022,14,12,,,,665
C0022,14,13,,,,655
C0022,14,14,,,,620
C0022,14,15,,,,620
C0022,14,16,,,,615
C0022,14,23,,,,565
C0022,14,LG,,,,285
C0022,18,MT,,,,265
C0022,18,12,,,,745
C0022,18,13,,,,740
C0022,18,14,,,,705
C0022,18,15,,,,700
C0022,18,16,,,,700
C0022,18,23,,,,650
C0022,18,LG,,,,370
C0022,PLAT,MT,,,,220
C0022,PLAT,12,,,,695
C0022,PLAT,13,,,,690
C0022,PLAT,14,,,,655
C0022,PLAT,15,,,,655
C0022,PLAT,16,,,,650
C0022,PLAT,23,,,,600
C0022,PLAT,LG,,,,320
C0023,09,MT,,,,80
C0023,09,12,,,,260
C0023,09,13,,,,250
C0023,09,14,,,,245
C0023,09,15,,,,240
C0023,09,16,,,,230
C0023,09,23,,,,230
C0023,09,LG,,,,145
C0023,14,MT,,,,145
C0023,14,12,,,,320
C0023,14,13,,,,310
C0023,14,14,,,,305
C0023,14,15,,,,300
C0023,14,16,,,,290
C0023,14,23,,,,290
C0023,14,LG,,,,210
C0023,18,MT,,,,205
C0023,18,12,,,,385
C0023,18,13,,,,375
C0023,18,14,,,,370
C0023,18,15,,,,365
C0023,18,16,,,,355
C0023,18,23,,,,355
C0023,18,LG,,,,275
C0023,PLAT,MT,,,,170
C0023,PLAT,12,,,,350
C0023,PLAT,13,,,,335
C0023,PLAT,14,,,,330
C0023,PLAT,15,,,,330
C0023,PLAT,16,,,,315
C0023,PLAT,23,,,,315
C0023,PLAT,LG,,,,235
C0024,09,MT,,,,245
C0024,09,12,,,,530
C0024,09,13,,,,510
C0024,09,14,,,,500
C0024,09,15,,,,495
C0024,09,16,,,,475
C0024,09,23,,,,475
C0024,09,LG,,,,350
C0024,14,MT,,,,455
C0024,14,12,,,,740
C0024,14,13,,,,720
C0024,14,14,,,,705
C0024,14,15,,,,700
C0024,14,16,,,,685
C0024,14,23,,,,685
C0024,14,LG,,,,560
C0024,18,MT,,,,670
C0024,18,12,,,,955
C0024,18,13,,,,935
C0024,18,14,,,,925
C0024,18,15,,,,915
C0024,18,16,,,,900
C0024,18,23,,,,900
C0024,18,LG,,,,775
C0024,PLAT,MT,,,,545
C0024,PLAT,12,,,,830
C0024,PLAT,13,,,,810
C0024,PLAT,14,,,,795
C0024,PLAT,15,,,,790
C0024,PLAT,16,,,,775
C0024,PLAT,23,,,,775
C0024,PLAT,LG,,,,650
C0025,09,MT,,,,175
C0025,09,12,,,,265
C0025,09,13,,,,260
C0025,09,14,,,,255
C0025,09,15,,,,250
C0025,09,16,,,,245
C0025,09,23,,,,245
C0025,09,LG,,,,205
C0025,14,MT,,,,320
C0025,14,12,,,,410
C0025,14,13,,,,405
C0025,14,14,,,,400
C0025,14,15,,,,395
C0025,14,16,,,,390
C0025,14,23,,,,390
C0025,14,LG,,,,350
C0025,18,MT,,,,470
C0025,18,12,,,,560
C0025,18,13,,,,555
C0025,18,14,,,,550
C0025,18,15,,,,545
C0025,18,16,,,,540
C0025,18,23,,,,540
C0025,18,LG,,,,500
C0025,PLAT,MT,,,,380
C0025,PLAT,12,,,,475
C0025,PLAT,13,,,,465
C0025,PLAT,14,,,,460
C0025,PLAT,15,,,,460
C0025,PLAT,16,,,,455
C0025,PLAT,23,,,,450
C0025,PLAT,LG,,,,410
C0026,09,MT,,,,105
C0026,09,12,,,,325
C0026,09,13,,,,315
C0026,09,14,,,,305
C0026,09,15,,,,305
C0026,09,16,,,,295
C0026,09,23,,,,295
C0026,09,LG,,,,155
C0026,14,MT,,,,190
C0026,14,12,,,,405
C0026,14,13,,,,395
C0026,14,14,,,,390
C0026,14,15,,,,385
C0026,14,16,,,,380
C0026,14,23,,,,380
C0026,14,LG,,,,240
C0026,18,MT,,,,275
C0026,18,12,,,,495
C0026,18,13,,,,485
C0026,18,14,,,,475
C0026,18,15,,,,475
C0026,18,16,,,,470
C0026,18,23,,,,470
C0026,18,LG,,,,325
C0026,PLAT,MT,,,,225
C0026,PLAT,12,,,,440
C0026,PLAT,13,,,,435
C0026,PLAT,14,,,,425
C0026,PLAT,15,,,,420
C0026,PLAT,16,,,,415
C0026,PLAT,23,,,,415
C0026,PLAT,LG,,,,275
C0027,09,MT,,,,120
C0027,09,12,,,,305
C0027,09,13,,,,290
C0027,09,14,,,,275
C0027,09,15,,,,270
C0027,09,16,,,,260
C0027,09,23,,,,260
C0027,09,LG,,,,185
C0027,14,MT,,,,215
C0027,14,12,,,,400
C0027,14,13,,,,385
C0027,14,14,,,,375
C0027,14,15,,,,365
C0027,14,16,,,,355
C0027,14,23,,,,355
C0027,14,LG,,,,280
C0027,18,MT,,,,315
C0027,18,12,,,,500
C0027,18,13,,,,485
C0027,18,14,,,,475
C0027,18,15,,,,465
C0027,18,16,,,,455
C0027,18,23,,,,455
C0027,18,LG,,,,380
C0027,PLAT,MT,,,,255
C0027,PLAT,12,,,,445
C0027,PLAT,13,,,,425
C0027,PLAT,14,,,,415
C0027,PLAT,15,,,,410
C0027,PLAT,16,,,,395
C0027,PLAT,23,,,,395
C0027,PLAT,LG,,,,320
C0028,09,MT,,,,225
C0028,09,12,,,,365
C0028,09,13,,,,355
C0028,09,14,,,,355
C0028,09,15,,,,350
C0028,09,16,,,,345
C0028,09,23,,,,345
C0028,09,LG,,,,290
C0028,14,MT,,,,415
C0028,14,12,,,,555
C0028,14,13,,,,545
C0028,14,14,,,,540
C0028,14,15,,,,540
C0028,14,16,,,,535
C0028,14,23,,,,535
C0028,14,LG,,,,480
C0028,18,MT,,,,615
C0028,18,12,,,,750
C0028,18,13,,,,745
C0028,18,14,,,,740
C0028,18,15,,,,740
C0028,18,16,,,,730
C0028,18,23,,,,730
C0028,18,LG,,,,675
C0028,PLAT,MT,,,,495
C0028,PLAT,12,,,,635
C0028,PLAT,13,,,,625
C0028,PLAT,14,,,,625
C0028,PLAT,15,,,,620
C0028,PLAT,16,,,,615
C0028,PLAT,23,,,,615
C0028,PLAT,LG,,,,560
C2033,09,MT,,,,895
C2033,09,12,,,,1405
C2033,09,13,,,,1325
C2033,09,14,,,,1275
C2033,09,15,,,,1210
C2033,09,16,,,,1160
C2033,09,23,,,,1185
C2033,09,LG,,,,925
C2033,14,MT,,,,1675
C2033,14,12,,,,2185
C2033,14,13,,,,2105
C2033,14,14,,,,2055
C2033,14,15,,,,1990
C2033,14,16,,,,1945
C2033,14,23,,,,1965
C2033,14,LG,,,,1710
C2033,18,MT,,,,2495
C2033,18,12,,,,3005
C2033,18,13,,,,2925
C2033,18,14,,,,2875
C2033,18,15,,,,2810
C2033,18,16,,,,2760
C2033,18,23,,,,2785
C2033,18,LG,,,,2525
C2033,PLAT,MT,,,,2010
C2033,PLAT,12,,,,2520
C2033,PLAT,13,,,,2440
C2033,PLAT,14,,,,2390
C2033,PLAT,15,,,,2325
C2033,PLAT,16,,,,2280
C2033,PLAT,23,,,,2300
C2033,PLAT,LG,,,,2045
C2034,09,MT,,,,715
C2034,09,12,,,,1230
C2034,09,13,,,,1150
C2034,09,14,,,,1100
C2034,09,15,,,,1035
C2034,09,16,,,,985
C2034,09,23,,,,1010
C2034,09,LG,,,,750
C2034,14,MT,,,,1340
C2034,14,12,,,,1850
C2034,14,13,,,,1770
C2034,14,14,,,,1720
C2034,14,15,,,,1655
C2034,14,16,,,,1610
C2034,14,23,,,,1630
C2034,14,LG,,,,1375
C2034,18,MT,,,,1995
C2034,18,12,,,,2505
C2034,18,13,,,,2425
C2034,18,14,,,,2375
C2034,18,15,,,,2310
C2034,18,16,,,,2265
C2034,18,23,,,,2285
C2034,18,LG,,,,2030
C2034,PLAT,MT,,,,1610
C2034,PLAT,12,,,,2120
C2034,PLAT,13,,,,2040
C2034,PLAT,14,,,,1990
C2034,PLAT,15,,,,1925
C2034,PLAT,16,,,,1880
C2034,PLAT,23,,,,1900
C2034,PLAT,LG,,,,1645
C2035,09,MT,,,,715
C2035,09,12,,,,1045
C2035,09,13,,,,1015
C2035,09,14,,,,995
C2035,09,15,,,,985
C2035,09,16,,,,965
C2035,09,23,,,,960
C2035,09,LG,,,,820
C2035,14,MT,,,,1340
C2035,14,12,,,,1670
C2035,14,13,,,,1640
C2035,14,14,,,,1620
C2035,14,15,,,,1610
C2035,14,16,,,,1590
C2035,14,23,,,,1585
C2035,14,LG,,,,1445
C2035,18,MT,,,,1995
C2035,18,12,,,,2325
C2035,18,13,,,,2295
C2035,18,14,,,,2275
C2035,18,15,,,,2260
C2035,18,16,,,,2240
C2035,18,23,,,,2240
C2035,18,LG,,,,2100
C2035,PLAT,MT,,,,1610
C2035,PLAT,12,,,,1940
C2035,PLAT,13,,,,1910
C2035,PLAT,14,,,,1890
C2035,PLAT,15,,,,1875
C2035,PLAT,16,,,,1855
C2035,PLAT,23,,,,1855
C2035,PLAT,LG,,,,1715
C2036,09,MT,,,,350
C2036,09,12,,,,460
C2036,09,13,,,,450
C2036,09,14,,,,445
C2036,09,15,,,,440
C2036,09,16,,,,435
C2036,09,23,,,,435
C2036,09,LG,,,,390
C2036,14,MT,,,,650
C2036,14,12,,,,755
C2036,14,13,,,,750
C2036,14,14,,,,745
C2036,14,15,,,,740
C2036,14,16,,,,735
C2036,14,23,,,,735
C2036,14,LG,,,,685
C2036,18,MT,,,,960
C2036,18,12,,,,1070
C2036,18,13,,,,1060
C2036,18,14,,,,1055
C2036,18,15,,,,1055
C2036,18,16,,,,1045
C2036,18,23,,,,1045
C2036,18,LG,,,,1000
C2036,PLAT,MT,,,,775
C2036,PLAT,12,,,,885
C2036,PLAT,13,,,,875
C2036,PLAT,14,,,,870
C2036,PLAT,15,,,,870
C2036,PLAT,16,,,,865
C2036,PLAT,23,,,,865
C2036,PLAT,LG,,,,815
C2037,09,MT,,,,200
C2037,09,12,,,,315
C2037,09,13,,,,305
C2037,09,14,,,,300
C2037,09,15,,,,295
C2037,09,16,,,,290
C2037,09,23,,,,290
C2037,09,LG,,,,240
C2037,14,MT,,,,370
C2037,14,12,,,,480
C2037,14,13,,,,470
C2037,14,14,,,,465
C2037,14,15,,,,460
C2037,14,16,,,,455
C2037,14,23,,,,455
C2037,14,LG,,,,410
C2037,18,MT,,,,540
C2037,18,12,,,,655
C2037,18,13,,,,645
C2037,18,14,,,,640
C2037,18,15,,,,635
C2037,18,16,,,,630
C2037,18,23,,,,630
C2037,18,LG,,,,585
C2037,PLAT,MT,,,,440
C2037,PLAT,12,,,,550
C2037,PLAT,13,,,,545
C2037,PLAT,14,,,,540
C2037,PLAT,15,,,,535
C2037,PLAT,16,,,,530
C2037,PLAT,23,,,,530
C2037,PLAT,LG,,,,480
C2038,09,MT,,,,365
C2038,09,12,,,,560
C2038,09,13,,,,540
C2038,09,14,,,,530
C2038,09,15,,,,520
C2038,09,16,,,,510
C2038,09,23,,,,510
C2038,09,LG,,,,435
C2038,14,MT,,,,680
C2038,14,12,,,,875
C2038,14,13,,,,855
C2038,14,14,,,,845
C2038,14,15,,,,835
C2038,14,16,,,,825
C2038,14,23,,,,825
C2038,14,LG,,,,750
C2038,18,MT,,,,1010
C2038,18,12,,,,1200
C2038,18,13,,,,1185
C2038,18,14,,,,1170
C2038,18,15,,,,1165
C2038,18,16,,,,1155
C2038,18,23,,,,1155
C2038,18,LG,,,,1075
C2038,PLAT,MT,,,,815
C2038,PLAT,12,,,,1010
C2038,PLAT,13,,,,990
C2038,PLAT,14,,,,980
C2038,PLAT,15,,,,970
C2038,PLAT,16,,,,960
C2038,PLAT,23,,,,960
C2038,PLAT,LG,,,,885
CSS01-AQU,09,MT,,,,450
CSS01-AQU,09,12,,,,505
CSS01-AQU,09,13,,,,505
CSS01-AQU,09,14,,,,500
CSS01-AQU,09,15,,,,500
CSS01-AQU,09,16,,,,495
CSS01-AQU,09,23,,,,495
CSS01-AQU,09,LG,,,,470
CSS01-AQU,14,MT,,,,840
CSS01-AQU,14,12,,,,895
CSS01-AQU,14,13,,,,890
CSS01-AQU,14,14,,,,890
CSS01-AQU,14,15,,,,890
CSS01-AQU,14,16,,,,885
CSS01-AQU,14,23,,,,885
CSS01-AQU,14,LG,,,,860
CSS01-AQU,18,MT,,,,1245
CSS01-AQU,18,12,,,,1300
CSS01-AQU,18,13,,,,1300
CSS01-AQU,18,14,,,,1295
CSS01-AQU,18,15,,,,1295
CSS01-AQU,18,16,,,,1290
CSS01-AQU,18,23,,,,1290
CSS01-AQU,18,LG,,,,1265
CSS01-AQU,PLAT,MT,,,,1005
CSS01-AQU,PLAT,12,,,,1060
CSS01-AQU,PLAT,13,,,,1060
CSS01-AQU,PLAT,14,,,,1055
CSS01-AQU,PLAT,15,,,,1055
CSS01-AQU,PLAT,16,,,,1055
CSS01-AQU,PLAT,23,,,,1055
CSS01-AQU,PLAT,LG,,,,1030
CSS01-ARI,09,MT,,,,450
CSS01-ARI,09,12,,,,495
CSS01-ARI,09,13,,,,495
CSS01-ARI,09,14,,,,490
CSS01-ARI,09,15,,,,490
CSS01-ARI,09,16,,,,490
CSS01-ARI,09,23,,,,490
CSS01-ARI,09,LG,,,,465
CSS01-ARI,14,MT,,,,835
CSS01-ARI,14,12,,,,880
CSS01-ARI,14,13,,,,880
CSS01-ARI,14,14,,,,875
CSS01-ARI,14,15,,,,875
CSS01-ARI,14,16,,,,875
CSS01-ARI,14,23,,,,875
CSS01-ARI,14,LG,,,,855
CSS01-ARI,18,MT,,,,1235
CSS01-ARI,18,12,,,,1285
CSS01-ARI,18,13,,,,1285
CSS01-ARI,18,14,,,,1280
CSS01-ARI,18,15,,,,1280
CSS01-ARI,18,16,,,,1280
CSS01-ARI,18,23,,,,1280
CSS01-ARI,18,LG,,,,1255
CSS01-ARI,PLAT,MT,,,,1000
CSS01-ARI,PLAT,12,,,,1050
CSS01-ARI,PLAT,13,,,,1045
CSS01-ARI,PLAT,14,,,,1045
CSS01-ARI,PLAT,15,,,,1045
CSS01-ARI,PLAT,16,,,,1040
CSS01-ARI,PLAT,23,,,,1040
CSS01-ARI,PLAT,LG,,,,1020
CSS01-CAN,09,MT,,,,485
CSS01-CAN,09,12,,,,545
CSS01-CAN,09,13,,,,545
CSS01-CAN,09,14,,,,540
CSS01-CAN,09,15,,,,540
CSS01-CAN,09,16,,,,535
CSS01-CAN,09,23,,,,535
CSS01-CAN,09,LG,,,,515
CSS01-CAN,14,MT,,,,905
CSS01-CAN,14,12,,,,965
CSS01-CAN,14,13,,,,965
CSS01-CAN,14,14,,,,960
CSS01-CAN,14,15,,,,960
CSS01-CAN,14,16,,,,955
CSS01-CAN,14,23,,,,955
CSS01-CAN,14,LG,,,,935
CSS01-CAN,18,MT,,,,1350
CSS01-CAN,18,12,,,,1405
CSS01-CAN,18,13,,,,1405
CSS01-CAN,18,14,,,,1400
CSS01-CAN,18,15,,,,1400
CSS01-CAN,18,16,,,,1400
CSS01-CAN,18,23,,,,1400
CSS01-CAN,18,LG,,,,1375
CSS01-CAN,PLAT,MT,,,,1090
CSS01-CAN,PLAT,12,,,,1150
CSS01-CAN,PLAT,13,,,,1145
CSS01-CAN,PLAT,14,,,,1140
CSS01-CAN,PLAT,15,,,,1140
CSS01-CAN,PLAT,16,,,,1140
CSS01-CAN,PLAT,23,,,,1140
CSS01-CAN,PLAT,LG,,,,1115
CSS01-CAP,09,MT,,,,450
CSS01-CAP,09,12,,,,505
CSS01-CAP,09,13,,,,505
CSS01-CAP,09,14,,,,500
CSS01-CAP,09,15,,,,500
CSS01-CAP,09,16,,,,500
CSS01-CAP,09,23,,,,500
CSS01-CAP,09,LG,,,,470
CSS01-CAP,14,MT,,,,840
CSS01-CAP,14,12,,,,895
CSS01-CAP,14,13,,,,890
CSS01-CAP,14,14,,,,890
CSS01-CAP,14,15,,,,890
CSS01-CAP,14,16,,,,885
CSS01-CAP,14,23,,,,885
CSS01-CAP,14,LG,,,,860
CSS01-CAP,18,MT,,,,1245
CSS01-CAP,18,12,,,,1300
CSS01-CAP,18,13,,,,1300
CSS01-CAP,18,14,,,,1295
CSS01-CAP,18,15,,,,1295
CSS01-CAP,18,16,,,,1290
CSS01-CAP,18,23,,,,1290
CSS01-CAP,18,LG,,,,1265
CSS01-CAP,PLAT,MT,,,,1005
CSS01-CAP,PLAT,12,,,,1060
CSS01-CAP,PLAT,13,,,,1060
CSS01-CAP,PLAT,14,,,,1060
CSS01-CAP,PLAT,15,,,,1055
CSS01-CAP,PLAT,16,,,,1055
CSS01-CAP,PLAT,23,,,,1055
CSS01-CAP,PLAT,LG,,,,1025
CSS01-GEM,09,MT,,,,485
CSS01-GEM,09,12,,,,545
CSS01-GEM,09,13,,,,545
CSS01-GEM,09,14,,,,540
CSS01-GEM,09,15,,,,540
CSS01-GEM,09,16,,,,535
CSS01-GEM,09,23,,,,535
CSS01-GEM,09,LG,,,,510
CSS01-GEM,14,MT,,,,905
CSS01-GEM,14,12,,,,965
CSS01-GEM,14,13,,,,965
CSS01-GEM,14,14,,,,960
CSS01-GEM,14,15,,,,960
CSS01-GEM,14,16,,,,955
CSS01-GEM,14,23,,,,955
CSS01-GEM,14,LG,,,,930
CSS01-GEM,18,MT,,,,1350
CSS01-GEM,18,12,,,,1405
CSS01-GEM,18,13,,,,1405
CSS01-GEM,18,14,,,,1400
CSS01-GEM,18,15,,,,1400
CSS01-GEM,18,16,,,,1395
CSS01-GEM,18,23,,,,1395
CSS01-GEM,18,LG,,,,1370
CSS01-GEM,PLAT,MT,,,,1090
CSS01-GEM,PLAT,12,,,,1150
CSS01-GEM,PLAT,13,,,,1145
CSS01-GEM,PLAT,14,,,,1145
CSS01-GEM,PLAT,15,,,,1140
CSS01-GEM,PLAT,16,,,,1140
CSS01-GEM,PLAT,23,,,,1140
CSS01-GEM,PLAT,LG,,,,1110
CSS01-LEO,09,MT,,,,455
CSS01-LEO,09,12,,,,510
CSS01-LEO,09,13,,,,505
CSS01-LEO,09,14,,,,505
CSS01-LEO,09,15,,,,505
CSS01-LEO,09,16,,,,500
CSS01-LEO,09,23,,,,500
CSS01-LEO,09,LG,,,,475
CSS01-LEO,14,MT,,,,845
CSS01-LEO,14,12,,,,900
CSS01-LEO,14,13,,,,895
CSS01-LEO,14,14,,,,895
CSS01-LEO,14,15,,,,895
CSS01-LEO,14,16,,,,890
CSS01-LEO,14,23,,,,890
CSS01-LEO,14,LG,,,,865
CSS01-LEO,18,MT,,,,1255
CSS01-LEO,18,12,,,,1310
CSS01-LEO,18,13,,,,1305
CSS01-LEO,18,14,,,,1305
CSS01-LEO,18,15,,,,1300
CSS01-LEO,18,16,,,,1300
CSS01-LEO,18,23,,,,1300
CSS01-LEO,18,LG,,,,1275
CSS01-LEO,PLAT,MT,,,,1010
CSS01-LEO,PLAT,12,,,,1065
CSS01-LEO,PLAT,13,,,,1065
CSS01-LEO,PLAT,14,,,,1065
CSS01-LEO,PLAT,15,,,,1060
CSS01-LEO,PLAT,16,,,,1060
CSS01-LEO,PLAT,23,,,,1060
CSS01-LEO,PLAT,LG,,,,1035
CSS01-LIB,09,MT,,,,450
CSS01-LIB,09,12,,,,495
CSS01-LIB,09,13,,,,495
CSS01-LIB,09,14,,,,495
CSS01-LIB,09,15,,,,490
CSS01-LIB,09,16,,,,490
CSS01-LIB,09,23,,,,490
CSS01-LIB,09,LG,,,,470
CSS01-LIB,14,MT,,,,835
CSS01-LIB,14,12,,,,885
CSS01-LIB,14,13,,,,880
CSS01-LIB,14,14,,,,880
CSS01-LIB,14,15,,,,880
CSS01-LIB,14,16,,,,875
CSS01-LIB,14,23,,,,875
CSS01-LIB,14,LG,,,,855
CSS01-LIB,18,MT,,,,1235
CSS01-LIB,18,12,,,,1285
CSS01-LIB,18,13,,,,1285
CSS01-LIB,18,14,,,,1285
CSS01-LIB,18,15,,,,1280
CSS01-LIB,18,16,,,,1280
CSS01-LIB,18,23,,,,1280
CSS01-LIB,18,LG,,,,1255
CSS01-LIB,PLAT,MT,,,,1000
CSS01-LIB,PLAT,12,,,,1050
CSS01-LIB,PLAT,13,,,,1045
CSS01-LIB,PLAT,14,,,,1045
CSS01-LIB,PLAT,15,,,,1045
CSS01-LIB,PLAT,16,,,,1040
CSS01-LIB,PLAT,23,,,,1040
CSS01-LIB,PLAT,LG,,,,1020
CSS01-PIS,09,MT,,,,415
CSS01-PIS,09,12,,,,465
CSS01-PIS,09,13,,,,460
CSS01-PIS,09,14,,,,460
CSS01-PIS,09,15,,,,460
CSS01-PIS,09,16,,,,455
CSS01-PIS,09,23,,,,455
CSS01-PIS,09,LG,,,,435
CSS01-PIS,14,MT,,,,775
CSS01-PIS,14,12,,,,820
CSS01-PIS,14,13,,,,820
CSS01-PIS,14,14,,,,815
CSS01-PIS,14,15,,,,815
CSS01-PIS,14,16,,,,815
CSS01-PIS,14,23,,,,815
CSS01-PIS,14,LG,,,,795
CSS01-PIS,18,MT,,,,1150
CSS01-PIS,18,12,,,,1195
CSS01-PIS,18,13,,,,1195
CSS01-PIS,18,14,,,,1190
CSS01-PIS,18,15,,,,1190
CSS01-PIS,18,16,,,,1190
CSS01-PIS,18,23,,,,1190
CSS01-PIS,18,LG,,,,1170
CSS01-PIS,PLAT,MT,,,,930
CSS01-PIS,PLAT,12,,,,975
CSS01-PIS,PLAT,13,,,,975
CSS01-PIS,PLAT,14,,,,970
CSS01-PIS,PLAT,15,,,,970
CSS01-PIS,PLAT,16,,,,970
CSS01-PIS,PLAT,23,,,,970
CSS01-PIS,PLAT,LG,,,,950
CSS01-SAG,09,MT,,,,480
CSS01-SAG,09,12,,,,525
CSS01-SAG,09,13,,,,520
CSS01-SAG,09,14,,,,520
CSS01-SAG,09,15,,,,520
CSS01-SAG,09,16,,,,515
CSS01-SAG,09,23,,,,515
CSS01-SAG,09,LG,,,,495
CSS01-SAG,14,MT,,,,895
CSS01-SAG,14,12,,,,940
CSS01-SAG,14,13,,,,935
CSS01-SAG,14,14,,,,935
CSS01-SAG,14,15,,,,935
CSS01-SAG,14,16,,,,930
CSS01-SAG,14,23,,,,930
CSS01-SAG,14,LG,,,,915
CSS01-SAG,18,MT,,,,1330
CSS01-SAG,18,12,,,,1375
CSS01-SAG,18,13,,,,1370
CSS01-SAG,18,14,,,,1370
CSS01-SAG,18,15,,,,1370
CSS01-SAG,18,16,,,,1370
CSS01-SAG,18,23,,,,1370
CSS01-SAG,18,LG,,,,1350
CSS01-SAG,PLAT,MT,,,,1075
CSS01-SAG,PLAT,12,,,,1120
CSS01-SAG,PLAT,13,,,,1115
CSS01-SAG,PLAT,14,,,,1115
CSS01-SAG,PLAT,15,,,,1115
CSS01-SAG,PLAT,16,,,,1110
CSS01-SAG,PLAT,23,,,,1110
CSS01-SAG,PLAT,LG,,,,1090
CSS01-SCO,09,MT,,,,490
CSS01-SCO,09,12,,,,550
CSS01-SCO,09,13,,,,545
CSS01-SCO,09,14,,,,545
CSS01-SCO,09,15,,,,545
CSS01-SCO,09,16,,,,540
CSS01-SCO,09,23,,,,540
CSS01-SCO,09,LG,,,,515
CSS01-SCO,14,MT,,,,915
CSS01-SCO,14,12,,,,975
CSS01-SCO,14,13,,,,970
CSS01-SCO,14,14,,,,970
CSS01-SCO,14,15,,,,965
CSS01-SCO,14,16,,,,965
CSS01-SCO,14,23,,,,965
CSS01-SCO,14,LG,,,,935
CSS01-SCO,18,MT,,,,1355
CSS01-SCO,18,12,,,,1415
CSS01-SCO,18,13,,,,1415
CSS01-SCO,18,14,,,,1410
CSS01-SCO,18,15,,,,1410
CSS01-SCO,18,16,,,,1405
CSS01-SCO,18,23,,,,1405
CSS01-SCO,18,LG,,,,1380
CSS01-SCO,PLAT,MT,,,,1095
CSS01-SCO,PLAT,12,,,,1155
CSS01-SCO,PLAT,13,,,,1150
CSS01-SCO,PLAT,14,,,,1150
CSS01-SCO,PLAT,15,,,,1150
CSS01-SCO,PLAT,16,,,,1145
CSS01-SCO,PLAT,23,,,,1145
CSS01-SCO,PLAT,LG,,,,1120
CSS01-TAU,09,MT,,,,445
CSS01-TAU,09,12,,,,505
CSS01-TAU,09,13,,,,505
CSS01-TAU,09,14,,,,500
CSS01-TAU,09,15,,,,500
CSS01-TAU,09,16,,,,495
CSS01-TAU,09,23,,,,495
CSS01-TAU,09,LG,,,,470
CSS01-TAU,14,MT,,,,830
CSS01-TAU,14,12,,,,890
CSS01-TAU,14,13,,,,885
CSS01-TAU,14,14,,,,885
CSS01-TAU,14,15,,,,885
CSS01-TAU,14,16,,,,880
CSS01-TAU,14,23,,,,880
CSS01-TAU,14,LG,,,,850
CSS01-TAU,18,MT,,,,1230
CSS01-TAU,18,12,,,,1290
CSS01-TAU,18,13,,,,1290
CSS01-TAU,18,14,,,,1285
CSS01-TAU,18,15,,,,1285
CSS01-TAU,18,16,,,,1280
CSS01-TAU,18,23,,,,1280
CSS01-TAU,18,LG,,,,1255
CSS01-TAU,PLAT,MT,,,,995
CSS01-TAU,PLAT,12,,,,1055
CSS01-TAU,PLAT,13,,,,1050
CSS01-TAU,PLAT,14,,,,1050
CSS01-TAU,PLAT,15,,,,1050
CSS01-TAU,PLAT,16,,,,1045
CSS01-TAU,PLAT,23,,,,1045
CSS01-TAU,PLAT,LG,,,,1015
CSS01-VIR,09,MT,,,,490
CSS01-VIR,09,12,,,,555
CSS01-VIR,09,13,,,,555
CSS01-VIR,09,14,,,,550
CSS01-VIR,09,15,,,,550
CSS01-VIR,09,16,,,,545
CSS01-VIR,09,23,,,,545
CSS01-VIR,09,LG,,,,515
CSS01-VIR,14,MT,,,,915
CSS01-VIR,14,12,,,,980
CSS01-VIR,14,13,,,,975
CSS01-VIR,14,14,,,,975
CSS01-VIR,14,15,,,,975
CSS01-VIR,14,16,,,,970
CSS01-VIR,14,23,,,,970
CSS01-VIR,14,LG,,,,940
CSS01-VIR,18,MT,,,,1355
CSS01-VIR,18,12,,,,1425
CSS01-VIR,18,13,,,,1420
CSS01-VIR,18,14,,,,1415
CSS01-VIR,18,15,,,,1415
CSS01-VIR,18,16,,,,1410
CSS01-VIR,18,23,,,,1410
CSS01-VIR,18,LG,,,,1385
CSS01-VIR,PLAT,MT,,,,1095
CSS01-VIR,PLAT,12,,,,1160
CSS01-VIR,PLAT,13,,,,1160
CSS01-VIR,PLAT,14,,,,1155
CSS01-VIR,PLAT,15,,,,1155
CSS01-VIR,PLAT,16,,,,1150
CSS01-VIR,PLAT,23,,,,1150
CSS01-VIR,PLAT,LG,,,,1120
E0100,09,MT,,,,390
E0100,09,LG,,,,1760
E0100,14,MT,,,,730
E0100,14,LG,,,,2095
E0100,18,MT,,,,1080
E0100,18,LG,,,,2445
E0100,PLAT,MT,,,,875
E0100,PLAT,LG,,,,2240
E0101,09,MT,,,,345
E0101,09,LG,,,,1050
E0101,14,MT,,,,635
E0101,14,LG,,,,1345
E0101,18,MT,,,,940
E0101,18,LG,,,,1650
E0101,PLAT,MT,,,,760
E0101,PLAT,LG,,,,1470
E0706,09,MT,,,,180
E0706,09,12,,,,575
E0706,09,13,,,,540
E0706,09,14,,,,515
E0706,09,15,,,,505
E0706,09,16,,,,480
E0706,09,23,,,,470
E0706,09,LG,,,,245
E0706,14,MT,,,,295
E0706,14,12,,,,690
E0706,14,13,,,,655
E0706,14,14,,,,630
E0706,14,15,,,,620
E0706,14,16,,,,595
E0706,14,23,,,,585
E0706,14,LG,,,,360
E0706,18,MT,,,,415
E0706,18,12,,,,810
E0706,18,13,,,,775
E0706,18,14,,,,750
E0706,18,15,,,,740
E0706,18,16,,,,715
E0706,18,23,,,,705
E0706,18,LG,,,,480
E0706,PLAT,MT,,,,345
E0706,PLAT,12,,,,740
E0706,PLAT,13,,,,705
E0706,PLAT,14,,,,680
E0706,PLAT,15,,,,670
E0706,PLAT,16,,,,645
E0706,PLAT,23,,,,635
E0706,PLAT,LG,,,,410
E1004,09,MT,0010,,,45
E1004,09,12,0010,,,90
E1004,09,13,0010,,,85
E1004,09,14,0010,,,85
E1004,09,15,0010,,,85
E1004,09,16,0010,,,80
E1004,09,23,0010,,,80
E1004,09,LG,0010,,,50
E1004,14,MT,0010,,,80
E1004,14,12,0010,,,130
E1004,14,13,0010,,,125
E1004,14,14,0010,,,120
E1004,14,15,0010,,,120
E1004,14,16,0010,,,120
E1004,14,23,0010,,,115
E1004,14,LG,0010,,,90
E1004,18,MT,0010,,,120
E1004,18,12,0010,,,170
E1004,18,13,0010,,,165
E1004,18,14,0010,,,160
E1004,18,15,0010,,,160
E1004,18,16,0010,,,160
E1004,18,23,0010,,,155
E1004,18,LG,0010,,,130
E1004,PLAT,MT,0010,,,100
E1004,PLAT,12,0010,,,145
E1004,PLAT,13,0010,,,140
E1004,PLAT,14,0010,,,140
E1004,PLAT,15,0010,,,140
E1004,PLAT,16,0010,,,135
E1004,PLAT,23,0010,,,135
E1004,PLAT,LG,0010,,,105
E1004,09,MT,0015,,,45
E1004,09,12,0015,,,115
E1004,09,13,0015,,,115
E1004,09,14,0015,,,105
E1004,09,15,0015,,,105
E1004,09,16,0015,,,100
E1004,09,23,0015,,,100
E1004,09,LG,0015,,,55
E1004,14,MT,0015,,,85
E1004,14,12,0015,,,155
E1004,14,13,0015,,,155
E1004,14,14,0015,,,145
E1004,14,15,0015,,,145
E1004,14,16,0015,,,140
E1004,14,23,0015,,,140
E1004,14,LG,0015,,,95
E1004,18,MT,0015,,,125
E1004,18,12,0015,,,200
E1004,18,13,0015,,,195
E1004,18,14,0015,,,190
E1004,18,15,0015,,,185
E1004,18,16,0015,,,180
E1004,18,23,0015,,,180
E1004,18,LG,0015,,,135
E1004,PLAT,MT,0015,,,100
E1004,PLAT,12,0015,,,175
E1004,PLAT,13,0015,,,170
E1004,PLAT,14,0015,,,165
E1004,PLAT,15,0015,,,160
E1004,PLAT,16,0015,,,155
E1004,PLAT,23,0015,,,155
E1004,PLAT,LG,0015,,,115
E1004,09,MT,0020,,,50
E1004,09,12,0020,,,165
E1004,09,13,0020,,,155
E1004,09,14,0020,,,140
E1004,09,15,0020,,,135
E1004,09,16,0020,,,125
E1004,09,23,0020,,,125
E1004,09,LG,0020,,,60
E1004,14,MT,0020,,,90
E1004,14,12,0020,,,210
E1004,14,13,0020,,,195
E1004,14,14,0020,,,180
E1004,14,15,0020,,,175
E1004,14,16,0020,,,170
E1004,14,23,0020,,,170
E1004,14,LG,0020,,,105
E1004,18,MT,0020,,,135
E1004,18,12,0020,,,255
E1004,18,13,0020,,,240
E1004,18,14,0020,,,225
E1004,18,15,0020,,,220
E1004,18,16,0020,,,210
E1004,18,23,0020,,,210
E1004,18,LG,0020,,,150
E1004,PLAT,MT,0020,,,110
E1004,PLAT,12,0020,,,225
E1004,PLAT,13,0020,,,215
E1004,PLAT,14,0020,,,200
E1004,PLAT,15,0020,,,195
E1004,PLAT,16,0020,,,185
E1004,PLAT,23,0020,,,185
E1004,PLAT,LG,0020,,,120
E1004,09,MT,0025,,,50
E1004,09,12,0025,,,195
E1004,09,13,0025,,,180
E1004,09,14,0025,,,165
E1004,09,15,0025,,,155
E1004,09,16,0025,,,145
E1004,09,23,0025,,,145
E1004,09,LG,0025,,,70
E1004,14,MT,0025,,,95
E1004,14,12,0025,,,245
E1004,14,13,0025,,,225
E1004,14,14,0025,,,210
E1004,14,15,0025,,,205
E1004,14,16,0025,,,195
E1004,14,23,0025,,,195
E1004,14,LG,0025,,,115
E1004,18,MT,0025,,,145
E1004,18,12,0025,,,290
E1004,18,13,0025,,,275
E1004,18,14,0025,,,255
E1004,18,15,0025,,,250
E1004,18,16,0025,,,240
E1004,18,23,0025,,,240
E1004,18,LG,0025,,,165
E1004,PLAT,MT,0025,,,115
E1004,PLAT,12,0025,,,265
E1004,PLAT,13,0025,,,245
E1004,PLAT,14,0025,,,230
E1004,PLAT,15,0025,,,220
E1004,PLAT,16,0025,,,215
E1004,PLAT,23,0025,,,215
E1004,PLAT,LG,0025,,,135
E1004,09,MT,0030,,,55
E1004,09,12,0030,,,240
E1004,09,13,0030,,,235
E1004,09,14,0030,,,215
E1004,09,15,0030,,,205
E1004,09,16,0030,,,190
E1004,09,23,0030,,,185
E1004,09,LG,0030,,,75
E1004,14,MT,0030,,,100
E1004,14,12,0030,,,290
E1004,14,13,0030,,,280
E1004,14,14,0030,,,265
E1004,14,15,0030,,,255
E1004,14,16,0030,,,235
E1004,14,23,0030,,,230
E1004,14,LG,0030,,,120
E1004,18,MT,0030,,,150
E1004,18,12,0030,,,340
E1004,18,13,0030,,,330
E1004,18,14,0030,,,315
E1004,18,15,0030,,,305
E1004,18,16,0030,,,285
E1004,18,23,0030,,,280
E1004,18,LG,0030,,,170
E1004,PLAT,MT,0030,,,120
E1004,PLAT,12,0030,,,310
E1004,PLAT,13,0030,,,300
E1004,PLAT,14,0030,,,285
E1004,PLAT,15,0030,,,275
E1004,PLAT,16,0030,,,255
E1004,PLAT,23,0030,,,250
E1004,PLAT,LG,0030,,,140
E1004,09,MT,0035,,,60
E1004,09,12,0035,,,280
E1004,09,13,0035,,,265
E1004,09,14,0035,,,250
E1004,09,15,0035,,,235
E1004,09,16,0035,,,215
E1004,09,23,0035,,,210
E1004,09,LG,0035,,,85
E1004,14,MT,0035,,,110
E1004,14,12,0035,,,330
E1004,14,13,0035,,,320
E1004,14,14,0035,,,300
E1004,14,15,0035,,,290
E1004,14,16,0035,,,270
E1004,14,23,0035,,,265
E1004,14,LG,0035,,,135
E1004,18,MT,0035,,,165
E1004,18,12,0035,,,385
E1004,18,13,0035,,,375
E1004,18,14,0035,,,355
E1004,18,15,0035,,,345
E1004,18,16,0035,,,325
E1004,18,23,0035,,,320
E1004,18,LG,0035,,,190
E1004,PLAT,MT,0035,,,135
E1004,PLAT,12,0035,,,355
E1004,PLAT,13,0035,,,340
E1004,PLAT,14,0035,,,325
E1004,PLAT,15,0035,,,310
E1004,PLAT,16,0035,,,290
E1004,PLAT,23,0035,,,285
E1004,PLAT,LG,0035,,,160
E1004,09,MT,0040,,,65
E1004,09,12,0040,,,335
E1004,09,13,0040,,,310
E1004,09,14,0040,,,285
E1004,09,15,0040,,,270
E1004,09,16,0040,,,260
E1004,09,23,0040,,,245
E1004,09,LG,0040,,,90
E1004,14,MT,0040,,,120
E1004,14,12,0040,,,395
E1004,14,13,0040,,,365
E1004,14,14,0040,,,345
E1004,14,15,0040,,,330
E1004,14,16,0040,,,315
E1004,14,23,0040,,,300
E1004,14,LG,0040,,,150
E1004,18,MT,0040,,,180
E1004,18,12,0040,,,455
E1004,18,13,0040,,,425
E1004,18,14,0040,,,405
E1004,18,15,0040,,,390
E1004,18,16,0040,,,375
E1004,18,23,0040,,,360
E1004,18,LG,0040,,,210
E1004,PLAT,MT,0040,,,145
E1004,PLAT,12,0040,,,420
E1004,PLAT,13,0040,,,390
E1004,PLAT,14,0040,,,370
E1004,PLAT,15,0040,,,355
E1004,PLAT,16,0040,,,340
E1004,PLAT,23,0040,,,325
E1004,PLAT,LG,0040,,,175
E1004,09,MT,0050,,,65
E1004,09,12,0050,,,430
E1004,09,13,0050,,,400
E1004,09,14,0050,,,370
E1004,09,15,0050,,,360
E1004,09,16,0050,,,340
E1004,09,23,0050,,,315
E1004,09,LG,0050,,,100
E1004,14,MT,0050,,,120
E1004,14,12,0050,,,490
E1004,14,13,0050,,,460
E1004,14,14,0050,,,430
E1004,14,15,0050,,,420
E1004,14,16,0050,,,400
E1004,14,23,0050,,,370
E1004,14,LG,0050,,,155
E1004,18,MT,0050,,,180
E1004,18,12,0050,,,550
E1004,18,13,0050,,,520
E1004,18,14,0050,,,490
E1004,18,15,0050,,,480
E1004,18,16,0050,,,460
E1004,18,23,0050,,,430
E1004,18,LG,0050,,,215
E1004,PLAT,MT,0050,,,145
E1004,PLAT,12,0050,,,515
E1004,PLAT,13,0050,,,485
E1004,PLAT,14,0050,,,455
E1004,PLAT,15,0050,,,445
E1004,PLAT,16,0050,,,425
E1004,PLAT,23,0050,,,395
E1004,PLAT,LG,0050,,,180
E1004,09,MT,0060,,,75
E1004,09,12,0060,,,580
E1004,09,13,0060,,,540
E1004,09,14,0060,,,490
E1004,09,15,0060,,,390
E1004,09,16,0060,,,370
E1004,09,23,0060,,,385
E1004,09,LG,0060,,,115
E1004,14,MT,0060,,,140
E1004,14,12,0060,,,645
E1004,14,13,0060,,,605
E1004,14,14,0060,,,555
E1004,14,15,0060,,,455
E1004,14,16,0060,,,435
E1004,14,23,0060,,,450
E1004,14,LG,0060,,,180
E1004,18,MT,0060,,,210
E1004,18,12,0060,,,715
E1004,18,13,0060,,,675
E1004,18,14,0060,,,625
E1004,18,15,0060,,,525
E1004,18,16,0060,,,505
E1004,18,23,0060,,,520
E1004,18,LG,0060,,,250
E1004,PLAT,MT,0060,,,170
E1004,PLAT,12,0060,,,675
E1004,PLAT,13,0060,,,635
E1004,PLAT,14,0060,,,585
E1004,PLAT,15,0060,,,485
E1004,PLAT,16,0060,,,465
E1004,PLAT,23,0060,,,480
E1004,PLAT,LG,0060,,,210
E1004,09,MT,0070,,,85
E1004,09,12,0070,,,660
E1004,09,13,0070,,,595
E1004,09,14,0070,,,530
E1004,09,15,0070,,,515
E1004,09,16,0070,,,485
E1004,09,23,0070,,,465
E1004,09,LG,0070,,,130
E1004,14,MT,0070,,,160
E1004,14,12,0070,,,735
E1004,14,13,0070,,,670
E1004,14,14,0070,,,605
E1004,14,15,0070,,,585
E1004,14,16,0070,,,560
E1004,14,23,0070,,,540
E1004,14,LG,0070,,,205
E1004,18,MT,0070,,,235
E1004,18,12,0070,,,815
E1004,18,13,0070,,,745
E1004,18,14,0070,,,685
E1004,18,15,0070,,,665
E1004,18,16,0070,,,635
E1004,18,23,0070,,,615
E1004,18,LG,0070,,,285
E1004,PLAT,MT,0070,,,190
E1004,PLAT,12,0070,,,765
E1004,PLAT,13,0070,,,700
E1004,PLAT,14,0070,,,640
E1004,PLAT,15,0070,,,620
E1004,PLAT,16,0070,,,590
E1004,PLAT,23,0070,,,570
E1004,PLAT,LG,0070,,,240
E1004,09,MT,0080,,,90
E1004,09,12,0080,,,755
E1004,09,13,0080,,,680
E1004,09,14,0080,,,615
E1004,09,15,0080,,,590
E1004,09,16,0080,,,550
E1004,09,23,0080,,,530
E1004,09,LG,0080,,,145
E1004,14,MT,0080,,,175
E1004,14,12,0080,,,840
E1004,14,13,0080,,,765
E1004,14,14,0080,,,695
E1004,14,15,0080,,,670
E1004,14,16,0080,,,630
E1004,14,23,0080,,,615
E1004,14,LG,0080,,,230
E1004,18,MT,0080,,,260
E1004,18,12,0080,,,925
E1004,18,13,0080,,,850
E1004,18,14,0080,,,780
E1004,18,15,0080,,,755
E1004,18,16,0080,,,715
E1004,18,23,0080,,,700
E1004,18,LG,0080,,,315
E1004,PLAT,MT,0080,,,210
E1004,PLAT,12,0080,,,875
E1004,PLAT,13,0080,,,800
E1004,PLAT,14,0080,,,730
E1004,PLAT,15,0080,,,705
E1004,PLAT,16,0080,,,665
E1004,PLAT,23,0080,,,650
E1004,PLAT,LG,0080,,,265
E1004,09,MT,0100,,,100
E1004,09,12,0100,,,1160
E1004,09,13,0100,,,995
E1004,09,14,0100,,,890
E1004,09,15,0100,,,755
E1004,09,16,0100,,,655
E1004,09,23,0100,,,705
E1004,09,LG,0100,,,165
E1004,14,MT,0100,,,190
E1004,14,12,0100,,,1250
E1004,14,13,0100,,,1085
E1004,14,14,0100,,,980
E1004,14,15,0100,,,845
E1004,14,16,0100,,,745
E1004,14,23,0100,,,790
E1004,14,LG,0100,,,255
E1004,18,MT,0100,,,280
E1004,18,12,0100,,,1340
E1004,18,13,0100,,,1175
E1004,18,14,0100,,,1070
E1004,18,15,0100,,,935
E1004,18,16,0100,,,840
E1004,18,23,0100,,,885
E1004,18,LG,0100,,,350
E1004,PLAT,MT,0100,,,225
E1004,PLAT,12,0100,,,1285
E1004,PLAT,13,0100,,,1120
E1004,PLAT,14,0100,,,1015
E1004,PLAT,15,0100,,,880
E1004,PLAT,16,0100,,,785
E1004,PLAT,23,0100,,,830
E1004,PLAT,LG,0100,,,295
E1004,09,MT,0120,,,115
E1004,09,12,0120,,,1265
E1004,09,13,0120,,,1115
E1004,09,14,0120,,,1015
E1004,09,15,0120,,,950
E1004,09,16,0120,,,890
E1004,09,23,0120,,,890
E1004,09,LG,0120,,,195
E1004,14,MT,0120,,,215
E1004,14,12,0120,,,1365
E1004,14,13,0120,,,1215
E1004,14,14,0120,,,1115
E1004,14,15,0120,,,1050
E1004,14,16,0120,,,990
E1004,14,23,0120,,,990
E1004,14,LG,0120,,,295
E1004,18,MT,0120,,,315
E1004,18,12,0120,,,1465
E1004,18,13,0120,,,1315
E1004,18,14,0120,,,1215
E1004,18,15,0120,,,1155
E1004,18,16,0120,,,1090
E1004,18,23,0120,,,1090
E1004,18,LG,0120,,,400
E1004,PLAT,MT,0120,,,255
E1004,PLAT,12,0120,,,1405
E1004,PLAT,13,0120,,,1255
E1004,PLAT,14,0120,,,1155
E1004,PLAT,15,0120,,,1095
E1004,PLAT,16,0120,,,1030
E1004,PLAT,23,0120,,,1030
E1004,PLAT,LG,0120,,,335
E1004,09,MT,0150,,,125
E1004,09,12,0150,,,2300
E1004,09,13,0150,,,1860
E1004,09,14,0150,,,1600
E1004,09,15,0150,,,1340
E1004,09,16,0150,,,1190
E1004,09,23,0150,,,1210
E1004,09,LG,0150,,,225
E1004,14,MT,0150,,,235
E1004,14,12,0150,,,2410
E1004,14,13,0150,,,1970
E1004,14,14,0150,,,1710
E1004,14,15,0150,,,1455
E1004,14,16,0150,,,1300
E1004,14,23,0150,,,1325
E1004,14,LG,0150,,,335
E1004,18,MT,0150,,,355
E1004,18,12,0150,,,2525
E1004,18,13,0150,,,2085
E1004,18,14,0150,,,1830
E1004,18,15,0150,,,1570
E1004,18,16,0150,,,1420
E1004,18,23,0150,,,1440
E1004,18,LG,0150,,,450
E1004,PLAT,MT,0150,,,285
E1004,PLAT,12,0150,,,2460
E1004,PLAT,13,0150,,,2020
E1004,PLAT,14,0150,,,1760
E1004,PLAT,15,0150,,,1500
E1004,PLAT,16,0150,,,1350
E1004,PLAT,23,0150,,,1370
E1004,PLAT,LG,0150,,,385
E1004,09,MT,0160,,,135
E1004,09,12,0160,,,2685
E1004,09,13,0160,,,2165
E1004,09,14,0160,,,1865
E1004,09,15,0160,,,1560
E1004,09,16,0160,,,1385
E1004,09,23,0160,,,1410
E1004,09,LG,0160,,,240
E1004,14,MT,0160,,,255
E1004,14,12,0160,,,2805
E1004,14,13,0160,,,2285
E1004,14,14,0160,,,1985
E1004,14,15,0160,,,1680
E1004,14,16,0160,,,1505
E1004,14,23,0160,,,1530
E1004,14,LG,0160,,,360
E1004,18,MT,0160,,,380
E1004,18,12,0160,,,2930
E1004,18,13,0160,,,2410
E1004,18,14,0160,,,2110
E1004,18,15,0160,,,1805
E1004,18,16,0160,,,1630
E1004,18,23,0160,,,1655
E1004,18,LG,0160,,,485
E1004,PLAT,MT,0160,,,305
E1004,PLAT,12,0160,,,2855
E1004,PLAT,13,0160,,,2340
E1004,PLAT,14,0160,,,2035
E1004,PLAT,15,0160,,,1735
E1004,PLAT,16,0160,,,1555
E1004,PLAT,23,0160,,,1580
E1004,PLAT,LG,0160,,,410
E1004,09,MT,0180,,,135
E1004,09,LG,0180,,,255
E1004,14,MT,0180,,,255
E1004,14,LG,0180,,,375
E1004,18,MT,0180,,,380
E1004,18,LG,0180,,,500
E1004,PLAT,MT,0180,,,305
E1004,PLAT,LG,0180,,,425
E1004,09,MT,0200,,,145
E1004,09,LG,0200,,,355
E1004,14,MT,0200,,,270
E1004,14,LG,0200,,,485
E1004,18,MT,0200,,,405
E1004,18,LG,0200,,,615
E1004,PLAT,MT,0200,,,325
E1004,PLAT,LG,0200,,,540
E1004,09,MT,0250,,,160
E1004,09,LG,0250,,,425
E1004,14,MT,0250,,,300
E1004,14,LG,0250,,,565
E1004,18,MT,0250,,,445
E1004,18,LG,0250,,,710
E1004,PLAT,MT,0250,,,360
E1004,PLAT,LG,0250,,,625
E1004,09,MT,0300,,,170
E1004,09,LG,0300,,,510
E1004,14,MT,0300,,,320
E1004,14,LG,0300,,,660
E1004,18,MT,0300,,,480
E1004,18,LG,0300,,,820
E1004,PLAT,MT,0300,,,385
E1004,PLAT,LG,0300,,,725
E1004,09,MT,0400,,,220
E1004,09,LG,0400,,,695
E1004,14,MT,0400,,,415
E1004,14,LG,0400,,,890
E1004,18,MT,0400,,,620
E1004,18,LG,0400,,,1095
E1004,PLAT,MT,0400,,,500
E1004,PLAT,LG,0400,,,975
E1004,09,MT,0500,,,240
E1004,09,LG,0500,,,835
E1004,14,MT,0500,,,455
E1004,14,LG,0500,,,1050
E1004,18,MT,0500,,,680
E1004,18,LG,0500,,,1270
E1004,PLAT,MT,0500,,,550
E1004,PLAT,LG,0500,,,1140
E1004,09,MT,0600,,,265
E1004,09,LG,0600,,,975
E1004,14,MT,0600,,,500
E1004,14,LG,0600,,,1205
E1004,18,MT,0600,,,745
E1004,18,LG,0600,,,1455
E1004,PLAT,MT,0600,,,600
E1004,PLAT,LG,0600,,,1310
E2001,09,MT,0025,,,100
E2001,09,12,0025,,,245
E2001,09,13,0025,,,230
E2001,09,14,0025,,,215
E2001,09,15,0025,,,205
E2001,09,16,0025,,,195
E2001,09,23,0025,,,195
E2001,09,LG,0025,,,120
E2001,14,MT,0025,,,150
E2001,14,12,0025,,,295
E2001,14,13,0025,,,280
E2001,14,14,0025,,,260
E2001,14,15,0025,,,255
E2001,14,16,0025,,,245
E2001,14,23,0025,,,245
E2001,14,LG,0025,,,170
E2001,18,MT,0025,,,200
E2001,18,12,0025,,,345
E2001,18,13,0025,,,330
E2001,18,14,0025,,,315
E2001,18,15,0025,,,305
E2001,18,16,0025,,,295
E2001,18,23,0025,,,295
E2001,18,LG,0025,,,220
E2001,PLAT,MT,0025,,,170
E2001,PLAT,12,0025,,,315
E2001,PLAT,13,0025,,,300
E2001,PLAT,14,0025,,,285
E2001,PLAT,15,0025,,,275
E2001,PLAT,16,0025,,,265
E2001,PLAT,23,0025,,,265
E2001,PLAT,LG,0025,,,190
E2001,09,MT,0030,,,100
E2001,09,12,0030,,,290
E2001,09,13,0030,,,280
E2001,09,14,0030,,,265
E2001,09,15,0030,,,255
E2001,09,16,0030,,,235
E2001,09,23,0030,,,235
E2001,09,LG,0030,,,120
E2001,14,MT,0030,,,150
E2001,14,12,0030,,,340
E2001,14,13,0030,,,330
E2001,14,14,0030,,,315
E2001,14,15,0030,,,305
E2001,14,16,0030,,,285
E2001,14,23,0030,,,280
E2001,14,LG,0030,,,170
E2001,18,MT,0030,,,200
E2001,18,12,0030,,,390
E2001,18,13,0030,,,380
E2001,18,14,0030,,,365
E2001,18,15,0030,,,355
E2001,18,16,0030,,,335
E2001,18,23,0030,,,330
E2001,18,LG,0030,,,220
E2001,PLAT,MT,0030,,,170
E2001,PLAT,12,0030,,,360
E2001,PLAT,13,0030,,,350
E2001,PLAT,14,0030,,,335
E2001,PLAT,15,0030,,,325
E2001,PLAT,16,0030,,,305
E2001,PLAT,23,0030,,,300
E2001,PLAT,LG,0030,,,190
E2001,09,MT,0035,,,105
E2001,09,12,0035,,,325
E2001,09,13,0035,,,310
E2001,09,14,0035,,,295
E2001,09,15,0035,,,280
E2001,09,16,0035,,,260
E2001,09,23,0035,,,255
E2001,09,LG,0035,,,130
E2001,14,MT,0035,,,155
E2001,14,12,0035,,,375
E2001,14,13,0035,,,365
E2001,14,14,0035,,,345
E2001,14,15,0035,,,335
E2001,14,16,0035,,,315
E2001,14,23,0035,,,305
E2001,14,LG,0035,,,180
E2001,18,MT,0035,,,210
E2001,18,12,0035,,,425
E2001,18,13,0035,,,415
E2001,18,14,0035,,,400
E2001,18,15,0035,,,385
E2001,18,16,0035,,,365
E2001,18,23,0035,,,360
E2001,18,LG,0035,,,235
E2001,PLAT,MT,0035,,,175
E2001,PLAT,12,0035,,,395
E2001,PLAT,13,0035,,,385
E2001,PLAT,14,0035,,,365
E2001,PLAT,15,0035,,,355
E2001,PLAT,16,0035,,,335
E2001,PLAT,23,0035,,,330
E2001,PLAT,LG,0035,,,200
E2001,09,MT,0040,,,105
E2001,09,12,0040,,,375
E2001,09,13,0040,,,350
E2001,09,14,0040,,,325
E2001,09,15,0040,,,310
E2001,09,16,0040,,,295
E2001,09,23,0040,,,285
E2001,09,LG,0040,,,130
E2001,14,MT,0040,,,155
E2001,14,12,0040,,,430
E2001,14,13,0040,,,400
E2001,14,14,0040,,,380
E2001,14,15,0040,,,365
E2001,14,16,0040,,,350
E2001,14,23,0040,,,335
E2001,14,LG,0040,,,185
E2001,18,MT,0040,,,210
E2001,18,12,0040,,,480
E2001,18,13,0040,,,455
E2001,18,14,0040,,,430
E2001,18,15,0040,,,415
E2001,18,16,0040,,,400
E2001,18,23,0040,,,390
E2001,18,LG,0040,,,235
E2001,PLAT,MT,0040,,,175
E2001,PLAT,12,0040,,,450
E2001,PLAT,13,0040,,,425
E2001,PLAT,14,0040,,,400
E2001,PLAT,15,0040,,,385
E2001,PLAT,16,0040,,,370
E2001,PLAT,23,0040,,,360
E2001,PLAT,LG,0040,,,205
E2001,09,MT,0050,,,125
E2001,09,12,0050,,,495
E2001,09,13,0050,,,465
E2001,09,14,0050,,,435
E2001,09,15,0050,,,425
E2001,09,16,0050,,,405
E2001,09,23,0050,,,375
E2001,09,LG,0050,,,165
E2001,14,MT,0050,,,195
E2001,14,12,0050,,,565
E2001,14,13,0050,,,535
E2001,14,14,0050,,,505
E2001,14,15,0050,,,495
E2001,14,16,0050,,,475
E2001,14,23,0050,,,445
E2001,14,LG,0050,,,230
E2001,18,MT,0050,,,265
E2001,18,12,0050,,,635
E2001,18,13,0050,,,605
E2001,18,14,0050,,,575
E2001,18,15,0050,,,565
E2001,18,16,0050,,,545
E2001,18,23,0050,,,515
E2001,18,LG,0050,,,305
E2001,PLAT,MT,0050,,,225
E2001,PLAT,12,0050,,,595
E2001,PLAT,13,0050,,,565
E2001,PLAT,14,0050,,,535
E2001,PLAT,15,0050,,,525
E2001,PLAT,16,0050,,,505
E2001,PLAT,23,0050,,,475
E2001,PLAT,LG,0050,,,260
E2001,09,MT,0060,,,125
E2001,09,12,0060,,,630
E2001,09,13,0060,,,595
E2001,09,14,0060,,,545
E2001,09,15,0060,,,445
E2001,09,16,0060,,,420
E2001,09,23,0060,,,435
E2001,09,LG,0060,,,170
E2001,14,MT,0060,,,195
E2001,14,12,0060,,,700
E2001,14,13,0060,,,665
E2001,14,14,0060,,,610
E2001,14,15,0060,,,510
E2001,14,16,0060,,,490
E2001,14,23,0060,,,505
E2001,14,LG,0060,,,235
E2001,18,MT,0060,,,265
E2001,18,12,0060,,,770
E2001,18,13,0060,,,735
E2001,18,14,0060,,,685
E2001,18,15,0060,,,585
E2001,18,16,0060,,,560
E2001,18,23,0060,,,575
E2001,18,LG,0060,,,310
E2001,PLAT,MT,0060,,,225
E2001,PLAT,12,0060,,,730
E2001,PLAT,13,0060,,,690
E2001,PLAT,14,0060,,,640
E2001,PLAT,15,0060,,,540
E2001,PLAT,16,0060,,,520
E2001,PLAT,23,0060,,,535
E2001,PLAT,LG,0060,,,265
E2001,09,MT,0070,,,140
E2001,09,12,0070,,,715
E2001,09,13,0070,,,650
E2001,09,14,0070,,,590
E2001,09,15,0070,,,570
E2001,09,16,0070,,,540
E2001,09,23,0070,,,520
E2001,09,LG,0070,,,190
E2001,14,MT,0070,,,215
E2001,14,12,0070,,,795
E2001,14,13,0070,,,730
E2001,14,14,0070,,,665
E2001,14,15,0070,,,650
E2001,14,16,0070,,,620
E2001,14,23,0070,,,600
E2001,14,LG,0070,,,265
E2001,18,MT,0070,,,300
E2001,18,12,0070,,,880
E2001,18,13,0070,,,810
E2001,18,14,0070,,,750
E2001,18,15,0070,,,730
E2001,18,16,0070,,,700
E2001,18,23,0070,,,680
E2001,18,LG,0070,,,350
E2001,PLAT,MT,0070,,,250
E2001,PLAT,12,0070,,,830
E2001,PLAT,13,0070,,,765
E2001,PLAT,14,0070,,,700
E2001,PLAT,15,0070,,,680
E2001,PLAT,16,0070,,,650
E2001,PLAT,23,0070,,,635
E2001,PLAT,LG,0070,,,300
E2001,09,MT,0080,,,140
E2001,09,12,0080,,,805
E2001,09,13,0080,,,730
E2001,09,14,0080,,,665
E2001,09,15,0080,,,640
E2001,09,16,0080,,,595
E2001,09,23,0080,,,580
E2001,09,LG,0080,,,195
E2001,14,MT,0080,,,215
E2001,14,12,0080,,,885
E2001,14,13,0080,,,810
E2001,14,14,0080,,,740
E2001,14,15,0080,,,715
E2001,14,16,0080,,,675
E2001,14,23,0080,,,660
E2001,14,LG,0080,,,275
E2001,18,MT,0080,,,300
E2001,18,12,0080,,,965
E2001,18,13,0080,,,890
E2001,18,14,0080,,,825
E2001,18,15,0080,,,800
E2001,18,16,0080,,,760
E2001,18,23,0080,,,740
E2001,18,LG,0080,,,355
E2001,PLAT,MT,0080,,,250
E2001,PLAT,12,0080,,,915
E2001,PLAT,13,0080,,,840
E2001,PLAT,14,0080,,,775
E2001,PLAT,15,0080,,,750
E2001,PLAT,16,0080,,,710
E2001,PLAT,23,0080,,,690
E2001,PLAT,LG,0080,,,305
E2001,09,MT,0100,,,170
E2001,09,12,0100,,,1235
E2001,09,13,0100,,,1070
E2001,09,14,0100,,,965
E2001,09,15,0100,,,830
E2001,09,16,0100,,,730
E2001,09,23,0100,,,775
E2001,09,LG,0100,,,240
E2001,14,MT,0100,,,275
E2001,14,12,0100,,,1340
E2001,14,13,0100,,,1170
E2001,14,14,0100,,,1070
E2001,14,15,0100,,,935
E2001,14,16,0100,,,835
E2001,14,23,0100,,,880
E2001,14,LG,0100,,,345
E2001,18,MT,0100,,,385
E2001,18,12,0100,,,1445
E2001,18,13,0100,,,1280
E2001,18,14,0100,,,1175
E2001,18,15,0100,,,1040
E2001,18,16,0100,,,945
E2001,18,23,0100,,,990
E2001,18,LG,0100,,,455
E2001,PLAT,MT,0100,,,320
E2001,PLAT,12,0100,,,1385
E2001,PLAT,13,0100,,,1215
E2001,PLAT,14,0100,,,1115
E2001,PLAT,15,0100,,,980
E2001,PLAT,16,0100,,,880
E2001,PLAT,23,0100,,,925
E2001,PLAT,LG,0100,,,390
E2001,09,MT,0120,,,170
E2001,09,12,0120,,,1325
E2001,09,13,0120,,,1175
E2001,09,14,0120,,,1075
E2001,09,15,0120,,,1010
E2001,09,16,0120,,,950
E2001,09,23,0120,,,950
E2001,09,LG,0120,,,255
E2001,14,MT,0120,,,275
E2001,14,12,0120,,,1430
E2001,14,13,0120,,,1280
E2001,14,14,0120,,,1180
E2001,14,15,0120,,,1115
E2001,14,16,0120,,,1055
E2001,14,23,0120,,,1055
E2001,14,LG,0120,,,360
E2001,18,MT,0120,,,385
E2001,18,12,0120,,,1535
E2001,18,13,0120,,,1385
E2001,18,14,0120,,,1285
E2001,18,15,0120,,,1225
E2001,18,16,0120,,,1160
E2001,18,23,0120,,,1160
E2001,18,LG,0120,,,470
E2001,PLAT,MT,0120,,,320
E2001,PLAT,12,0120,,,1475
E2001,PLAT,13,0120,,,1325
E2001,PLAT,14,0120,,,1225
E2001,PLAT,15,0120,,,1160
E2001,PLAT,16,0120,,,1100
E2001,PLAT,23,0120,,,1100
E2001,PLAT,LG,0120,,,405
E2001,09,MT,0150,,,175
E2001,09,12,0150,,,2350
E2001,09,13,0150,,,1910
E2001,09,14,0150,,,1655
E2001,09,15,0150,,,1395
E2001,09,16,0150,,,1245
E2001,09,23,0150,,,1265
E2001,09,LG,0150,,,280
E2001,14,MT,0150,,,285
E2001,14,12,0150,,,2460
E2001,14,13,0150,,,2020
E2001,14,14,0150,,,1760
E2001,14,15,0150,,,1505
E2001,14,16,0150,,,1350
E2001,14,23,0150,,,1375
E2001,14,LG,0150,,,385
E2001,18,MT,0150,,,400
E2001,18,12,0150,,,2575
E2001,18,13,0150,,,2135
E2001,18,14,0150,,,1875
E2001,18,15,0150,,,1615
E2001,18,16,0150,,,1465
E2001,18,23,0150,,,1490
E2001,18,LG,0150,,,500
E2001,PLAT,MT,0150,,,330
E2001,PLAT,12,0150,,,2510
E2001,PLAT,13,0150,,,2065
E2001,PLAT,14,0150,,,1810
E2001,PLAT,15,0150,,,1550
E2001,PLAT,16,0150,,,1400
E2001,PLAT,23,0150,,,1420
E2001,PLAT,LG,0150,,,435
E2001,09,MT,0160,,,175
E2001,09,12,0160,,,2725
E2001,09,13,0160,,,2210
E2001,09,14,0160,,,1905
E2001,09,15,0160,,,1605
E2001,09,16,0160,,,1425
E2001,09,23,0160,,,1450
E2001,09,LG,0160,,,285
E2001,14,MT,0160,,,285
E2001,14,12,0160,,,2835
E2001,14,13,0160,,,2320
E2001,14,14,0160,,,2015
E2001,14,15,0160,,,1715
E2001,14,16,0160,,,1535
E2001,14,23,0160,,,1560
E2001,14,LG,0160,,,390
E2001,18,MT,0160,,,400
E2001,18,12,0160,,,2950
E2001,18,13,0160,,,2430
E2001,18,14,0160,,,2130
E2001,18,15,0160,,,1825
E2001,18,16,0160,,,1650
E2001,18,23,0160,,,1675
E2001,18,LG,0160,,,505
E2001,PLAT,MT,0160,,,330
E2001,PLAT,12,0160,,,2880
E2001,PLAT,13,0160,,,2365
E2001,PLAT,14,0160,,,2065
E2001,PLAT,15,0160,,,1760
E2001,PLAT,16,0160,,,1580
E2001,PLAT,23,0160,,,1605
E2001,PLAT,LG,0160,,,440
E2001,09,MT,0180,,,200
E2001,09,LG,0180,,,320
E2001,14,MT,0180,,,330
E2001,14,LG,0180,,,450
E2001,18,MT,0180,,,465
E2001,18,LG,0180,,,585
E2001,PLAT,MT,0180,,,385
E2001,PLAT,LG,0180,,,505
E2001,09,MT,0200,,,215
E2001,09,LG,0200,,,430
E2001,14,MT,0200,,,355
E2001,14,LG,0200,,,570
E2001,18,MT,0200,,,500
E2001,18,LG,0200,,,715
E2001,PLAT,MT,0200,,,415
E2001,PLAT,LG,0200,,,630
E2001,09,MT,0250,,,225
E2001,09,LG,0250,,,490
E2001,14,MT,0250,,,370
E2001,14,LG,0250,,,635
E2001,18,MT,0250,,,520
E2001,18,LG,0250,,,785
E2001,PLAT,MT,0250,,,430
E2001,PLAT,LG,0250,,,695
E2001,09,MT,0300,,,245
E2001,09,LG,0300,,,590
E2001,14,MT,0300,,,410
E2001,14,LG,0300,,,755
E2001,18,MT,0300,,,585
E2001,18,LG,0300,,,925
E2001,PLAT,MT,0300,,,485
E2001,PLAT,LG,0300,,,825
E2001,09,MT,0400,,,315
E2001,09,LG,0400,,,790
E2001,14,MT,0400,,,530
E2001,14,LG,0400,,,1010
E2001,18,MT,0400,,,760
E2001,18,LG,0400,,,1235
E2001,PLAT,MT,0400,,,625
E2001,PLAT,LG,0400,,,1100
E2001,09,MT,0500,,,340
E2001,09,LG,0500,,,930
E2001,14,MT,0500,,,575
E2001,14,LG,0500,,,1170
E2001,18,MT,0500,,,825
E2001,18,LG,0500,,,1420
E2001,PLAT,MT,0500,,,680
E2001,PLAT,LG,0500,,,1275
E2001,09,MT,0600,,,360
E2001,09,LG,0600,,,1075
E2001,14,MT,0600,,,620
E2001,14,LG,0600,,,1330
E2001,18,MT,0600,,,895
E2001,18,LG,0600,,,1605
E2001,PLAT,MT,0600,,,735
E2001,PLAT,LG,0600,,,1445
E2002,09,MT,0025,,,100
E2002,09,12,0025,,,245
E2002,09,13,0025,,,230
E2002,09,14,0025,,,210
E2002,09,15,0025,,,205
E2002,09,16,0025,,,195
E2002,09,23,0025,,,195
E2002,09,LG,0025,,,115
E2002,14,MT,0025,,,145
E2002,14,12,0025,,,290
E2002,14,13,0025,,,275
E2002,14,14,0025,,,260
E2002,14,15,0025,,,250
E2002,14,16,0025,,,240
E2002,14,23,0025,,,240
E2002,14,LG,0025,,,165
E2002,18,MT,0025,,,195
E2002,18,12,0025,,,340
E2002,18,13,0025,,,325
E2002,18,14,0025,,,305
E2002,18,15,0025,,,300
E2002,18,16,0025,,,290
E2002,18,23,0025,,,290
E2002,18,LG,0025,,,215
E2002,PLAT,MT,0025,,,165
E2002,PLAT,12,0025,,,310
E2002,PLAT,13,0025,,,295
E2002,PLAT,14,0025,,,280
E2002,PLAT,15,0025,,,270
E2002,PLAT,16,0025,,,260
E2002,PLAT,23,0025,,,260
E2002,PLAT,LG,0025,,,185
E2002,09,MT,0030,,,100
E2002,09,12,0030,,,290
E2002,09,13,0030,,,280
E2002,09,14,0030,,,260
E2002,09,15,0030,,,255
E2002,09,16,0030,,,235
E2002,09,23,0030,,,230
E2002,09,LG,0030,,,120
E2002,14,MT,0030,,,145
E2002,14,12,0030,,,335
E2002,14,13,0030,,,325
E2002,14,14,0030,,,310
E2002,14,15,0030,,,300
E2002,14,16,0030,,,280
E2002,14,23,0030,,,275
E2002,14,LG,0030,,,165
E2002,18,MT,0030,,,195
E2002,18,12,0030,,,385
E2002,18,13,0030,,,375
E2002,18,14,0030,,,360
E2002,18,15,0030,,,350
E2002,18,16,0030,,,330
E2002,18,23,0030,,,325
E2002,18,LG,0030,,,215
E2002,PLAT,MT,0030,,,165
E2002,PLAT,12,0030,,,355
E2002,PLAT,13,0030,,,345
E2002,PLAT,14,0030,,,330
E2002,PLAT,15,0030,,,320
E2002,PLAT,16,0030,,,300
E2002,PLAT,23,0030,,,295
E2002,PLAT,LG,0030,,,185
E2002,09,MT,0035,,,100
E2002,09,12,0035,,,320
E2002,09,13,0035,,,310
E2002,09,14,0035,,,290
E2002,09,15,0035,,,280
E2002,09,16,0035,,,260
E2002,09,23,0035,,,255
E2002,09,LG,0035,,,125
E2002,14,MT,0035,,,150
E2002,14,12,0035,,,370
E2002,14,13,0035,,,355
E2002,14,14,0035,,,340
E2002,14,15,0035,,,330
E2002,14,16,0035,,,305
E2002,14,23,0035,,,300
E2002,14,LG,0035,,,175
E2002,18,MT,0035,,,200
E2002,18,12,0035,,,420
E2002,18,13,0035,,,410
E2002,18,14,0035,,,390
E2002,18,15,0035,,,380
E2002,18,16,0035,,,360
E2002,18,23,0035,,,355
E2002,18,LG,0035,,,225
E2002,PLAT,MT,0035,,,170
E2002,PLAT,12,0035,,,390
E2002,PLAT,13,0035,,,380
E2002,PLAT,14,0035,,,360
E2002,PLAT,15,0035,,,350
E2002,PLAT,16,0035,,,330
E2002,PLAT,23,0035,,,325
E2002,PLAT,LG,0035,,,195
E2002,09,MT,0040,,,100
E2002,09,12,0040,,,375
E2002,09,13,0040,,,345
E2002,09,14,0040,,,325
E2002,09,15,0040,,,310
E2002,09,16,0040,,,295
E2002,09,23,0040,,,280
E2002,09,LG,0040,,,130
E2002,14,MT,0040,,,150
E2002,14,12,0040,,,425
E2002,14,13,0040,,,395
E2002,14,14,0040,,,375
E2002,14,15,0040,,,360
E2002,14,16,0040,,,345
E2002,14,23,0040,,,330
E2002,14,LG,0040,,,175
E2002,18,MT,0040,,,200
E2002,18,12,0040,,,475
E2002,18,13,0040,,,445
E2002,18,14,0040,,,425
E2002,18,15,0040,,,410
E2002,18,16,0040,,,395
E2002,18,23,0040,,,380
E2002,18,LG,0040,,,230
E2002,PLAT,MT,0040,,,170
E2002,PLAT,12,0040,,,445
E2002,PLAT,13,0040,,,415
E2002,PLAT,14,0040,,,395
E2002,PLAT,15,0040,,,380
E2002,PLAT,16,0040,,,365
E2002,PLAT,23,0040,,,350
E2002,PLAT,LG,0040,,,200
E2002,09,MT,0050,,,120
E2002,09,12,0050,,,490
E2002,09,13,0050,,,460
E2002,09,14,0050,,,430
E2002,09,15,0050,,,420
E2002,09,16,0050,,,400
E2002,09,23,0050,,,370
E2002,09,LG,0050,,,160
E2002,14,MT,0050,,,185
E2002,14,12,0050,,,555
E2002,14,13,0050,,,525
E2002,14,14,0050,,,495
E2002,14,15,0050,,,485
E2002,14,16,0050,,,465
E2002,14,23,0050,,,435
E2002,14,LG,0050,,,220
E2002,18,MT,0050,,,250
E2002,18,12,0050,,,620
E2002,18,13,0050,,,590
E2002,18,14,0050,,,560
E2002,18,15,0050,,,550
E2002,18,16,0050,,,530
E2002,18,23,0050,,,500
E2002,18,LG,0050,,,290
E2002,PLAT,MT,0050,,,215
E2002,PLAT,12,0050,,,580
E2002,PLAT,13,0050,,,550
E2002,PLAT,14,0050,,,520
E2002,PLAT,15,0050,,,510
E2002,PLAT,16,0050,,,490
E2002,PLAT,23,0050,,,465
E2002,PLAT,LG,0050,,,250
E2002,09,MT,0060,,,120
E2002,09,12,0060,,,625
E2002,09,13,0060,,,590
E2002,09,14,0060,,,540
E2002,09,15,0060,,,440
E2002,09,16,0060,,,415
E2002,09,23,0060,,,430
E2002,09,LG,0060,,,165
E2002,14,MT,0060,,,185
E2002,14,12,0060,,,690
E2002,14,13,0060,,,655
E2002,14,14,0060,,,605
E2002,14,15,0060,,,500
E2002,14,16,0060,,,480
E2002,14,23,0060,,,495
E2002,14,LG,0060,,,230
E2002,18,MT,0060,,,250
E2002,18,12,0060,,,760
E2002,18,13,0060,,,720
E2002,18,14,0060,,,670
E2002,18,15,0060,,,570
E2002,18,16,0060,,,545
E2002,18,23,0060,,,560
E2002,18,LG,0060,,,295
E2002,PLAT,MT,0060,,,215
E2002,PLAT,12,0060,,,720
E2002,PLAT,13,0060,,,680
E2002,PLAT,14,0060,,,630
E2002,PLAT,15,0060,,,530
E2002,PLAT,16,0060,,,505
E2002,PLAT,23,0060,,,525
E2002,PLAT,LG,0060,,,255
E2002,09,MT,0070,,,125
E2002,09,12,0070,,,705
E2002,09,13,0070,,,640
E2002,09,14,0070,,,575
E2002,09,15,0070,,,560
E2002,09,16,0070,,,530
E2002,09,23,0070,,,510
E2002,09,LG,0070,,,175
E2002,14,MT,0070,,,195
E2002,14,12,0070,,,775
E2002,14,13,0070,,,705
E2002,14,14,0070,,,645
E2002,14,15,0070,,,625
E2002,14,16,0070,,,595
E2002,14,23,0070,,,580
E2002,14,LG,0070,,,245
E2002,18,MT,0070,,,265
E2002,18,12,0070,,,845
E2002,18,13,0070,,,780
E2002,18,14,0070,,,715
E2002,18,15,0070,,,695
E2002,18,16,0070,,,670
E2002,18,23,0070,,,650
E2002,18,LG,0070,,,315
E2002,PLAT,MT,0070,,,225
E2002,PLAT,12,0070,,,805
E2002,PLAT,13,0070,,,735
E2002,PLAT,14,0070,,,675
E2002,PLAT,15,0070,,,655
E2002,PLAT,16,0070,,,625
E2002,PLAT,23,0070,,,605
E2002,PLAT,LG,0070,,,275
E2002,09,MT,0080,,,125
E2002,09,12,0080,,,790
E2002,09,13,0080,,,720
E2002,09,14,0080,,,650
E2002,09,15,0080,,,625
E2002,09,16,0080,,,585
E2002,09,23,0080,,,570
E2002,09,LG,0080,,,180
E2002,14,MT,0080,,,195
E2002,14,12,0080,,,860
E2002,14,13,0080,,,785
E2002,14,14,0080,,,720
E2002,14,15,0080,,,695
E2002,14,16,0080,,,655
E2002,14,23,0080,,,635
E2002,14,LG,0080,,,250
E2002,18,MT,0080,,,265
E2002,18,12,0080,,,930
E2002,18,13,0080,,,855
E2002,18,14,0080,,,790
E2002,18,15,0080,,,765
E2002,18,16,0080,,,725
E2002,18,23,0080,,,710
E2002,18,LG,0080,,,320
E2002,PLAT,MT,0080,,,225
E2002,PLAT,12,0080,,,890
E2002,PLAT,13,0080,,,815
E2002,PLAT,14,0080,,,750
E2002,PLAT,15,0080,,,725
E2002,PLAT,16,0080,,,680
E2002,PLAT,23,0080,,,665
E2002,PLAT,LG,0080,,,280
E2002,09,MT,0100,,,150
E2002,09,12,0100,,,1210
E2002,09,13,0100,,,1045
E2002,09,14,0100,,,940
E2002,09,15,0100,,,805
E2002,09,16,0100,,,705
E2002,09,23,0100,,,755
E2002,09,LG,0100,,,220
E2002,14,MT,0100,,,230
E2002,14,12,0100,,,1295
E2002,14,13,0100,,,1130
E2002,14,14,0100,,,1025
E2002,14,15,0100,,,890
E2002,14,16,0100,,,790
E2002,14,23,0100,,,835
E2002,14,LG,0100,,,300
E2002,18,MT,0100,,,320
E2002,18,12,0100,,,1380
E2002,18,13,0100,,,1215
E2002,18,14,0100,,,1110
E2002,18,15,0100,,,975
E2002,18,16,0100,,,875
E2002,18,23,0100,,,925
E2002,18,LG,0100,,,390
E2002,PLAT,MT,0100,,,270
E2002,PLAT,12,0100,,,1330
E2002,PLAT,13,0100,,,1165
E2002,PLAT,14,0100,,,1060
E2002,PLAT,15,0100,,,925
E2002,PLAT,16,0100,,,825
E2002,PLAT,23,0100,,,870
E2002,PLAT,LG,0100,,,335
E2002,09,MT,0120,,,150
E2002,09,12,0120,,,1300
E2002,09,13,0120,,,1150
E2002,09,14,0120,,,1050
E2002,09,15,0120,,,990
E2002,09,16,0120,,,925
E2002,09,23,0120,,,925
E2002,09,LG,0120,,,230
E2002,14,MT,0120,,,230
E2002,14,12,0120,,,1385
E2002,14,13,0120,,,1235
E2002,14,14,0120,,,1135
E2002,14,15,0120,,,1070
E2002,14,16,0120,,,1010
E2002,14,23,0120,,,1010
E2002,14,LG,0120,,,315
E2002,18,MT,0120,,,320
E2002,18,12,0120,,,1470
E2002,18,13,0120,,,1320
E2002,18,14,0120,,,1220
E2002,18,15,0120,,,1160
E2002,18,16,0120,,,1095
E2002,18,23,0120,,,1095
E2002,18,LG,0120,,,400
E2002,PLAT,MT,0120,,,270
E2002,PLAT,12,0120,,,1420
E2002,PLAT,13,0120,,,1270
E2002,PLAT,14,0120,,,1170
E2002,PLAT,15,0120,,,1105
E2002,PLAT,16,0120,,,1045
E2002,PLAT,23,0120,,,1045
E2002,PLAT,LG,0120,,,350
E2002,09,MT,0150,,,150
E2002,09,12,0150,,,2325
E2002,09,13,0150,,,1885
E2002,09,14,0150,,,1625
E2002,09,15,0150,,,1370
E2002,09,16,0150,,,1215
E2002,09,23,0150,,,1240
E2002,09,LG,0150,,,250
E2002,14,MT,0150,,,235
E2002,14,12,0150,,,2410
E2002,14,13,0150,,,1970
E2002,14,14,0150,,,1710
E2002,14,15,0150,,,1455
E2002,14,16,0150,,,1300
E2002,14,23,0150,,,1325
E2002,14,LG,0150,,,335
E2002,18,MT,0150,,,325
E2002,18,12,0150,,,2500
E2002,18,13,0150,,,2060
E2002,18,14,0150,,,1800
E2002,18,15,0150,,,1545
E2002,18,16,0150,,,1390
E2002,18,23,0150,,,1415
E2002,18,LG,0150,,,425
E2002,PLAT,MT,0150,,,275
E2002,PLAT,12,0150,,,2450
E2002,PLAT,13,0150,,,2005
E2002,PLAT,14,0150,,,1750
E2002,PLAT,15,0150,,,1490
E2002,PLAT,16,0150,,,1340
E2002,PLAT,23,0150,,,1360
E2002,PLAT,LG,0150,,,375
E2002,09,MT,0160,,,150
E2002,09,12,0160,,,2700
E2002,09,13,0160,,,2185
E2002,09,14,0160,,,1880
E2002,09,15,0160,,,1580
E2002,09,16,0160,,,1400
E2002,09,23,0160,,,1425
E2002,09,LG,0160,,,260
E2002,14,MT,0160,,,235
E2002,14,12,0160,,,2785
E2002,14,13,0160,,,2270
E2002,14,14,0160,,,1965
E2002,14,15,0160,,,1665
E2002,14,16,0160,,,1485
E2002,14,23,0160,,,1510
E2002,14,LG,0160,,,345
E2002,18,MT,0160,,,325
E2002,18,12,0160,,,2875
E2002,18,13,0160,,,2360
E2002,18,14,0160,,,2055
E2002,18,15,0160,,,1750
E2002,18,16,0160,,,1575
E2002,18,23,0160,,,1600
E2002,18,LG,0160,,,430
E2002,PLAT,MT,0160,,,275
E2002,PLAT,12,0160,,,2820
E2002,PLAT,13,0160,,,2305
E2002,PLAT,14,0160,,,2005
E2002,PLAT,15,0160,,,1700
E2002,PLAT,16,0160,,,1520
E2002,PLAT,23,0160,,,1550
E2002,PLAT,LG,0160,,,380
E2002,09,MT,0180,,,170
E2002,09,LG,0180,,,290
E2002,14,MT,0180,,,270
E2002,14,LG,0180,,,390
E2002,18,MT,0180,,,380
E2002,18,LG,0180,,,500
E2002,PLAT,MT,0180,,,315
E2002,PLAT,LG,0180,,,435
E2002,09,MT,0200,,,200
E2002,09,LG,0200,,,415
E2002,14,MT,0200,,,320
E2002,14,LG,0200,,,535
E2002,18,MT,0200,,,450
E2002,18,LG,0200,,,665
E2002,PLAT,MT,0200,,,375
E2002,PLAT,LG,0200,,,590
E2002,09,MT,0250,,,210
E2002,09,LG,0250,,,480
E2002,14,MT,0250,,,345
E2002,14,LG,0250,,,610
E2002,18,MT,0250,,,485
E2002,18,LG,0250,,,750
E2002,PLAT,MT,0250,,,400
E2002,PLAT,LG,0250,,,670
E2002,09,MT,0300,,,235
E2002,09,LG,0300,,,575
E2002,14,MT,0300,,,385
E2002,14,LG,0300,,,725
E2002,18,MT,0300,,,545
E2002,18,LG,0300,,,890
E2002,PLAT,MT,0300,,,450
E2002,PLAT,LG,0300,,,795
E2002,09,MT,0400,,,290
E2002,09,LG,0400,,,765
E2002,14,MT,0400,,,485
E2002,14,LG,0400,,,960
E2002,18,MT,0400,,,690
E2002,18,LG,0400,,,1165
E2002,PLAT,MT,0400,,,570
E2002,PLAT,LG,0400,,,1045
E2002,09,MT,0500,,,315
E2002,09,LG,0500,,,910
E2002,14,MT,0500,,,530
E2002,14,LG,0500,,,1125
E2002,18,MT,0500,,,760
E2002,18,LG,0500,,,1350
E2002,PLAT,MT,0500,,,625
E2002,PLAT,LG,0500,,,1220
E2002,09,MT,0600,,,340
E2002,09,LG,0600,,,1050
E2002,14,MT,0600,,,575
E2002,14,LG,0600,,,1285
E2002,18,MT,0600,,,825
E2002,18,LG,0600,,,1535